// Generated by tools/generate_channel_splash.py. Do not edit manually.
#include "splash565.h"

static const uint16_t splash565_data[320 * 240] PROGMEM = {
  0x0862, 0x0862, 0x0862, 0x0862, 0x0862, 0x0862, 0x0862, 0x0862, 0x0862, 0x0862, 0x0862, 0x0862, 0x0862, 0x0862, 0x0862, 0x0862,
  0x0862, 0x0862, 0x0862, 0x0862, 0x0862, 0x0862, 0x0862, 0x0862, 0x0862, 0x0862, 0x0862, 0x0862, 0x0862, 0x0862, 0x0862, 0x0862,
  0x0862, 0x0862, 0x0862, 0x0862, 0x0862, 0x0862, 0x0862, 0x0862, 0x0862, 0x0862, 0x0862, 0x0862, 0x0862, 0x0862, 0x0862, 0x0862,
  0x0862, 0x0862, 0x0862, 0x0862, 0x0862, 0x0862, 0x0862, 0x0862, 0x0862, 0x0862, 0x0862, 0x0862, 0x0862, 0x0862, 0x0862, 0x0862,
  0x0862, 0x0862, 0x0862, 0x0862, 0x0862, 0x0862, 0x0862, 0x0862, 0x0862, 0x0862, 0x0862, 0x0862, 0x0862, 0x0862, 0x0862, 0x0862,
  0x0862, 0x0862, 0x0862, 0x0862, 0x0862, 0x0862, 0x0862, 0x0862, 0x0862, 0x0862, 0x0862, 0x0862, 0x0862, 0x0862, 0x0862, 0x0862,
  0x0862, 0x0862, 0x0862, 0x0862, 0x0862, 0x0862, 0x0862, 0x0862, 0x0862, 0x0862, 0x0862, 0x0862, 0x0862, 0x0862, 0x0862, 0x0862,
  0x0862, 0x0862, 0x0862, 0x0862, 0x0862, 0x0862, 0x0862, 0x0862, 0x0862, 0x0862, 0x0862, 0x0862, 0x0862, 0x0862, 0x0862, 0x0862,
  0x0862, 0x0862, 0x0862, 0x0862, 0x0862, 0x0862, 0x0862, 0x0862, 0x0862, 0x0862, 0x0862, 0x0862, 0x0862, 0x0862, 0x0862, 0x0862,
  0x0862, 0x0862, 0x0862, 0x0862, 0x0862, 0x0862, 0x0862, 0x0862, 0x0862, 0x0862, 0x0862, 0x0862, 0x0862, 0x0862, 0x0862, 0x0862,
  0x0862, 0x0862, 0x0862, 0x0862, 0x0862, 0x0862, 0x0862, 0x0862, 0x0862, 0x0862, 0x0862, 0x0862, 0x0862, 0x0862, 0x0862, 0x0862,
  0x0862, 0x0862, 0x0862, 0x0862, 0x0862, 0x0862, 0x0862, 0x0862, 0x0862, 0x0862, 0x0862, 0x0862, 0x0862, 0x0862, 0x0862, 0x0862,
  0x0862, 0x0862, 0x0862, 0x0862, 0x0862, 0x0862, 0x0862, 0x0862, 0x0862, 0x0862, 0x0862, 0x0862, 0x0862, 0x0862, 0x0862, 0x0862,
  0x0862, 0x0862, 0x0862, 0x0862, 0x0862, 0x0862, 0x0862, 0x0862, 0x0862, 0x0862, 0x0862, 0x0862, 0x0862, 0x0862, 0x0862, 0x0862,
  0x0862, 0x0862, 0x0862, 0x0862, 0x0862, 0x0862, 0x0862, 0x0862, 0x0862, 0x0862, 0x0862, 0x0862, 0x0862, 0x0862, 0x0862, 0x0862,
  0x0862, 0x0862, 0x0862, 0x0862, 0x0862, 0x0862, 0x0862, 0x0862, 0x0862, 0x0862, 0x0862, 0x0862, 0x0862, 0x0862, 0x0862, 0x0862,
  0x0862, 0x0862, 0x0862, 0x0862, 0x0862, 0x0862, 0x0862, 0x0862, 0x0862, 0x0862, 0x0862, 0x0862, 0x0862, 0x0862, 0x0862, 0x0862,
  0x0862, 0x0862, 0x0862, 0x0862, 0x0862, 0x0862, 0x0862, 0x0862, 0x0862, 0x0862, 0x0862, 0x0862, 0x0862, 0x0862, 0x0862, 0x0862,
  0x0862, 0x0862, 0x0862, 0x0862, 0x0862, 0x0862, 0x0862, 0x0862, 0x0862, 0x0862, 0x0862, 0x0862, 0x0862, 0x0862, 0x0862, 0x0862,
  0x0862, 0x0862, 0x0862, 0x0862, 0x0862, 0x0862, 0x0862, 0x0862, 0x0862, 0x0862, 0x0862, 0x0862, 0x0862, 0x0862, 0x0862, 0x0862,
  0x0862, 0x0862, 0x0862, 0x0862, 0x0862, 0x0862, 0x0862, 0x0862, 0x0862, 0x0862, 0x0862, 0x0862, 0x0862, 0x0862, 0x0862, 0x0862,
  0x0862, 0x0862, 0x0862, 0x0862, 0x0862, 0x0862, 0x0862, 0x0862, 0x0862, 0x0862, 0x0862, 0x0862, 0x0862, 0x0862, 0x0862, 0x0862,
  0x0862, 0x0862, 0x0862, 0x0862, 0x0862, 0x0862, 0x0862, 0x0862, 0x0862, 0x0862, 0x0862, 0x0862, 0x0862, 0x0862, 0x0862, 0x0862,
  0x0862, 0x0862, 0x0862, 0x0862, 0x0862, 0x0862, 0x0862, 0x0862, 0x0862, 0x0862, 0x0862, 0x0862, 0x0862, 0x0862, 0x0862, 0x0862,
  0x0862, 0x0862, 0x0862, 0x0862, 0x0862, 0x0862, 0x0862, 0x0862, 0x0862, 0x0862, 0x0862, 0x0862, 0x0862, 0x0862, 0x0862, 0x0862,
  0x0862, 0x0862, 0x0862, 0x0862, 0x0862, 0x0862, 0x0862, 0x0862, 0x0862, 0x0862, 0x0862, 0x0862, 0x0862, 0x0862, 0x0862, 0x0862,
  0x0862, 0x0862, 0x0862, 0x0862, 0x0862, 0x0862, 0x0862, 0x0862, 0x0862, 0x0862, 0x0862, 0x0862, 0x0862, 0x0862, 0x0862, 0x0862,
  0x0862, 0x0862, 0x0862, 0x0862, 0x0862, 0x0862, 0x0862, 0x0862, 0x0862, 0x0862, 0x0862, 0x0862, 0x0862, 0x0862, 0x0862, 0x0862,
  0x0862, 0x0862, 0x0862, 0x0862, 0x0862, 0x0862, 0x0862, 0x0862, 0x0862, 0x0862, 0x0862, 0x0862, 0x0862, 0x0862, 0x0862, 0x0862,
  0x0862, 0x0862, 0x0862, 0x0862, 0x0862, 0x0862, 0x0862, 0x0862, 0x0862, 0x0862, 0x0862, 0x0862, 0x0862, 0x0862, 0x0862, 0x0862,
  0x0862, 0x0862, 0x0862, 0x0862, 0x0862, 0x0862, 0x0862, 0x0862, 0x0862, 0x0862, 0x0862, 0x0862, 0x0862, 0x0862, 0x0862, 0x0862,
  0x0862, 0x0862, 0x0862, 0x0862, 0x0862, 0x0862, 0x0862, 0x0862, 0x0862, 0x0862, 0x0862, 0x0862, 0x0862, 0x0862, 0x0862, 0x0862,
  0x0862, 0x0862, 0x0862, 0x0862, 0x0862, 0x0862, 0x0862, 0x0862, 0x0862, 0x0862, 0x0862, 0x0862, 0x0862, 0x0862, 0x0862, 0x0862,
  0x0862, 0x0862, 0x0862, 0x0862, 0x0862, 0x0862, 0x0862, 0x0862, 0x0862, 0x0862, 0x0862, 0x0862, 0x0862, 0x0862, 0x0862, 0x0862,
  0x0862, 0x0862, 0x0862, 0x0862, 0x0862, 0x0862, 0x0862, 0x0862, 0x0862, 0x0862, 0x0862, 0x0862, 0x0862, 0x0862, 0x0862, 0x0862,
  0x0862, 0x0862, 0x0862, 0x0862, 0x0862, 0x0862, 0x0862, 0x0862, 0x0862, 0x0862, 0x0862, 0x0862, 0x0862, 0x0862, 0x0862, 0x0862,
  0x0862, 0x0862, 0x0862, 0x0862, 0x0862, 0x0862, 0x0862, 0x0862, 0x0862, 0x0862, 0x0862, 0x0862, 0x0862, 0x0862, 0x0862, 0x0862,
  0x0862, 0x0862, 0x0862, 0x0862, 0x0862, 0x0862, 0x0862, 0x0862, 0x0862, 0x0862, 0x0862, 0x0862, 0x0862, 0x0862, 0x0862, 0x0862,
  0x0862, 0x0862, 0x0862, 0x0862, 0x0862, 0x0862, 0x0862, 0x0862, 0x0862, 0x0862, 0x0862, 0x0862, 0x0862, 0x0862, 0x0862, 0x0862,
  0x0862, 0x0862, 0x0862, 0x0862, 0x0862, 0x0862, 0x0862, 0x0862, 0x0862, 0x0862, 0x0862, 0x0862, 0x0862, 0x0862, 0x0862, 0x0862,
  0x0862, 0x0862, 0x0862, 0x0862, 0x0862, 0x0862, 0x0862, 0x0862, 0x0862, 0x0862, 0x0862, 0x0862, 0x0862, 0x0862, 0x0862, 0x0862,
  0x0862, 0x0862, 0x0862, 0x0862, 0x0862, 0x0862, 0x0862, 0x0862, 0x0862, 0x0862, 0x0862, 0x0862, 0x0862, 0x0862, 0x0862, 0x0862,
  0x0862, 0x0862, 0x0862, 0x0862, 0x0862, 0x0862, 0x0862, 0x0862, 0x0862, 0x0862, 0x0862, 0x0862, 0x0862, 0x0862, 0x0862, 0x0862,
  0x0862, 0x0862, 0x0862, 0x0862, 0x0862, 0x0862, 0x0862, 0x0862, 0x0862, 0x0862, 0x0862, 0x0862, 0x0862, 0x0862, 0x0862, 0x0862,
  0x0862, 0x0862, 0x0862, 0x0862, 0x0862, 0x0862, 0x0862, 0x0862, 0x0862, 0x0862, 0x0862, 0x0862, 0x0862, 0x0862, 0x0862, 0x0862,
  0x0862, 0x0862, 0x0862, 0x0862, 0x0862, 0x0862, 0x0862, 0x0862, 0x0862, 0x0862, 0x0862, 0x0862, 0x0862, 0x0862, 0x0862, 0x0862,
  0x0862, 0x0862, 0x0862, 0x0862, 0x0862, 0x0862, 0x0862, 0x0862, 0x0862, 0x0862, 0x0862, 0x0862, 0x0862, 0x0862, 0x0862, 0x0862,
  0x0862, 0x0862, 0x0862, 0x0862, 0x0862, 0x0862, 0x0862, 0x0862, 0x0862, 0x0862, 0x0862, 0x0862, 0x0862, 0x0862, 0x0862, 0x0862,
  0x0862, 0x0862, 0x0862, 0x0862, 0x0862, 0x0862, 0x0862, 0x0862, 0x0862, 0x0862, 0x0862, 0x0862, 0x0862, 0x0862, 0x0862, 0x0862,
  0x0862, 0x0862, 0x0862, 0x0862, 0x0862, 0x0862, 0x0862, 0x0862, 0x0862, 0x0862, 0x0862, 0x0862, 0x0862, 0x0862, 0x0862, 0x0862,
  0x0862, 0x0862, 0x0862, 0x0862, 0x0862, 0x0862, 0x0862, 0x0862, 0x0862, 0x0862, 0x0862, 0x0862, 0x0862, 0x0862, 0x0862, 0x0862,
  0x0862, 0x0862, 0x0862, 0x0862, 0x0862, 0x0862, 0x0862, 0x0862, 0x0862, 0x0862, 0x0862, 0x0862, 0x0862, 0x0862, 0x0862, 0x0862,
  0x0862, 0x0862, 0x0862, 0x0862, 0x0862, 0x0862, 0x0862, 0x0862, 0x0862, 0x0862, 0x0862, 0x0862, 0x0862, 0x0862, 0x0862, 0x0862,
  0x0862, 0x0862, 0x0862, 0x0862, 0x0862, 0x0862, 0x0862, 0x0862, 0x0862, 0x0862, 0x0862, 0x0862, 0x0862, 0x0862, 0x0862, 0x0862,
  0x0862, 0x0862, 0x0862, 0x0862, 0x0862, 0x0862, 0x0862, 0x0862, 0x0862, 0x0862, 0x0862, 0x0862, 0x0862, 0x0862, 0x0862, 0x0862,
  0x0862, 0x0862, 0x0862, 0x0862, 0x0862, 0x0862, 0x0862, 0x0862, 0x0862, 0x0862, 0x0862, 0x0862, 0x0862, 0x0862, 0x0862, 0x0862,
  0x0862, 0x0862, 0x0862, 0x0862, 0x0862, 0x0862, 0x0862, 0x0862, 0x0862, 0x0862, 0x0862, 0x0862, 0x0862, 0x0862, 0x0862, 0x0862,
  0x0862, 0x0862, 0x0862, 0x0862, 0x0862, 0x0862, 0x0862, 0x0862, 0x0862, 0x0862, 0x0862, 0x0862, 0x0862, 0x0862, 0x0862, 0x0862,
  0x0862, 0x0862, 0x0862, 0x0862, 0x0862, 0x0862, 0x0862, 0x0862, 0x0862, 0x0862, 0x0862, 0x0862, 0x0862, 0x0862, 0x0862, 0x0862,
  0x0862, 0x0862, 0x0862, 0x0862, 0x0862, 0x0862, 0x0862, 0x0862, 0x0862, 0x0862, 0x0862, 0x0862, 0x0862, 0x0862, 0x0862, 0x0862,
  0x0862, 0x0862, 0x0862, 0x0862, 0x0862, 0x0862, 0x0862, 0x0862, 0x0862, 0x0862, 0x0862, 0x0862, 0x0862, 0x0862, 0x0862, 0x0862,
  0x0862, 0x0862, 0x0862, 0x0862, 0x0862, 0x0862, 0x0862, 0x0862, 0x0862, 0x0862, 0x0862, 0x0862, 0x0862, 0x0862, 0x0862, 0x0862,
  0x0862, 0x0862, 0x0862, 0x0862, 0x0862, 0x0862, 0x0862, 0x0862, 0x0862, 0x0862, 0x0862, 0x0862, 0x0862, 0x0862, 0x0862, 0x0862,
  0x0862, 0x0862, 0x0862, 0x0862, 0x0862, 0x0862, 0x0862, 0x0862, 0x0862, 0x0862, 0x0862, 0x0862, 0x0862, 0x0862, 0x0862, 0x0862,
  0x0862, 0x0862, 0x0862, 0x0862, 0x0862, 0x0862, 0x0862, 0x0862, 0x0862, 0x0862, 0x0862, 0x0862, 0x0862, 0x0862, 0x0862, 0x0862,
  0x0862, 0x0862, 0x0862, 0x0862, 0x0862, 0x0862, 0x0862, 0x0862, 0x0862, 0x0862, 0x0862, 0x0862, 0x0862, 0x0862, 0x0862, 0x0862,
  0x0862, 0x0862, 0x0862, 0x0862, 0x0862, 0x0862, 0x0862, 0x0862, 0x0862, 0x0862, 0x0862, 0x0862, 0x0862, 0x0862, 0x0862, 0x0862,
  0x0862, 0x0862, 0x0862, 0x0862, 0x0862, 0x0862, 0x0862, 0x0862, 0x0862, 0x0862, 0x0862, 0x0862, 0x0862, 0x0862, 0x0862, 0x0862,
  0x0862, 0x0862, 0x0862, 0x0862, 0x0862, 0x0862, 0x0862, 0x0862, 0x0862, 0x0862, 0x0862, 0x0862, 0x0862, 0x0862, 0x0862, 0x0862,
  0x0862, 0x0862, 0x0862, 0x0862, 0x0862, 0x0862, 0x0862, 0x0862, 0x0862, 0x0862, 0x0862, 0x0862, 0x0862, 0x0862, 0x0862, 0x0862,
  0x0862, 0x0862, 0x0862, 0x0862, 0x0862, 0x0862, 0x0862, 0x0862, 0x0862, 0x0862, 0x0862, 0x0862, 0x0862, 0x0862, 0x0862, 0x0862,
  0x0862, 0x0862, 0x0862, 0x0862, 0x0862, 0x0862, 0x0862, 0x0862, 0x0862, 0x0862, 0x0862, 0x0862, 0x0862, 0x0862, 0x0862, 0x0862,
  0x0862, 0x0862, 0x0862, 0x0862, 0x0862, 0x0862, 0x0862, 0x0862, 0x0862, 0x0862, 0x0862, 0x0862, 0x0862, 0x0862, 0x0862, 0x0862,
  0x0862, 0x0862, 0x0862, 0x0862, 0x0862, 0x0862, 0x0862, 0x0862, 0x0862, 0x0862, 0x0862, 0x0862, 0x0862, 0x0862, 0x0862, 0x0862,
  0x0862, 0x0862, 0x0862, 0x0862, 0x0862, 0x0862, 0x0862, 0x0862, 0x0862, 0x0862, 0x0862, 0x0862, 0x0862, 0x0862, 0x0862, 0x0862,
  0x0862, 0x0862, 0x0862, 0x0862, 0x0862, 0x0862, 0x0862, 0x0862, 0x0862, 0x0862, 0x0862, 0x0862, 0x0862, 0x0862, 0x0862, 0x0862,
  0x0862, 0x0862, 0x0862, 0x0862, 0x0862, 0x0862, 0x0862, 0x0862, 0x0862, 0x0862, 0x0862, 0x0862, 0x0862, 0x0862, 0x0862, 0x0862,
  0x0862, 0x0862, 0x0862, 0x0862, 0x0862, 0x0862, 0x0862, 0x0862, 0x0862, 0x0862, 0x0862, 0x0862, 0x0862, 0x0862, 0x0862, 0x0862,
  0x0862, 0x0862, 0x0862, 0x0862, 0x0862, 0x0862, 0x0862, 0x0862, 0x0862, 0x0862, 0x0862, 0x0862, 0x0862, 0x0862, 0x0862, 0x0862,
  0x0862, 0x0862, 0x0862, 0x0862, 0x0862, 0x0862, 0x0862, 0x0862, 0x0862, 0x0862, 0x0862, 0x0862, 0x0862, 0x0862, 0x0862, 0x0862,
  0x0862, 0x0862, 0x0862, 0x0862, 0x0862, 0x0862, 0x0862, 0x0862, 0x0862, 0x0862, 0x0862, 0x0862, 0x0862, 0x0862, 0x0862, 0x0862,
  0x0862, 0x0862, 0x0862, 0x0862, 0x0862, 0x0862, 0x0862, 0x0862, 0x0862, 0x0862, 0x0862, 0x0862, 0x0862, 0x0862, 0x0862, 0x0862,
  0x0862, 0x0862, 0x0862, 0x0862, 0x0862, 0x0862, 0x0862, 0x0862, 0x0862, 0x0862, 0x0862, 0x0862, 0x0862, 0x0862, 0x0862, 0x0862,
  0x0862, 0x0862, 0x0862, 0x0862, 0x0862, 0x0862, 0x0862, 0x0862, 0x0862, 0x0862, 0x0862, 0x0862, 0x0862, 0x0862, 0x0862, 0x0862,
  0x0862, 0x0862, 0x0862, 0x0862, 0x0862, 0x0862, 0x0862, 0x0862, 0x0862, 0x0862, 0x0862, 0x0862, 0x0862, 0x0862, 0x0862, 0x0862,
  0x0862, 0x0862, 0x0862, 0x0862, 0x0862, 0x0862, 0x0862, 0x0862, 0x0862, 0x0862, 0x0862, 0x0862, 0x0862, 0x0862, 0x0862, 0x0862,
  0x0862, 0x0862, 0x0862, 0x0862, 0x0862, 0x0862, 0x0862, 0x0862, 0x0862, 0x0862, 0x0862, 0x0862, 0x0862, 0x0862, 0x0862, 0x0862,
  0x0862, 0x0862, 0x0862, 0x0862, 0x0862, 0x0862, 0x0862, 0x0862, 0x0862, 0x0862, 0x0862, 0x0862, 0x0862, 0x0862, 0x0862, 0x0862,
  0x0862, 0x0862, 0x0862, 0x0862, 0x0862, 0x0862, 0x0862, 0x0862, 0x0862, 0x0862, 0x0862, 0x0862, 0x0862, 0x0862, 0x0862, 0x0862,
  0x0862, 0x0862, 0x0862, 0x0862, 0x0862, 0x0862, 0x0862, 0x0862, 0x0862, 0x0862, 0x0862, 0x0862, 0x0862, 0x0862, 0x0862, 0x0862,
  0x0862, 0x0862, 0x0862, 0x0862, 0x0862, 0x0862, 0x0862, 0x0862, 0x0862, 0x0862, 0x0862, 0x0862, 0x0862, 0x0862, 0x0862, 0x0862,
  0x0862, 0x0862, 0x0862, 0x0862, 0x0862, 0x0862, 0x0862, 0x0862, 0x0862, 0x0862, 0x0862, 0x0862, 0x0862, 0x0862, 0x0862, 0x0862,
  0x0862, 0x0862, 0x0862, 0x0862, 0x0862, 0x0862, 0x0862, 0x0862, 0x0862, 0x0862, 0x0862, 0x0862, 0x0862, 0x0862, 0x0862, 0x0862,
  0x0862, 0x0862, 0x0862, 0x0862, 0x0862, 0x0862, 0x0862, 0x0862, 0x0862, 0x0862, 0x0862, 0x0862, 0x0862, 0x0862, 0x0862, 0x0862,
  0x0862, 0x0862, 0x0862, 0x0862, 0x0862, 0x0862, 0x0862, 0x0862, 0x0862, 0x0862, 0x0862, 0x0862, 0x0862, 0x0862, 0x0862, 0x0862,
  0x0862, 0x0862, 0x0862, 0x0862, 0x0862, 0x0862, 0x0862, 0x0862, 0x0862, 0x0862, 0x0862, 0x0862, 0x0862, 0x0862, 0x0862, 0x0862,
  0x0862, 0x0862, 0x0862, 0x0862, 0x0862, 0x0862, 0x0862, 0x0862, 0x0862, 0x0862, 0x0862, 0x0862, 0x0862, 0x0862, 0x0862, 0x0862,
  0x0862, 0x0862, 0x0862, 0x0862, 0x0862, 0x0862, 0x0862, 0x0862, 0x0862, 0x0862, 0x0862, 0x0862, 0x0862, 0x0862, 0x0862, 0x0862,
  0x0862, 0x0862, 0x0862, 0x0862, 0x0862, 0x0862, 0x0862, 0x0862, 0x0862, 0x0862, 0x0862, 0x0862, 0x0862, 0x0862, 0x0862, 0x0862,
  0x0862, 0x0862, 0x0862, 0x0862, 0x0862, 0x0862, 0x0862, 0x0862, 0x0862, 0x0862, 0x0862, 0x0862, 0x0862, 0x0862, 0x0862, 0x0862,
  0x0862, 0x0862, 0x0862, 0x0862, 0x0862, 0x0862, 0x0862, 0x0862, 0x0862, 0x0862, 0x0862, 0x0862, 0x0862, 0x0862, 0x0862, 0x0862,
  0x0862, 0x0862, 0x0862, 0x0862, 0x0862, 0x0862, 0x0862, 0x0862, 0x0862, 0x0862, 0x0862, 0x0862, 0x0862, 0x0862, 0x0862, 0x0862,
  0x0862, 0x0862, 0x0862, 0x0862, 0x0862, 0x0862, 0x0862, 0x0862, 0x0862, 0x0862, 0x0862, 0x0862, 0x0862, 0x0862, 0x0862, 0x0862,
  0x0862, 0x0862, 0x0862, 0x0862, 0x0862, 0x0862, 0x0862, 0x0862, 0x0862, 0x0862, 0x0862, 0x0862, 0x0862, 0x0862, 0x0862, 0x0862,
  0x0862, 0x0862, 0x0862, 0x0862, 0x0862, 0x0862, 0x0862, 0x0862, 0x0862, 0x0862, 0x0862, 0x0862, 0x0862, 0x0862, 0x0862, 0x0862,
  0x0862, 0x0862, 0x0862, 0x0862, 0x0862, 0x0862, 0x0862, 0x0862, 0x0862, 0x0862, 0x0862, 0x0862, 0x0862, 0x0862, 0x0862, 0x0862,
  0x0862, 0x0862, 0x0862, 0x0862, 0x0862, 0x0862, 0x0862, 0x0862, 0x0862, 0x0862, 0x0862, 0x0862, 0x0862, 0x0862, 0x0862, 0x0862,
  0x0862, 0x0862, 0x0862, 0x0862, 0x0862, 0x0862, 0x0862, 0x0862, 0x0862, 0x0862, 0x0862, 0x0862, 0x0862, 0x0862, 0x0862, 0x0862,
  0x0862, 0x0862, 0x0862, 0x0862, 0x0862, 0x0862, 0x0862, 0x0862, 0x0862, 0x0862, 0x0862, 0x0862, 0x0862, 0x0862, 0x0862, 0x0862,
  0x0862, 0x0862, 0x0862, 0x0862, 0x0862, 0x0862, 0x0862, 0x0862, 0x0862, 0x0862, 0x0862, 0x0862, 0x0862, 0x0862, 0x0862, 0x0862,
  0x0862, 0x0862, 0x0862, 0x0862, 0x0862, 0x0862, 0x0862, 0x0862, 0x0862, 0x0862, 0x0862, 0x0862, 0x0862, 0x0862, 0x0862, 0x0862,
  0x0862, 0x0862, 0x0862, 0x0862, 0x0862, 0x0862, 0x0862, 0x0862, 0x0862, 0x0862, 0x0862, 0x0862, 0x0862, 0x0862, 0x0862, 0x0862,
  0x0862, 0x0862, 0x0862, 0x0862, 0x0862, 0x0862, 0x0862, 0x0862, 0x0862, 0x0862, 0x0862, 0x0862, 0x0862, 0x0862, 0x0862, 0x0862,
  0x0862, 0x0862, 0x0862, 0x0862, 0x0862, 0x0862, 0x0862, 0x0862, 0x0862, 0x0862, 0x0862, 0x0862, 0x0862, 0x0862, 0x0862, 0x0862,
  0x0862, 0x0862, 0x0862, 0x0862, 0x0862, 0x0862, 0x0862, 0x0862, 0x0862, 0x0862, 0x0862, 0x0862, 0x0862, 0x0862, 0x0862, 0x0862,
  0x0862, 0x0862, 0x0862, 0x0862, 0x0862, 0x0862, 0x0862, 0x0862, 0x0862, 0x0862, 0x0862, 0x0862, 0x0862, 0x0862, 0x0862, 0x0862,
  0x0862, 0x0862, 0x0862, 0x0862, 0x0862, 0x0862, 0x0862, 0x0862, 0x0862, 0x0862, 0x0862, 0x0862, 0x0862, 0x0862, 0x0862, 0x0862,
  0x0862, 0x0862, 0x0862, 0x0862, 0x0862, 0x0862, 0x0862, 0x0862, 0x0862, 0x0862, 0x0862, 0x0862, 0x0862, 0x0862, 0x0862, 0x0862,
  0x0862, 0x0862, 0x0862, 0x0862, 0x0862, 0x0862, 0x0862, 0x0862, 0x0862, 0x0862, 0x0862, 0x0862, 0x0862, 0x0862, 0x0862, 0x0862,
  0x0862, 0x0862, 0x0862, 0x0862, 0x0862, 0x0862, 0x0862, 0x0862, 0x0862, 0x0862, 0x0862, 0x0862, 0x0862, 0x0862, 0x0862, 0x0862,
  0x0862, 0x0862, 0x0862, 0x0862, 0x0862, 0x0862, 0x0862, 0x0862, 0x0862, 0x0862, 0x0862, 0x0862, 0x0862, 0x0862, 0x0862, 0x0862,
  0x0862, 0x0862, 0x0862, 0x0862, 0x0862, 0x0862, 0x0862, 0x0862, 0x0862, 0x0862, 0x0862, 0x0862, 0x0862, 0x0862, 0x0862, 0x0862,
  0x0862, 0x0862, 0x0862, 0x0862, 0x0862, 0x0862, 0x0862, 0x0862, 0x0862, 0x0862, 0x0862, 0x0862, 0x0862, 0x0862, 0x0862, 0x0862,
  0x0862, 0x0862, 0x0862, 0x0862, 0x0862, 0x0862, 0x0862, 0x0862, 0x0862, 0x0862, 0x0862, 0x0862, 0x0862, 0x0862, 0x0862, 0x0862,
  0x0862, 0x0862, 0x0862, 0x0862, 0x0862, 0x0862, 0x0862, 0x0862, 0x0862, 0x0862, 0x0862, 0x0862, 0x0862, 0x0862, 0x0862, 0x0862,
  0x0862, 0x0862, 0x0862, 0x0862, 0x0862, 0x0862, 0x0862, 0x0862, 0x0862, 0x0862, 0x0862, 0x0862, 0x0862, 0x0862, 0x0862, 0x0862,
  0x0862, 0x0862, 0x0862, 0x0862, 0x0862, 0x0862, 0x0862, 0x0862, 0x0862, 0x0862, 0x0862, 0x0862, 0x0862, 0x0862, 0x0862, 0x0862,
  0x0862, 0x0862, 0x0862, 0x0862, 0x0862, 0x0862, 0x0862, 0x0862, 0x0862, 0x0862, 0x0862, 0x0862, 0x0862, 0x0862, 0x0862, 0x0862,
  0x0862, 0x0862, 0x0862, 0x0862, 0x0862, 0x0862, 0x0862, 0x0862, 0x0862, 0x0862, 0x0862, 0x0862, 0x0862, 0x0862, 0x0862, 0x0862,
  0x0862, 0x0862, 0x0862, 0x0862, 0x0862, 0x0862, 0x0862, 0x0862, 0x0862, 0x0862, 0x0862, 0x0862, 0x0862, 0x0862, 0x0862, 0x0862,
  0x0862, 0x0862, 0x0862, 0x0862, 0x0862, 0x0862, 0x0862, 0x0862, 0x0862, 0x0862, 0x0862, 0x0862, 0x0862, 0x0862, 0x0862, 0x0862,
  0x0862, 0x0862, 0x0862, 0x0862, 0x0862, 0x0862, 0x0862, 0x0862, 0x0862, 0x0862, 0x0862, 0x0862, 0x0862, 0x0862, 0x0862, 0x0862,
  0x0862, 0x0862, 0x0862, 0x0862, 0x0862, 0x0862, 0x0862, 0x0862, 0x0862, 0x0862, 0x0862, 0x0862, 0x0862, 0x0862, 0x0862, 0x0862,
  0x0862, 0x0862, 0x0862, 0x0862, 0x0862, 0x0862, 0x0862, 0x0862, 0x0862, 0x0862, 0x0862, 0x0862, 0x0862, 0x0862, 0x0862, 0x0862,
  0x0862, 0x0862, 0x0862, 0x0862, 0x0862, 0x0862, 0x0862, 0x0862, 0x0862, 0x0862, 0x0862, 0x0862, 0x0862, 0x0862, 0x0862, 0x0862,
  0x0862, 0x0862, 0x0862, 0x0862, 0x0862, 0x0862, 0x0862, 0x0862, 0x0862, 0x0862, 0x0862, 0x0862, 0x0862, 0x0862, 0x0862, 0x0862,
  0x0862, 0x0862, 0x0862, 0x0862, 0x0862, 0x0862, 0x0862, 0x0862, 0x0862, 0x0862, 0x0862, 0x0862, 0x0862, 0x0862, 0x0862, 0x0862,
  0x0862, 0x0862, 0x0862, 0x0862, 0x0862, 0x0862, 0x0862, 0x0862, 0x0862, 0x0862, 0x0862, 0x0862, 0x0862, 0x0862, 0x0862, 0x0862,
  0x0862, 0x0862, 0x0862, 0x0862, 0x0862, 0x0862, 0x0862, 0x0862, 0x0862, 0x0862, 0x0862, 0x0862, 0x0862, 0x0862, 0x0862, 0x0862,
  0x0862, 0x0862, 0x0862, 0x0862, 0x0862, 0x0862, 0x0862, 0x0862, 0x0862, 0x0862, 0x0862, 0x0862, 0x0862, 0x0862, 0x0862, 0x0862,
  0x0862, 0x0862, 0x0862, 0x0862, 0x0862, 0x0862, 0x0862, 0x0862, 0x0862, 0x0862, 0x0862, 0x0862, 0x0862, 0x0862, 0x0862, 0x0862,
  0x0862, 0x0862, 0x0862, 0x0862, 0x0862, 0x0862, 0x0862, 0x0862, 0x0862, 0x0862, 0x0862, 0x0862, 0x0862, 0x0862, 0x0862, 0x0862,
  0x0862, 0x0862, 0x0862, 0x0862, 0x0862, 0x0862, 0x0862, 0x0862, 0x0862, 0x0862, 0x0862, 0x0862, 0x0862, 0x0862, 0x0862, 0x0862,
  0x0862, 0x0862, 0x0862, 0x0862, 0x0862, 0x0862, 0x0862, 0x0862, 0x0862, 0x0862, 0x0862, 0x0862, 0x0862, 0x0862, 0x0862, 0x0862,
  0x0862, 0x0862, 0x0862, 0x0862, 0x0862, 0x0862, 0x0862, 0x0862, 0x0862, 0x0862, 0x0862, 0x0862, 0x0862, 0x0862, 0x0862, 0x0862,
  0x0862, 0x0862, 0x0862, 0x0862, 0x0862, 0x0862, 0x0862, 0x0862, 0x0862, 0x0862, 0x0862, 0x0862, 0x0862, 0x0862, 0x0862, 0x0862,
  0x0862, 0x0862, 0x0862, 0x0862, 0x0862, 0x0862, 0x0862, 0x0862, 0x0862, 0x0862, 0x0862, 0x0862, 0x0862, 0x0862, 0x0862, 0x0862,
  0x0862, 0x0862, 0x0862, 0x0862, 0x0862, 0x0862, 0x0862, 0x0862, 0x0862, 0x0862, 0x0862, 0x0862, 0x0862, 0x0862, 0x0862, 0x0862,
  0x0862, 0x0862, 0x0862, 0x0862, 0x0862, 0x0862, 0x0862, 0x0862, 0x0862, 0x0862, 0x0862, 0x0862, 0x0862, 0x0862, 0x0862, 0x0862,
  0x0862, 0x0862, 0x0862, 0x0862, 0x0862, 0x0862, 0x0862, 0x0862, 0x0862, 0x0862, 0x0862, 0x0862, 0x0862, 0x0862, 0x0862, 0x0862,
  0x0862, 0x0862, 0x0862, 0x0862, 0x0862, 0x0862, 0x0862, 0x0862, 0x0862, 0x0862, 0x0862, 0x0862, 0x0862, 0x0862, 0x0862, 0x0862,
  0x0862, 0x0862, 0x0862, 0x0862, 0x0862, 0x0862, 0x0862, 0x0862, 0x0862, 0x0862, 0x0862, 0x0862, 0x0862, 0x0862, 0x0862, 0x0862,
  0x0862, 0x0862, 0x0862, 0x0862, 0x0862, 0x0862, 0x0862, 0x0862, 0x0862, 0x0862, 0x0862, 0x0862, 0x0862, 0x0862, 0x0862, 0x0862,
  0x0862, 0x0862, 0x0862, 0x0862, 0x0862, 0x0862, 0x0862, 0x0862, 0x0862, 0x0862, 0x0862, 0x0862, 0x0862, 0x0862, 0x0862, 0x0862,
  0x0862, 0x0862, 0x0862, 0x0862, 0x0862, 0x0862, 0x0862, 0x0862, 0x0862, 0x0862, 0x0862, 0x0862, 0x0862, 0x0862, 0x0862, 0x0862,
  0x0862, 0x0862, 0x0862, 0x0862, 0x0862, 0x0862, 0x0862, 0x0862, 0x0862, 0x0862, 0x0862, 0x0862, 0x0862, 0x0862, 0x0862, 0x0862,
  0x0862, 0x0862, 0x0862, 0x0862, 0x0862, 0x0862, 0x0862, 0x0862, 0x0862, 0x0862, 0x0862, 0x0862, 0x0862, 0x0862, 0x0862, 0x0862,
  0x0862, 0x0862, 0x0862, 0x0862, 0x0862, 0x0862, 0x0862, 0x0862, 0x0862, 0x0862, 0x0862, 0x0862, 0x0862, 0x0862, 0x0862, 0x0862,
  0x0862, 0x0862, 0x0862, 0x0862, 0x0862, 0x0862, 0x0862, 0x0862, 0x0862, 0x0862, 0x0862, 0x0862, 0x0862, 0x0862, 0x0862, 0x0862,
  0x0862, 0x0862, 0x0862, 0x0862, 0x0862, 0x0862, 0x0862, 0x0862, 0x0862, 0x0862, 0x0862, 0x0862, 0x0862, 0x0862, 0x0862, 0x0862,
  0x0862, 0x0862, 0x0862, 0x0862, 0x0862, 0x0862, 0x0862, 0x0862, 0x0862, 0x0862, 0x0862, 0x0862, 0x0862, 0x0862, 0x0862, 0x0862,
  0x0862, 0x0862, 0x0862, 0x0862, 0x0862, 0x0862, 0x0862, 0x0862, 0x0862, 0x0862, 0x0862, 0x0862, 0x0862, 0x0862, 0x0862, 0x0862,
  0x0862, 0x0862, 0x0862, 0x0862, 0x0862, 0x0862, 0x0862, 0x0862, 0x0862, 0x0862, 0x0862, 0x0862, 0x0862, 0x0862, 0x0862, 0x0862,
  0x0862, 0x0862, 0x0862, 0x0862, 0x0862, 0x0862, 0x0862, 0x0862, 0x0862, 0x0862, 0x0862, 0x0862, 0x0862, 0x0862, 0x0862, 0x0862,
  0x0862, 0x0862, 0x0862, 0x0862, 0x0862, 0x0862, 0x0862, 0x0862, 0x0862, 0x0862, 0x0862, 0x0862, 0x0862, 0x0862, 0x0862, 0x0862,
  0x0862, 0x0862, 0x0862, 0x0862, 0x0862, 0x0862, 0x0862, 0x0862, 0x0862, 0x0862, 0x0862, 0x0862, 0x0862, 0x0862, 0x0862, 0x0862,
  0x0862, 0x0862, 0x0862, 0x0862, 0x0862, 0x0862, 0x0862, 0x0862, 0x0862, 0x0862, 0x0862, 0x0862, 0x0862, 0x0862, 0x0862, 0x0862,
  0x0862, 0x0862, 0x0862, 0x0862, 0x0862, 0x0862, 0x0862, 0x0862, 0x0862, 0x0862, 0x0862, 0x0862, 0x0862, 0x0862, 0x0862, 0x0862,
  0x0862, 0x0862, 0x0862, 0x0862, 0x0862, 0x0862, 0x0862, 0x0862, 0x0862, 0x0862, 0x0862, 0x0862, 0x0862, 0x0862, 0x0862, 0x0862,
  0x0862, 0x0862, 0x0862, 0x0862, 0x0862, 0x0862, 0x0862, 0x0862, 0x0862, 0x0862, 0x0862, 0x0862, 0x0862, 0x0862, 0x0862, 0x0862,
  0x0862, 0x0862, 0x0862, 0x0862, 0x0862, 0x0862, 0x0862, 0x0862, 0x0862, 0x0862, 0x0862, 0x0862, 0x0862, 0x0862, 0x0862, 0x0862,
  0x0862, 0x0862, 0x0862, 0x0862, 0x0862, 0x0862, 0x0862, 0x0862, 0x0862, 0x0862, 0x0862, 0x0862, 0x0862, 0x0862, 0x0862, 0x0862,
  0x0862, 0x0862, 0x0862, 0x0862, 0x0862, 0x0862, 0x0862, 0x0862, 0x0862, 0x0862, 0x0862, 0x0862, 0x0862, 0x0862, 0x0862, 0x0862,
  0x0862, 0x0862, 0x0862, 0x0862, 0x0862, 0x0862, 0x0862, 0x0862, 0x0862, 0x0862, 0x0862, 0x0862, 0x0862, 0x0862, 0x0862, 0x0862,
  0x0862, 0x0862, 0x0862, 0x0862, 0x0862, 0x0862, 0x0862, 0x0862, 0x0862, 0x0862, 0x0862, 0x0862, 0x0862, 0x0862, 0x0862, 0x0862,
  0x0862, 0x0862, 0x0862, 0x0862, 0x0862, 0x0862, 0x0862, 0x0862, 0x0862, 0x0862, 0x0862, 0x0862, 0x0862, 0x0862, 0x0862, 0x0862,
  0x0862, 0x0862, 0x0862, 0x0862, 0x0862, 0x0862, 0x0862, 0x0862, 0x0862, 0x0862, 0x0862, 0x0862, 0x0862, 0x0862, 0x0862, 0x0862,
  0x0862, 0x0862, 0x0862, 0x0862, 0x0862, 0x0862, 0x0862, 0x0862, 0x0862, 0x0862, 0x0862, 0x0862, 0x0862, 0x0862, 0x0862, 0x0862,
  0x0862, 0x0862, 0x0862, 0x0862, 0x0862, 0x0862, 0x0862, 0x0862, 0x0862, 0x0862, 0x0862, 0x0862, 0x0862, 0x0862, 0x0862, 0x0862,
  0x0862, 0x0862, 0x0862, 0x0862, 0x0862, 0x0862, 0x0862, 0x0862, 0x0862, 0x0862, 0x0862, 0x0862, 0x0862, 0x0862, 0x0862, 0x0862,
  0x0862, 0x0862, 0x0862, 0x0862, 0x0862, 0x0862, 0x0862, 0x0862, 0x0862, 0x0862, 0x0862, 0x0862, 0x0862, 0x0862, 0x0862, 0x0862,
  0x0862, 0x0862, 0x0862, 0x0862, 0x0862, 0x0862, 0x0862, 0x0862, 0x0862, 0x0862, 0x0862, 0x0862, 0x0862, 0x0862, 0x0862, 0x0862,
  0x0862, 0x0862, 0x0862, 0x0862, 0x0862, 0x0862, 0x0862, 0x0862, 0x0862, 0x0862, 0x0862, 0x0862, 0x0862, 0x0862, 0x0862, 0x0862,
  0x0862, 0x0862, 0x0862, 0x0862, 0x0862, 0x0862, 0x0862, 0x0862, 0x0862, 0x0862, 0x0862, 0x0862, 0x0862, 0x0862, 0x0862, 0x0862,
  0x0862, 0x0862, 0x0862, 0x0862, 0x0862, 0x0862, 0x0862, 0x0862, 0x0862, 0x0862, 0x0862, 0x0862, 0x0862, 0x0862, 0x0862, 0x0862,
  0x0862, 0x0862, 0x0862, 0x0862, 0x0862, 0x0862, 0x0862, 0x0862, 0x0862, 0x0862, 0x0862, 0x0862, 0x0862, 0x0862, 0x0862, 0x0862,
  0x0862, 0x0862, 0x0862, 0x0862, 0x0862, 0x0862, 0x0862, 0x0862, 0x0862, 0x0862, 0x0862, 0x0862, 0x0862, 0x0862, 0x0862, 0x0862,
  0x0862, 0x0862, 0x0862, 0x0862, 0x0862, 0x0862, 0x0862, 0x0862, 0x0862, 0x0862, 0x0862, 0x0862, 0x0862, 0x0862, 0x0862, 0x0862,
  0x0862, 0x0862, 0x0862, 0x0862, 0x0862, 0x0862, 0x0862, 0x0862, 0x0862, 0x0862, 0x0862, 0x0862, 0x0862, 0x0862, 0x0862, 0x0862,
  0x0862, 0x0862, 0x0862, 0x0862, 0x0862, 0x0862, 0x0862, 0x0862, 0x0862, 0x0862, 0x0862, 0x0862, 0x0862, 0x0862, 0x0862, 0x0862,
  0x0862, 0x0862, 0x0862, 0x0862, 0x0862, 0x0862, 0x0862, 0x0862, 0x0862, 0x0862, 0x0862, 0x0862, 0x0862, 0x0862, 0x0862, 0x0862,
  0x0862, 0x0862, 0x0862, 0x0862, 0x0862, 0x0862, 0x0862, 0x0862, 0x0862, 0x0862, 0x0862, 0x0862, 0x0862, 0x0862, 0x0862, 0x0862,
  0x0862, 0x0862, 0x0862, 0x0862, 0x0862, 0x0862, 0x0862, 0x0862, 0x0862, 0x0862, 0x0862, 0x0862, 0x0862, 0x0862, 0x0862, 0x0862,
  0x0862, 0x0862, 0x0862, 0x0862, 0x0862, 0x0862, 0x0862, 0x0862, 0x0862, 0x0862, 0x0862, 0x0862, 0x0862, 0x0862, 0x0862, 0x0862,
  0x0862, 0x0862, 0x0862, 0x0862, 0x0862, 0x0862, 0x0862, 0x0862, 0x0862, 0x0862, 0x0862, 0x0862, 0x0862, 0x0862, 0x0862, 0x0862,
  0x0862, 0x0862, 0x0862, 0x0862, 0x0862, 0x0862, 0x0862, 0x0862, 0x0862, 0x0862, 0x0862, 0x0862, 0x0862, 0x0862, 0x0862, 0x0862,
  0x0862, 0x0862, 0x0862, 0x0862, 0x0862, 0x0862, 0x0862, 0x0862, 0x0862, 0x0862, 0x0862, 0x0862, 0x0862, 0x0862, 0x0862, 0x0862,
  0x0862, 0x0862, 0x0862, 0x0862, 0x0862, 0x0862, 0x0862, 0x0862, 0x0862, 0x0862, 0x0862, 0x0862, 0x0862, 0x0862, 0x0862, 0x0862,
  0x0862, 0x0862, 0x0862, 0x0862, 0x0862, 0x0862, 0x0862, 0x0862, 0x0862, 0x0862, 0x0862, 0x0862, 0x0862, 0x0862, 0x0862, 0x0862,
  0x0862, 0x0862, 0x0862, 0x0862, 0x0862, 0x0862, 0x0862, 0x0862, 0x0862, 0x0862, 0x0862, 0x0862, 0x0862, 0x0862, 0x0862, 0x0862,
  0x0862, 0x0862, 0x0862, 0x0862, 0x0862, 0x0862, 0x0862, 0x0862, 0x0862, 0x0862, 0x0862, 0x0862, 0x0862, 0x0862, 0x0862, 0x0862,
  0x0862, 0x0862, 0x0862, 0x0862, 0x0862, 0x0862, 0x0862, 0x0862, 0x0862, 0x0862, 0x0862, 0x0862, 0x0862, 0x0862, 0x0862, 0x0862,
  0x0862, 0x0862, 0x0862, 0x0862, 0x0862, 0x0862, 0x0862, 0x0862, 0x0862, 0x0862, 0x0862, 0x0862, 0x0862, 0x0862, 0x0862, 0x0862,
  0x0862, 0x0862, 0x0862, 0x0862, 0x0862, 0x0862, 0x0862, 0x0862, 0x0862, 0x0862, 0x0862, 0x0862, 0x0862, 0x0862, 0x0862, 0x0862,
  0x0862, 0x0862, 0x0862, 0x0862, 0x0862, 0x0862, 0x0862, 0x0862, 0x0862, 0x0862, 0x0862, 0x0862, 0x0862, 0x0862, 0x0862, 0x0862,
  0x0862, 0x0862, 0x0862, 0x0862, 0x0862, 0x0862, 0x0862, 0x0862, 0x0862, 0x0862, 0x0862, 0x0862, 0x0862, 0x0862, 0x0862, 0x0862,
  0x0862, 0x0862, 0x0862, 0x0862, 0x0862, 0x0862, 0x0862, 0x0862, 0x0862, 0x0862, 0x0862, 0x0862, 0x0862, 0x0862, 0x0862, 0x0862,
  0x0862, 0x0862, 0x0862, 0x0862, 0x0862, 0x0862, 0x0862, 0x0862, 0x0862, 0x0862, 0x0862, 0x0862, 0x0862, 0x0862, 0x0862, 0x0862,
  0x0862, 0x0862, 0x0862, 0x0862, 0x0862, 0x0862, 0x0862, 0x0862, 0x0862, 0x0862, 0x0862, 0x0862, 0x0862, 0x0862, 0x0862, 0x0862,
  0x0862, 0x0862, 0x0862, 0x0862, 0x0862, 0x0862, 0x0862, 0x0862, 0x0862, 0x0862, 0x0862, 0x0862, 0x0862, 0x0862, 0x0862, 0x0862,
  0x0862, 0x0862, 0x0862, 0x0862, 0x0862, 0x0862, 0x0862, 0x0862, 0x0862, 0x0862, 0x0862, 0x0862, 0x0862, 0x0862, 0x0862, 0x0862,
  0x0862, 0x0862, 0x0862, 0x0862, 0x0862, 0x0862, 0x0862, 0x0862, 0x0862, 0x0862, 0x0862, 0x0862, 0x0862, 0x0862, 0x0862, 0x0862,
  0x0862, 0x0862, 0x0862, 0x0862, 0x0862, 0x0862, 0x0862, 0x0862, 0x0862, 0x0862, 0x0862, 0x0862, 0x0862, 0x0862, 0x0862, 0x0862,
  0x0862, 0x0862, 0x0862, 0x0862, 0x0862, 0x0862, 0x0862, 0x0862, 0x0862, 0x0862, 0x0862, 0x0862, 0x0862, 0x0862, 0x0862, 0x0862,
  0x0862, 0x0862, 0x0862, 0x0862, 0x0862, 0x0862, 0x0862, 0x0862, 0x0862, 0x0862, 0x0862, 0x0862, 0x0862, 0x0862, 0x0862, 0x0862,
  0x0862, 0x0862, 0x0862, 0x0862, 0x0862, 0x0862, 0x0862, 0x0862, 0x0862, 0x0862, 0x0862, 0x0862, 0x0862, 0x0862, 0x0862, 0x0862,
  0x0862, 0x0862, 0x0862, 0x0862, 0x0862, 0x0862, 0x0862, 0x0862, 0x0862, 0x0862, 0x0862, 0x0862, 0x0862, 0x0862, 0x0862, 0x0862,
  0x0862, 0x0862, 0x0862, 0x0862, 0x0862, 0x0862, 0x0862, 0x0862, 0x0862, 0x0862, 0x0862, 0x0862, 0x0862, 0x0862, 0x0862, 0x0862,
  0x0862, 0x0862, 0x0862, 0x0862, 0x0862, 0x0862, 0x0862, 0x0862, 0x0862, 0x0862, 0x0862, 0x0862, 0x0862, 0x0862, 0x0862, 0x0862,
  0x0862, 0x0862, 0x0862, 0x0862, 0x0862, 0x0862, 0x0862, 0x0862, 0x0862, 0x0862, 0x0862, 0x0862, 0x0862, 0x0862, 0x0862, 0x0862,
  0x0862, 0x0862, 0x0862, 0x0862, 0x0862, 0x0862, 0x0862, 0x0862, 0x0862, 0x0862, 0x0862, 0x0862, 0x0862, 0x0862, 0x0862, 0x0862,
  0x0862, 0x0862, 0x0862, 0x0862, 0x0862, 0x0862, 0x0862, 0x0862, 0x0862, 0x0862, 0x0862, 0x0862, 0x0862, 0x0862, 0x0862, 0x0862,
  0x0862, 0x0862, 0x0862, 0x0862, 0x0862, 0x0862, 0x0862, 0x0862, 0x0862, 0x0862, 0x0862, 0x0862, 0x0862, 0x0862, 0x0862, 0x0862,
  0x0862, 0x0862, 0x0862, 0x0862, 0x0862, 0x0862, 0x0862, 0x0862, 0x0862, 0x0862, 0x0862, 0x0862, 0x0862, 0x0862, 0x0862, 0x0862,
  0x0862, 0x0862, 0x0862, 0x0862, 0x0862, 0x0862, 0x0862, 0x0862, 0x0862, 0x0862, 0x0862, 0x0862, 0x0862, 0x0862, 0x0862, 0x0862,
  0x0862, 0x0862, 0x0862, 0x0862, 0x0862, 0x0862, 0x0862, 0x0862, 0x0862, 0x0862, 0x0862, 0x0862, 0x0862, 0x0862, 0x0862, 0x0862,
  0x0862, 0x0862, 0x0862, 0x0862, 0x0862, 0x0862, 0x0862, 0x0862, 0x0862, 0x0862, 0x0862, 0x0862, 0x0862, 0x0862, 0x0862, 0x0862,
  0x0862, 0x0862, 0x0862, 0x0862, 0x0862, 0x0862, 0x0862, 0x0862, 0x0862, 0x0862, 0x0862, 0x0862, 0x0862, 0x0862, 0x0862, 0x0862,
  0x0862, 0x0862, 0x0862, 0x0862, 0x0862, 0x0862, 0x0862, 0x0862, 0x0862, 0x0862, 0x0862, 0x0862, 0x0862, 0x0862, 0x0862, 0x0862,
  0x0862, 0x0862, 0x0862, 0x0862, 0x0862, 0x0862, 0x0862, 0x0862, 0x0862, 0x0862, 0x0862, 0x0862, 0x0862, 0x0862, 0x0862, 0x0862,
  0x0862, 0x0862, 0x0862, 0x0862, 0x0862, 0x0862, 0x0862, 0x0862, 0x0862, 0x0862, 0x0862, 0x0862, 0x0862, 0x0862, 0x0862, 0x0862,
  0x0862, 0x0862, 0x0862, 0x0862, 0x0862, 0x0862, 0x0862, 0x0862, 0x0862, 0x0862, 0x0862, 0x0862, 0x0862, 0x0862, 0x0862, 0x0862,
  0x0862, 0x0862, 0x0862, 0x0862, 0x0862, 0x0862, 0x0862, 0x0862, 0x0862, 0x0862, 0x0862, 0x0862, 0x0862, 0x0862, 0x0862, 0x0862,
  0x0862, 0x0862, 0x0862, 0x0862, 0x0862, 0x0862, 0x0862, 0x0862, 0x0862, 0x0862, 0x0862, 0x0862, 0x0862, 0x0862, 0x0862, 0x0862,
  0x0862, 0x0862, 0x0862, 0x0862, 0x0862, 0x0862, 0x0862, 0x0862, 0x0862, 0x0862, 0x0862, 0x0862, 0x0862, 0x0862, 0x0862, 0x0862,
  0x0862, 0x0862, 0x0862, 0x0862, 0x0862, 0x0862, 0x0862, 0x0862, 0x0862, 0x0862, 0x0862, 0x0862, 0x0862, 0x0862, 0x0862, 0x0862,
  0x0862, 0x0862, 0x0862, 0x0862, 0x0862, 0x0862, 0x0862, 0x0862, 0x0862, 0x0862, 0x0862, 0x0862, 0x0862, 0x0862, 0x0862, 0x0862,
  0x0862, 0x0862, 0x0862, 0x0862, 0x0862, 0x0862, 0x0862, 0x0862, 0x0862, 0x0862, 0x0862, 0x0862, 0x0862, 0x0862, 0x0862, 0x0862,
  0x0862, 0x0862, 0x0862, 0x0862, 0x0862, 0x0862, 0x0862, 0x0862, 0x0862, 0x0862, 0x0862, 0x0862, 0x0862, 0x0862, 0x0862, 0x0862,
  0x0862, 0x0862, 0x0862, 0x0862, 0x0862, 0x0862, 0x0862, 0x0862, 0x0862, 0x0862, 0x0862, 0x0862, 0x0862, 0x0862, 0x0862, 0x0862,
  0x0862, 0x0862, 0x0862, 0x0862, 0x0862, 0x0862, 0x0862, 0x0862, 0x0862, 0x0862, 0x0862, 0x0862, 0x0862, 0x0862, 0x0862, 0x0862,
  0x0862, 0x0862, 0x0862, 0x0862, 0x0862, 0x0862, 0x0862, 0x0862, 0x0862, 0x0862, 0x0862, 0x0862, 0x0862, 0x0862, 0x0862, 0x0862,
  0x0862, 0x0862, 0x0862, 0x0862, 0x0862, 0x0862, 0x0862, 0x0862, 0x0862, 0x0862, 0x0862, 0x0862, 0x0862, 0x0862, 0x0862, 0x0862,
  0x0862, 0x0862, 0x0862, 0x0862, 0x0862, 0x0862, 0x0862, 0x0862, 0x0862, 0x0862, 0x0862, 0x0862, 0x0862, 0x0862, 0x0862, 0x0862,
  0x0862, 0x0862, 0x0862, 0x0862, 0x0862, 0x0862, 0x0862, 0x0862, 0x0862, 0x0862, 0x0862, 0x0862, 0x0862, 0x0862, 0x0862, 0x0862,
  0x0862, 0x0862, 0x0862, 0x0862, 0x0862, 0x0862, 0x0862, 0x0862, 0x0862, 0x0862, 0x0862, 0x0862, 0x0862, 0x0862, 0x0862, 0x0862,
  0x0862, 0x0862, 0x0862, 0x0862, 0x0862, 0x0862, 0x0862, 0x0862, 0x0862, 0x0862, 0x0862, 0x0862, 0x0862, 0x0862, 0x0862, 0x0862,
  0x0862, 0x0862, 0x0862, 0x0862, 0x0862, 0x0862, 0x0862, 0x0862, 0x0862, 0x0862, 0x0862, 0x0862, 0x0862, 0x0862, 0x0862, 0x0862,
  0x0862, 0x0862, 0x0862, 0x0862, 0x0862, 0x0862, 0x0862, 0x0862, 0x0862, 0x0862, 0x0862, 0x0862, 0x0862, 0x0862, 0x0862, 0x0862,
  0x0862, 0x0862, 0x0862, 0x0862, 0x0862, 0x0862, 0x0862, 0x0862, 0x0862, 0x0862, 0x0862, 0x0862, 0x0862, 0x0862, 0x0862, 0x0862,
  0x0862, 0x0862, 0x0862, 0x0862, 0x0862, 0x0862, 0x0862, 0x0862, 0x0862, 0x0862, 0x0862, 0x0862, 0x0862, 0x0862, 0x0862, 0x0862,
  0x0862, 0x0862, 0x0862, 0x0862, 0x0862, 0x0862, 0x0862, 0x0862, 0x0862, 0x0862, 0x0862, 0x0862, 0x0862, 0x0862, 0x0862, 0x0862,
  0x0862, 0x0862, 0x0862, 0x0862, 0x0862, 0x0862, 0x0862, 0x0862, 0x0862, 0x0862, 0x0862, 0x0862, 0x0862, 0x0862, 0x0862, 0x0862,
  0x0862, 0x0862, 0x0862, 0x0862, 0x0862, 0x0862, 0x0862, 0x0862, 0x0862, 0x0862, 0x0862, 0x0862, 0x0862, 0x0862, 0x0862, 0x0862,
  0x0862, 0x0862, 0x0862, 0x0862, 0x0862, 0x0862, 0x0862, 0x0862, 0x0862, 0x0862, 0x0862, 0x0862, 0x0862, 0x0862, 0x0862, 0x0862,
  0x0862, 0x0862, 0x0862, 0x0862, 0x0862, 0x0862, 0x0862, 0x0862, 0x0862, 0x0862, 0x0862, 0x0862, 0x0862, 0x0862, 0x0862, 0x0862,
  0x0862, 0x0862, 0x0862, 0x0862, 0x0862, 0x0862, 0x0862, 0x0862, 0x0862, 0x0862, 0x0862, 0x0862, 0x0862, 0x0862, 0x0862, 0x0862,
  0x0862, 0x0862, 0x0862, 0x0862, 0x0862, 0x0862, 0x0862, 0x0862, 0x0862, 0x0862, 0x0862, 0x0862, 0x0862, 0x0862, 0x0862, 0x0862,
  0x0862, 0x0862, 0x0862, 0x0862, 0x0862, 0x0862, 0x0862, 0x0862, 0x0862, 0x0862, 0x0862, 0x0862, 0x0862, 0x0862, 0x0862, 0x0862,
  0x0862, 0x0862, 0x0862, 0x0862, 0x0862, 0x0862, 0x0862, 0x0862, 0x0862, 0x0862, 0x0862, 0x0862, 0x0862, 0x0862, 0x0862, 0x0862,
  0x0862, 0x0862, 0x0862, 0x0862, 0x0862, 0x0862, 0x0862, 0x0862, 0x0862, 0x0862, 0x0862, 0x0862, 0x0862, 0x0862, 0x0862, 0x0862,
  0x0862, 0x0862, 0x0862, 0x0862, 0x0862, 0x0862, 0x0862, 0x0862, 0x0862, 0x0862, 0x0862, 0x0862, 0x0862, 0x0862, 0x0862, 0x0862,
  0x0862, 0x0862, 0x0862, 0x0862, 0x0862, 0x0862, 0x0862, 0x0862, 0x0862, 0x0862, 0x0862, 0x0862, 0x0862, 0x0862, 0x0862, 0x0862,
  0x0862, 0x0862, 0x0862, 0x0862, 0x0862, 0x0862, 0x0862, 0x0862, 0x0862, 0x0862, 0x0862, 0x0862, 0x0862, 0x0862, 0x0862, 0x0862,
  0x0862, 0x0862, 0x0862, 0x0862, 0x0862, 0x0862, 0x0862, 0x0862, 0x0862, 0x0862, 0x0862, 0x0862, 0x0862, 0x0862, 0x0862, 0x0862,
  0x0862, 0x0862, 0x0862, 0x0862, 0x0862, 0x0862, 0x0862, 0x0862, 0x0862, 0x0862, 0x0862, 0x0862, 0x0862, 0x0862, 0x0862, 0x0862,
  0x0862, 0x0862, 0x0862, 0x0862, 0x0862, 0x0862, 0x0862, 0x0862, 0x0862, 0x0862, 0x0862, 0x0862, 0x0862, 0x0862, 0x0862, 0x0862,
  0x0862, 0x0862, 0x0862, 0x0862, 0x0862, 0x0862, 0x0862, 0x0862, 0x0862, 0x0862, 0x0862, 0x0862, 0x0862, 0x0862, 0x0862, 0x0862,
  0x0862, 0x0862, 0x0862, 0x0862, 0x0862, 0x0862, 0x0862, 0x0862, 0x0862, 0x0862, 0x0862, 0x0862, 0x0862, 0x0862, 0x0862, 0x0862,
  0x0862, 0x0862, 0x0862, 0x0862, 0x0862, 0x0862, 0x0862, 0x0862, 0x0862, 0x0862, 0x0862, 0x0862, 0x0862, 0x0862, 0x0862, 0x0862,
  0x0862, 0x0862, 0x0862, 0x0862, 0x0862, 0x0862, 0x0862, 0x0862, 0x0862, 0x0862, 0x0862, 0x0862, 0x0862, 0x0862, 0x0862, 0x0862,
  0x0862, 0x0862, 0x0862, 0x0862, 0x0862, 0x0862, 0x0862, 0x0862, 0x0862, 0x0862, 0x0862, 0x0862, 0x0862, 0x0862, 0x0862, 0x0862,
  0x0862, 0x0862, 0x0862, 0x0862, 0x0862, 0x0862, 0x0862, 0x0862, 0x0862, 0x0862, 0x0862, 0x0862, 0x0862, 0x0862, 0x0862, 0x0862,
  0x0862, 0x0862, 0x0862, 0x0862, 0x0862, 0x0862, 0x0862, 0x0862, 0x0862, 0x0862, 0x0862, 0x0862, 0x0862, 0x0862, 0x0862, 0x0862,
  0x0862, 0x0862, 0x0862, 0x0862, 0x0862, 0x0862, 0x0862, 0x0862, 0x0862, 0x0862, 0x0862, 0x0862, 0x0862, 0x0862, 0x0862, 0x0862,
  0x0862, 0x0862, 0x0862, 0x0862, 0x0862, 0x0862, 0x0862, 0x0862, 0x0862, 0x0862, 0x0862, 0x0862, 0x0862, 0x0862, 0x0862, 0x0862,
  0x0862, 0x0862, 0x0862, 0x0862, 0x0862, 0x0862, 0x0862, 0x0862, 0x0862, 0x0862, 0x0862, 0x0862, 0x0862, 0x0862, 0x0862, 0x0862,
  0x0862, 0x0862, 0x0862, 0x0862, 0x0862, 0x0862, 0x0862, 0x0862, 0x0862, 0x0862, 0x0862, 0x0862, 0x0862, 0x0862, 0x0862, 0x0862,
  0x0862, 0x0862, 0x0862, 0x0862, 0x0862, 0x0862, 0x0862, 0x0862, 0x0862, 0x0862, 0x0862, 0x0862, 0x0862, 0x0862, 0x0862, 0x0862,
  0x0862, 0x0862, 0x0862, 0x0862, 0x0862, 0x0862, 0x0862, 0x0862, 0x0862, 0x0862, 0x0862, 0x0862, 0x0862, 0x0862, 0x0862, 0x0862,
  0x0862, 0x0862, 0x0862, 0x0862, 0x0862, 0x0862, 0x0862, 0x0862, 0x0862, 0x0862, 0x0862, 0x0862, 0x0862, 0x0862, 0x0862, 0x0862,
  0x0862, 0x0862, 0x0862, 0x0862, 0x0862, 0x0862, 0x0862, 0x0862, 0x0862, 0x0862, 0x0862, 0x0862, 0x0862, 0x0862, 0x0862, 0x0862,
  0x0862, 0x0862, 0x0862, 0x0862, 0x0862, 0x0862, 0x0862, 0x0862, 0x0862, 0x0862, 0x0862, 0x0862, 0x0862, 0x0862, 0x0862, 0x0862,
  0x0862, 0x0862, 0x0862, 0x0862, 0x0862, 0x0862, 0x0862, 0x0862, 0x0862, 0x0862, 0x0862, 0x0862, 0x0862, 0x0862, 0x0862, 0x0862,
  0x0862, 0x0862, 0x0862, 0x0862, 0x0862, 0x0862, 0x0862, 0x0862, 0x0862, 0x0862, 0x0862, 0x0862, 0x0862, 0x0862, 0x0862, 0x0862,
  0x0862, 0x0862, 0x0862, 0x0862, 0x0862, 0x0862, 0x0862, 0x0862, 0x0862, 0x0862, 0x0862, 0x0862, 0x0862, 0x0862, 0x0862, 0x0862,
  0x0862, 0x0862, 0x0862, 0x0862, 0x0862, 0x0862, 0x0862, 0x0862, 0x0862, 0x0862, 0x0862, 0x0862, 0x0862, 0x0862, 0x0862, 0x0862,
  0x0862, 0x0862, 0x0862, 0x0862, 0x0862, 0x0862, 0x0862, 0x0862, 0x0862, 0x0862, 0x0862, 0x0862, 0x0862, 0x0862, 0x1062, 0x1062,
  0x1062, 0x0862, 0x0862, 0x0862, 0x0862, 0x0862, 0x0862, 0x0862, 0x0862, 0x0862, 0x0862, 0x0862, 0x0862, 0x0862, 0x0862, 0x0862,
  0x0862, 0x0862, 0x0862, 0x0862, 0x0862, 0x0862, 0x0862, 0x0862, 0x0862, 0x0862, 0x0862, 0x0862, 0x0862, 0x0862, 0x0862, 0x0862,
  0x0862, 0x0862, 0x0862, 0x0862, 0x0862, 0x0862, 0x0862, 0x0862, 0x0862, 0x0862, 0x0862, 0x0862, 0x0862, 0x0862, 0x0862, 0x0862,
  0x0862, 0x0862, 0x0862, 0x0862, 0x0862, 0x0862, 0x0862, 0x0862, 0x0862, 0x0862, 0x0862, 0x0862, 0x0862, 0x0862, 0x0862, 0x0862,
  0x0862, 0x0862, 0x0862, 0x0862, 0x0862, 0x0862, 0x0862, 0x0862, 0x0862, 0x0862, 0x0862, 0x0862, 0x0862, 0x0862, 0x0862, 0x0862,
  0x0862, 0x0862, 0x0862, 0x0862, 0x0862, 0x0862, 0x0862, 0x0862, 0x0862, 0x0862, 0x0862, 0x0862, 0x0862, 0x0862, 0x0862, 0x0862,
  0x0862, 0x0862, 0x0862, 0x0862, 0x0862, 0x0862, 0x0862, 0x0862, 0x0862, 0x0862, 0x0862, 0x0862, 0x0862, 0x0862, 0x0862, 0x0862,
  0x0862, 0x0862, 0x0862, 0x0862, 0x0862, 0x0862, 0x0862, 0x0862, 0x0862, 0x0862, 0x0862, 0x0862, 0x0862, 0x0862, 0x0862, 0x0862,
  0x0862, 0x0862, 0x0862, 0x0862, 0x0862, 0x0862, 0x0862, 0x0862, 0x0862, 0x0862, 0x0862, 0x0862, 0x0862, 0x0862, 0x0862, 0x0862,
  0x0862, 0x0862, 0x0862, 0x0862, 0x0862, 0x0862, 0x0862, 0x0862, 0x0862, 0x0862, 0x0862, 0x0862, 0x0862, 0x0862, 0x0862, 0x0862,
  0x0862, 0x0862, 0x0862, 0x0862, 0x0862, 0x0862, 0x0862, 0x0862, 0x0862, 0x0862, 0x0862, 0x0862, 0x0862, 0x0862, 0x0862, 0x0862,
  0x0862, 0x0862, 0x0862, 0x0862, 0x0862, 0x0862, 0x0862, 0x0862, 0x0862, 0x0862, 0x0862, 0x0862, 0x0862, 0x0862, 0x0862, 0x0862,
  0x0862, 0x0862, 0x0862, 0x0862, 0x0862, 0x0862, 0x0862, 0x0862, 0x0862, 0x0862, 0x0862, 0x0862, 0x0862, 0x0862, 0x0862, 0x0862,
  0x0862, 0x0862, 0x0862, 0x0862, 0x0862, 0x0862, 0x0862, 0x0862, 0x0862, 0x0862, 0x0862, 0x0862, 0x0862, 0x0862, 0x0862, 0x0862,
  0x0862, 0x0862, 0x0862, 0x0862, 0x0862, 0x0862, 0x0862, 0x0862, 0x0862, 0x0862, 0x0862, 0x0862, 0x0862, 0x0862, 0x0862, 0x0862,
  0x0862, 0x0862, 0x0862, 0x0862, 0x0862, 0x0862, 0x0862, 0x0862, 0x0862, 0x0862, 0x0862, 0x0862, 0x0862, 0x0862, 0x0862, 0x0862,
  0x0862, 0x0862, 0x0862, 0x0862, 0x0862, 0x0862, 0x0862, 0x0862, 0x0862, 0x0862, 0x0862, 0x0862, 0x0862, 0x0862, 0x0862, 0x0862,
  0x0862, 0x0862, 0x0862, 0x0862, 0x0862, 0x0862, 0x0862, 0x0862, 0x0862, 0x0862, 0x0862, 0x0862, 0x0862, 0x0862, 0x0862, 0x0862,
  0x0862, 0x0862, 0x0862, 0x0862, 0x0862, 0x0862, 0x0862, 0x0862, 0x0862, 0x0862, 0x0862, 0x0862, 0x0862, 0x0862, 0x0862, 0x0862,
  0x0862, 0x0862, 0x0862, 0x0862, 0x0862, 0x0862, 0x0862, 0x1062, 0x1062, 0x1062, 0x1062, 0x1062, 0x1062, 0x1062, 0x1062, 0x1062,
  0x1062, 0x1062, 0x1062, 0x0862, 0x0862, 0x0862, 0x0862, 0x0862, 0x0862, 0x0862, 0x0862, 0x0862, 0x0862, 0x0862, 0x0862, 0x0862,
  0x0862, 0x0862, 0x0862, 0x0862, 0x0862, 0x0862, 0x0862, 0x0862, 0x0862, 0x0862, 0x0862, 0x0862, 0x0862, 0x0862, 0x0862, 0x0862,
  0x0862, 0x0862, 0x0862, 0x0862, 0x0862, 0x0862, 0x0862, 0x0862, 0x0862, 0x0862, 0x0862, 0x0862, 0x0862, 0x0862, 0x0862, 0x0862,
  0x0862, 0x0862, 0x0862, 0x0862, 0x0862, 0x0862, 0x0862, 0x0862, 0x0862, 0x0862, 0x0862, 0x0862, 0x0862, 0x0862, 0x0862, 0x0862,
  0x0862, 0x0862, 0x0862, 0x0862, 0x0862, 0x0862, 0x0862, 0x0862, 0x0862, 0x0862, 0x0862, 0x0862, 0x0862, 0x0862, 0x0862, 0x0862,
  0x0862, 0x0862, 0x0862, 0x0862, 0x0862, 0x0862, 0x0862, 0x0862, 0x0862, 0x0862, 0x0862, 0x0862, 0x0862, 0x0862, 0x0862, 0x0862,
  0x0862, 0x0862, 0x0862, 0x0862, 0x0862, 0x0862, 0x0862, 0x0862, 0x0862, 0x0862, 0x0862, 0x0862, 0x0862, 0x0862, 0x0862, 0x0862,
  0x0862, 0x0862, 0x0862, 0x0862, 0x0862, 0x0862, 0x0862, 0x0862, 0x0862, 0x0862, 0x0862, 0x0862, 0x0862, 0x0862, 0x0862, 0x0862,
  0x0862, 0x0862, 0x0862, 0x0862, 0x0862, 0x0862, 0x0862, 0x0862, 0x0862, 0x0862, 0x0862, 0x0862, 0x0862, 0x0862, 0x0862, 0x0862,
  0x0862, 0x0862, 0x0862, 0x0862, 0x0862, 0x0862, 0x0862, 0x0862, 0x0862, 0x0862, 0x0862, 0x0862, 0x0862, 0x0862, 0x0862, 0x0862,
  0x0862, 0x0862, 0x0862, 0x0862, 0x0862, 0x0862, 0x0862, 0x0862, 0x0862, 0x0862, 0x0862, 0x0862, 0x0862, 0x0862, 0x0862, 0x0862,
  0x0862, 0x0862, 0x0862, 0x0862, 0x0862, 0x0862, 0x0862, 0x0862, 0x0862, 0x0862, 0x0862, 0x0862, 0x0862, 0x0862, 0x0862, 0x0862,
  0x0862, 0x0862, 0x0862, 0x0862, 0x0862, 0x0862, 0x0862, 0x0862, 0x0862, 0x0862, 0x0862, 0x0862, 0x0862, 0x0862, 0x0862, 0x0862,
  0x0862, 0x0862, 0x0862, 0x0862, 0x0862, 0x0862, 0x0862, 0x0862, 0x0862, 0x0862, 0x0862, 0x0862, 0x0862, 0x0862, 0x0862, 0x0862,
  0x0862, 0x0862, 0x0862, 0x0862, 0x0862, 0x0862, 0x0862, 0x0862, 0x0862, 0x0862, 0x0862, 0x0862, 0x0862, 0x0862, 0x0862, 0x0862,
  0x0862, 0x0862, 0x0862, 0x0862, 0x0862, 0x0862, 0x0862, 0x0862, 0x0862, 0x0862, 0x0862, 0x0862, 0x0862, 0x0862, 0x0862, 0x0862,
  0x0862, 0x0862, 0x0862, 0x0862, 0x0862, 0x0862, 0x0862, 0x0862, 0x0862, 0x0862, 0x0862, 0x0862, 0x0862, 0x0862, 0x0862, 0x0862,
  0x0862, 0x0862, 0x0862, 0x0862, 0x0862, 0x0862, 0x0862, 0x0862, 0x0862, 0x0862, 0x0862, 0x0862, 0x0862, 0x0862, 0x0862, 0x0862,
  0x0862, 0x0862, 0x0862, 0x0862, 0x0862, 0x0862, 0x0862, 0x0862, 0x0862, 0x0862, 0x0862, 0x0862, 0x0862, 0x0862, 0x0862, 0x0862,
  0x0862, 0x0862, 0x0862, 0x0862, 0x1062, 0x1062, 0x1062, 0x1062, 0x1062, 0x1062, 0x1062, 0x1062, 0x1062, 0x1062, 0x1062, 0x1062,
  0x1062, 0x1062, 0x1062, 0x0862, 0x0862, 0x0862, 0x0862, 0x0862, 0x0862, 0x0862, 0x0862, 0x0862, 0x0862, 0x0862, 0x0862, 0x0862,
  0x0862, 0x0862, 0x0862, 0x0862, 0x0862, 0x0862, 0x0862, 0x0862, 0x0862, 0x0862, 0x0862, 0x0862, 0x0862, 0x0862, 0x0862, 0x0862,
  0x0862, 0x0862, 0x0862, 0x0862, 0x0862, 0x0862, 0x0862, 0x0862, 0x0862, 0x0862, 0x0862, 0x0862, 0x0862, 0x0862, 0x0862, 0x0862,
  0x0862, 0x0862, 0x0862, 0x0862, 0x0862, 0x0862, 0x0862, 0x0862, 0x0862, 0x0862, 0x0862, 0x0862, 0x0862, 0x0862, 0x0862, 0x0862,
  0x0862, 0x0862, 0x0862, 0x0862, 0x0862, 0x0862, 0x0862, 0x0862, 0x0862, 0x0862, 0x0862, 0x0862, 0x0862, 0x0862, 0x0862, 0x0862,
  0x0862, 0x0862, 0x0862, 0x0862, 0x0862, 0x0862, 0x0862, 0x0862, 0x0862, 0x0862, 0x0862, 0x0862, 0x0862, 0x0862, 0x0862, 0x0862,
  0x0862, 0x0862, 0x0862, 0x0862, 0x0862, 0x0862, 0x0862, 0x0862, 0x0862, 0x0862, 0x0862, 0x0862, 0x0862, 0x0862, 0x0862, 0x0862,
  0x0862, 0x0862, 0x0862, 0x0862, 0x0862, 0x0862, 0x0862, 0x0862, 0x0862, 0x0862, 0x0862, 0x0862, 0x0862, 0x0862, 0x0862, 0x0862,
  0x0862, 0x0862, 0x0862, 0x0862, 0x0862, 0x0862, 0x0862, 0x0862, 0x0862, 0x0862, 0x0862, 0x0862, 0x0862, 0x0862, 0x0862, 0x0862,
  0x0862, 0x0862, 0x0862, 0x0862, 0x0862, 0x0862, 0x0862, 0x0862, 0x0862, 0x0862, 0x0862, 0x0862, 0x0862, 0x0862, 0x0862, 0x0862,
  0x0862, 0x0862, 0x0862, 0x0862, 0x0862, 0x0862, 0x0862, 0x0862, 0x0862, 0x0862, 0x0862, 0x0862, 0x0862, 0x0862, 0x0862, 0x0862,
  0x0862, 0x0862, 0x0862, 0x0862, 0x0862, 0x0862, 0x0862, 0x0862, 0x0862, 0x0862, 0x0862, 0x0862, 0x0862, 0x0862, 0x0862, 0x0862,
  0x0862, 0x0862, 0x0862, 0x0862, 0x0862, 0x0862, 0x0862, 0x0862, 0x0862, 0x0862, 0x0862, 0x0862, 0x0862, 0x0862, 0x0862, 0x0862,
  0x0862, 0x0862, 0x0862, 0x0862, 0x0862, 0x0862, 0x0862, 0x0862, 0x0862, 0x0862, 0x0862, 0x0862, 0x0862, 0x0862, 0x0862, 0x0862,
  0x0862, 0x0862, 0x0862, 0x0862, 0x0862, 0x0862, 0x0862, 0x0862, 0x0862, 0x0862, 0x0862, 0x0862, 0x0862, 0x0862, 0x0862, 0x0862,
  0x0862, 0x0862, 0x0862, 0x0862, 0x0862, 0x0862, 0x0862, 0x0862, 0x0862, 0x0862, 0x0862, 0x0862, 0x0862, 0x0862, 0x0862, 0x0862,
  0x0862, 0x0862, 0x0862, 0x0862, 0x0862, 0x0862, 0x0862, 0x0862, 0x0862, 0x0862, 0x0862, 0x0862, 0x0862, 0x0862, 0x0862, 0x0862,
  0x0862, 0x0862, 0x0862, 0x0862, 0x0862, 0x0862, 0x0862, 0x0862, 0x0862, 0x0862, 0x0862, 0x0862, 0x0862, 0x0862, 0x0862, 0x0862,
  0x0862, 0x0862, 0x0862, 0x0862, 0x0862, 0x0862, 0x0862, 0x0862, 0x0862, 0x0862, 0x0862, 0x0862, 0x0862, 0x0862, 0x0862, 0x0862,
  0x0862, 0x1062, 0x1062, 0x1062, 0x1062, 0x1062, 0x1062, 0x1062, 0x1062, 0x1062, 0x1062, 0x1062, 0x1062, 0x1062, 0x1062, 0x1062,
  0x1062, 0x1062, 0x1062, 0x1062, 0x1062, 0x0862, 0x0862, 0x0862, 0x0862, 0x0862, 0x0862, 0x0862, 0x0862, 0x0862, 0x0862, 0x0862,
  0x0862, 0x0862, 0x0862, 0x0862, 0x0862, 0x0862, 0x0862, 0x0862, 0x0862, 0x0862, 0x0862, 0x0862, 0x0862, 0x0862, 0x0862, 0x0862,
  0x0862, 0x0862, 0x0862, 0x0862, 0x0862, 0x0862, 0x0862, 0x0862, 0x0862, 0x0862, 0x0862, 0x0862, 0x0862, 0x0862, 0x0862, 0x0862,
  0x0862, 0x0862, 0x0862, 0x0862, 0x0862, 0x0862, 0x0862, 0x0862, 0x0862, 0x0862, 0x0862, 0x0862, 0x0862, 0x0862, 0x0862, 0x0862,
  0x0862, 0x0862, 0x0862, 0x0862, 0x0862, 0x0862, 0x0862, 0x0862, 0x0862, 0x0862, 0x0862, 0x0862, 0x0862, 0x0862, 0x0862, 0x0862,
  0x0862, 0x0862, 0x0862, 0x0862, 0x0862, 0x0862, 0x0862, 0x0862, 0x0862, 0x0862, 0x0862, 0x0862, 0x0862, 0x0862, 0x0862, 0x0862,
  0x0862, 0x0862, 0x0862, 0x0862, 0x0862, 0x0862, 0x0862, 0x0862, 0x0862, 0x0862, 0x0862, 0x0862, 0x0862, 0x0862, 0x0862, 0x0862,
  0x0862, 0x0862, 0x0862, 0x0862, 0x0862, 0x0862, 0x0862, 0x0862, 0x0862, 0x0862, 0x0862, 0x0862, 0x0862, 0x0862, 0x0862, 0x0862,
  0x0862, 0x0862, 0x0862, 0x0862, 0x0862, 0x0862, 0x0862, 0x0862, 0x0862, 0x0862, 0x0862, 0x0862, 0x0862, 0x0862, 0x0862, 0x0862,
  0x0862, 0x0862, 0x0862, 0x0862, 0x0862, 0x0862, 0x0862, 0x0862, 0x0862, 0x0862, 0x0862, 0x0862, 0x0862, 0x0862, 0x0862, 0x0862,
  0x0862, 0x0862, 0x0862, 0x0862, 0x0862, 0x0862, 0x0862, 0x0862, 0x0862, 0x0862, 0x0862, 0x0862, 0x0862, 0x0862, 0x0862, 0x0862,
  0x0862, 0x0862, 0x0862, 0x0862, 0x0862, 0x0862, 0x0862, 0x0862, 0x0862, 0x0862, 0x0862, 0x0862, 0x0862, 0x0862, 0x0862, 0x0862,
  0x0862, 0x0862, 0x0862, 0x0862, 0x0862, 0x0862, 0x0862, 0x0862, 0x0862, 0x0862, 0x0862, 0x0862, 0x0862, 0x0862, 0x0862, 0x0862,
  0x0862, 0x0862, 0x0862, 0x0862, 0x0862, 0x0862, 0x0862, 0x0862, 0x0862, 0x0862, 0x0862, 0x0862, 0x0862, 0x0862, 0x0862, 0x0862,
  0x0862, 0x0862, 0x0862, 0x0862, 0x0862, 0x0862, 0x0862, 0x0862, 0x0862, 0x0862, 0x0862, 0x0862, 0x0862, 0x0862, 0x0862, 0x0862,
  0x0862, 0x0862, 0x0862, 0x0862, 0x0862, 0x0862, 0x0862, 0x0862, 0x0862, 0x0862, 0x0862, 0x0862, 0x0862, 0x0862, 0x0862, 0x0862,
  0x0862, 0x0862, 0x0862, 0x0862, 0x0862, 0x0862, 0x0862, 0x0862, 0x0862, 0x0862, 0x0862, 0x0862, 0x0862, 0x0862, 0x0862, 0x0862,
  0x0862, 0x0862, 0x0862, 0x0862, 0x0862, 0x0862, 0x0862, 0x0862, 0x0862, 0x0862, 0x0862, 0x0862, 0x0862, 0x0862, 0x0862, 0x0862,
  0x0862, 0x0862, 0x0862, 0x0862, 0x0862, 0x0862, 0x0862, 0x0862, 0x0862, 0x0862, 0x0862, 0x1062, 0x1062, 0x1062, 0x1062, 0x1062,
  0x1062, 0x1062, 0x1062, 0x1062, 0x1062, 0x1062, 0x1062, 0x1862, 0x1862, 0x1862, 0x1062, 0x1062, 0x1062, 0x1062, 0x1062, 0x1062,
  0x1062, 0x1062, 0x1062, 0x1062, 0x0862, 0x0862, 0x0862, 0x0862, 0x0862, 0x0862, 0x0862, 0x0862, 0x0862, 0x0862, 0x0862, 0x0862,
  0x0862, 0x0862, 0x0862, 0x0862, 0x0862, 0x0862, 0x0862, 0x0862, 0x0862, 0x0862, 0x0862, 0x0862, 0x0862, 0x0862, 0x0862, 0x0862,
  0x0862, 0x0862, 0x0862, 0x0862, 0x0862, 0x0862, 0x0862, 0x0862, 0x0862, 0x0862, 0x0862, 0x1062, 0x1062, 0x1062, 0x1062, 0x1062,
  0x1062, 0x1062, 0x1062, 0x1062, 0x0862, 0x0862, 0x0862, 0x0862, 0x0862, 0x0862, 0x0862, 0x0862, 0x0862, 0x0862, 0x0862, 0x0862,
  0x0862, 0x0862, 0x0862, 0x0862, 0x0862, 0x0862, 0x0862, 0x0862, 0x0862, 0x0862, 0x0862, 0x0862, 0x0862, 0x0862, 0x0862, 0x0862,
  0x0862, 0x0862, 0x0862, 0x0862, 0x0862, 0x0862, 0x0862, 0x0862, 0x0862, 0x0862, 0x0862, 0x0862, 0x0862, 0x0862, 0x0862, 0x0862,
  0x0862, 0x0862, 0x0862, 0x0862, 0x0862, 0x0862, 0x0862, 0x0862, 0x0862, 0x0862, 0x0862, 0x0862, 0x0862, 0x0862, 0x0862, 0x0862,
  0x0862, 0x0862, 0x0862, 0x0862, 0x0862, 0x0862, 0x0862, 0x0862, 0x0862, 0x0862, 0x0862, 0x0862, 0x0862, 0x0862, 0x0862, 0x0862,
  0x0862, 0x0862, 0x0862, 0x0862, 0x0862, 0x0862, 0x0862, 0x0862, 0x0862, 0x0862, 0x0862, 0x0862, 0x0862, 0x0862, 0x0862, 0x0862,
  0x0862, 0x0862, 0x0862, 0x0862, 0x0862, 0x0862, 0x0862, 0x0862, 0x0862, 0x0862, 0x0862, 0x0862, 0x0862, 0x0862, 0x0862, 0x0862,
  0x0862, 0x0862, 0x0862, 0x0862, 0x0862, 0x0862, 0x0862, 0x0862, 0x0862, 0x0862, 0x0862, 0x0862, 0x0862, 0x0862, 0x0862, 0x0862,
  0x0862, 0x0862, 0x0862, 0x0862, 0x0862, 0x0862, 0x0862, 0x0862, 0x0862, 0x0862, 0x0862, 0x0862, 0x0862, 0x0862, 0x0862, 0x0862,
  0x0862, 0x0862, 0x0862, 0x0862, 0x0862, 0x0862, 0x0862, 0x0862, 0x0862, 0x0862, 0x0862, 0x0862, 0x0862, 0x0862, 0x0862, 0x0862,
  0x0862, 0x0862, 0x0862, 0x0862, 0x0862, 0x0862, 0x0862, 0x0862, 0x0862, 0x0862, 0x0862, 0x0862, 0x0862, 0x0862, 0x0862, 0x0862,
  0x0862, 0x0862, 0x0862, 0x0862, 0x0862, 0x0862, 0x0862, 0x0862, 0x0862, 0x0862, 0x0862, 0x0862, 0x0862, 0x0862, 0x0862, 0x0862,
  0x0862, 0x0862, 0x0862, 0x0862, 0x0862, 0x0862, 0x0862, 0x0862, 0x0862, 0x0862, 0x0862, 0x0862, 0x0862, 0x0862, 0x0862, 0x0862,
  0x0862, 0x0862, 0x0862, 0x0862, 0x0862, 0x0862, 0x0862, 0x0862, 0x0862, 0x0862, 0x0862, 0x0862, 0x0862, 0x0862, 0x0862, 0x0862,
  0x0862, 0x0862, 0x0862, 0x0862, 0x0862, 0x0862, 0x0862, 0x0862, 0x0862, 0x0862, 0x0862, 0x0862, 0x0862, 0x0862, 0x0862, 0x0862,
  0x0862, 0x0862, 0x0862, 0x0862, 0x0862, 0x0862, 0x0862, 0x0862, 0x0862, 0x1062, 0x0862, 0x1062, 0x1062, 0x1062, 0x1062, 0x1062,
  0x1062, 0x1062, 0x1062, 0x1062, 0x1062, 0x1862, 0x1862, 0x1862, 0x1862, 0x1062, 0x1062, 0x1062, 0x1062, 0x1062, 0x1062, 0x1062,
  0x1062, 0x1062, 0x1062, 0x1062, 0x0862, 0x1062, 0x1062, 0x0862, 0x0862, 0x0862, 0x0862, 0x0862, 0x0862, 0x0862, 0x0862, 0x0862,
  0x0862, 0x0862, 0x0862, 0x0862, 0x0862, 0x0862, 0x0862, 0x0862, 0x0862, 0x0862, 0x0862, 0x0862, 0x0862, 0x0862, 0x0862, 0x0862,
  0x0862, 0x0862, 0x0862, 0x0862, 0x0862, 0x0862, 0x1062, 0x1062, 0x1062, 0x1062, 0x1062, 0x1062, 0x1062, 0x1062, 0x1062, 0x1062,
  0x1062, 0x1062, 0x1062, 0x1062, 0x1062, 0x1062, 0x1062, 0x1062, 0x1062, 0x1062, 0x1062, 0x1062, 0x1062, 0x0862, 0x0862, 0x0862,
  0x0862, 0x0862, 0x0862, 0x0862, 0x0862, 0x0862, 0x0862, 0x0862, 0x0862, 0x0862, 0x0862, 0x0862, 0x0862, 0x0862, 0x0862, 0x0862,
  0x0862, 0x0862, 0x0862, 0x0862, 0x0862, 0x0862, 0x0862, 0x0862, 0x0862, 0x0862, 0x0862, 0x0862, 0x0862, 0x0862, 0x0862, 0x0862,
  0x0862, 0x0862, 0x0862, 0x0862, 0x0862, 0x0862, 0x0862, 0x0862, 0x0862, 0x0862, 0x0862, 0x0862, 0x0862, 0x0862, 0x0862, 0x0862,
  0x0862, 0x0862, 0x0862, 0x0862, 0x0862, 0x0862, 0x0862, 0x0862, 0x0862, 0x0862, 0x0862, 0x0862, 0x0862, 0x0862, 0x0862, 0x0862,
  0x0862, 0x0862, 0x0862, 0x0862, 0x0862, 0x0862, 0x0862, 0x0862, 0x0862, 0x0862, 0x0862, 0x0862, 0x0862, 0x0862, 0x0862, 0x0862,
  0x0862, 0x0862, 0x0862, 0x0862, 0x0862, 0x0862, 0x0862, 0x0862, 0x0862, 0x0862, 0x0862, 0x0862, 0x0862, 0x0862, 0x0862, 0x0862,
  0x0862, 0x0862, 0x0862, 0x0862, 0x0862, 0x0862, 0x0862, 0x0862, 0x0862, 0x0862, 0x0862, 0x0862, 0x0862, 0x0862, 0x0862, 0x0862,
  0x0862, 0x0862, 0x0862, 0x0862, 0x0862, 0x0862, 0x0862, 0x0862, 0x0862, 0x0862, 0x0862, 0x0862, 0x0862, 0x0862, 0x0862, 0x0862,
  0x0862, 0x0862, 0x0862, 0x0862, 0x0862, 0x0862, 0x0862, 0x0862, 0x0862, 0x0862, 0x0862, 0x0862, 0x0862, 0x0862, 0x0862, 0x0862,
  0x0862, 0x0862, 0x0862, 0x0862, 0x0862, 0x0862, 0x0862, 0x0862, 0x0862, 0x0862, 0x0862, 0x0862, 0x0862, 0x0862, 0x0862, 0x0862,
  0x0862, 0x0862, 0x0862, 0x0862, 0x0862, 0x0862, 0x0862, 0x0862, 0x0862, 0x0862, 0x0862, 0x0862, 0x0862, 0x0862, 0x0862, 0x0862,
  0x0862, 0x0862, 0x0862, 0x0862, 0x0862, 0x0862, 0x0862, 0x0862, 0x0862, 0x0862, 0x0862, 0x0862, 0x0862, 0x0862, 0x0862, 0x0862,
  0x0862, 0x0862, 0x0862, 0x0862, 0x0862, 0x0862, 0x0862, 0x0862, 0x0862, 0x0862, 0x0862, 0x0862, 0x0862, 0x0862, 0x0862, 0x0862,
  0x0862, 0x0862, 0x0862, 0x0862, 0x0862, 0x0862, 0x0862, 0x0862, 0x0862, 0x0862, 0x0862, 0x0862, 0x0862, 0x0862, 0x0862, 0x0862,
  0x0862, 0x0862, 0x0862, 0x0862, 0x0862, 0x0862, 0x0862, 0x0862, 0x0862, 0x1062, 0x1062, 0x1062, 0x1062, 0x1062, 0x1062, 0x1062,
  0x1062, 0x1062, 0x1062, 0x1062, 0x1862, 0x1862, 0x1862, 0x1062, 0x1062, 0x1062, 0x1062, 0x1062, 0x1062, 0x1062, 0x1062, 0x1062,
  0x1062, 0x1062, 0x1062, 0x0862, 0x1062, 0x1062, 0x1062, 0x1062, 0x0862, 0x0862, 0x0862, 0x0862, 0x0862, 0x0862, 0x0862, 0x0862,
  0x0862, 0x0862, 0x0862, 0x0862, 0x0862, 0x0862, 0x0862, 0x0862, 0x0862, 0x0862, 0x0862, 0x0862, 0x0862, 0x0862, 0x0862, 0x0862,
  0x1062, 0x1062, 0x1062, 0x1062, 0x1062, 0x1062, 0x1062, 0x1062, 0x1062, 0x1062, 0x1062, 0x1062, 0x1062, 0x1062, 0x1062, 0x1062,
  0x1062, 0x1062, 0x1062, 0x1062, 0x1062, 0x1062, 0x1062, 0x1062, 0x1062, 0x1062, 0x1062, 0x1062, 0x1062, 0x1062, 0x1062, 0x1062,
  0x1062, 0x1062, 0x0862, 0x0862, 0x0862, 0x0862, 0x0862, 0x0862, 0x0862, 0x0862, 0x0862, 0x0862, 0x0862, 0x0862, 0x0862, 0x0862,
  0x0862, 0x0862, 0x0862, 0x0862, 0x0862, 0x0862, 0x0862, 0x0862, 0x0862, 0x0862, 0x0862, 0x0862, 0x0862, 0x0862, 0x0862, 0x0862,
  0x0862, 0x0862, 0x0862, 0x0862, 0x0862, 0x0862, 0x0862, 0x0862, 0x0862, 0x0862, 0x0862, 0x0862, 0x0862, 0x0862, 0x0862, 0x0862,
  0x0862, 0x0862, 0x0862, 0x0862, 0x0862, 0x0862, 0x0862, 0x0862, 0x0862, 0x0862, 0x0862, 0x0862, 0x0862, 0x0862, 0x0862, 0x0862,
  0x0862, 0x0862, 0x0862, 0x0862, 0x0862, 0x0862, 0x0862, 0x0862, 0x0862, 0x0862, 0x0862, 0x0862, 0x0862, 0x0862, 0x0862, 0x0862,
  0x0862, 0x0862, 0x0862, 0x0862, 0x0862, 0x0862, 0x0862, 0x0862, 0x0862, 0x0862, 0x0862, 0x0862, 0x0862, 0x0862, 0x0862, 0x0862,
  0x0862, 0x0862, 0x0862, 0x0862, 0x0862, 0x0862, 0x0862, 0x0862, 0x0862, 0x0862, 0x0862, 0x0862, 0x0862, 0x0862, 0x0862, 0x0862,
  0x0862, 0x0862, 0x0862, 0x0862, 0x0862, 0x0862, 0x0862, 0x0862, 0x0862, 0x0862, 0x0862, 0x0862, 0x0862, 0x0862, 0x0862, 0x0862,
  0x0862, 0x0862, 0x0862, 0x0862, 0x0862, 0x0862, 0x0862, 0x0862, 0x0862, 0x0862, 0x0862, 0x0862, 0x0862, 0x0862, 0x0862, 0x0862,
  0x0862, 0x0862, 0x0862, 0x0862, 0x0862, 0x0862, 0x0862, 0x0862, 0x0862, 0x0862, 0x0862, 0x0862, 0x0862, 0x0862, 0x0862, 0x0862,
  0x0862, 0x0862, 0x0862, 0x0862, 0x0862, 0x0862, 0x0862, 0x0862, 0x0862, 0x0862, 0x0862, 0x0862, 0x0862, 0x0862, 0x0862, 0x0862,
  0x0862, 0x0862, 0x0862, 0x0862, 0x0862, 0x0862, 0x0862, 0x0862, 0x0862, 0x0862, 0x0862, 0x0862, 0x0862, 0x0862, 0x0862, 0x0862,
  0x0862, 0x0862, 0x0862, 0x0862, 0x0862, 0x0862, 0x0862, 0x0862, 0x0862, 0x0862, 0x0862, 0x0862, 0x0862, 0x0862, 0x0862, 0x0862,
  0x0862, 0x0862, 0x0862, 0x0862, 0x0862, 0x0862, 0x0862, 0x0862, 0x0862, 0x0862, 0x0862, 0x0862, 0x0862, 0x0862, 0x0862, 0x0862,
  0x0862, 0x0862, 0x0862, 0x0862, 0x0862, 0x0862, 0x0862, 0x0862, 0x0862, 0x1062, 0x1062, 0x1062, 0x1062, 0x1062, 0x1062, 0x1062,
  0x1062, 0x1062, 0x1062, 0x1862, 0x1862, 0x1862, 0x1062, 0x1062, 0x1062, 0x1062, 0x1062, 0x1062, 0x1062, 0x1062, 0x1062, 0x1062,
  0x1062, 0x1062, 0x0862, 0x1062, 0x1062, 0x1062, 0x1062, 0x1062, 0x1062, 0x0862, 0x0862, 0x0862, 0x0862, 0x0862, 0x0862, 0x0862,
  0x0862, 0x0862, 0x0862, 0x0862, 0x0862, 0x0862, 0x0862, 0x0862, 0x0862, 0x0862, 0x0862, 0x1062, 0x1062, 0x1062, 0x1062, 0x1062,
  0x1062, 0x1062, 0x1062, 0x1062, 0x1062, 0x1062, 0x1062, 0x1062, 0x1062, 0x1862, 0x1862, 0x1862, 0x1862, 0x1862, 0x1862, 0x1862,
  0x1862, 0x1862, 0x1862, 0x1862, 0x1862, 0x1862, 0x1062, 0x1062, 0x1062, 0x1062, 0x1062, 0x1062, 0x1062, 0x1062, 0x1062, 0x1062,
  0x1062, 0x1062, 0x1062, 0x1062, 0x1062, 0x1062, 0x1062, 0x0862, 0x0862, 0x0862, 0x0862, 0x0862, 0x0862, 0x0862, 0x0862, 0x0862,
  0x0862, 0x0862, 0x0862, 0x0862, 0x0862, 0x0862, 0x0862, 0x0862, 0x0862, 0x0862, 0x0862, 0x0862, 0x0862, 0x0862, 0x0862, 0x0862,
  0x0862, 0x0862, 0x0862, 0x0862, 0x0862, 0x0862, 0x0862, 0x0862, 0x0862, 0x0862, 0x0862, 0x0862, 0x0862, 0x0862, 0x0862, 0x0862,
  0x0862, 0x0862, 0x0862, 0x0862, 0x0862, 0x0862, 0x0862, 0x0862, 0x0862, 0x0862, 0x0862, 0x0862, 0x0862, 0x0862, 0x0862, 0x0862,
  0x0862, 0x0862, 0x0862, 0x0862, 0x0862, 0x0862, 0x0862, 0x0862, 0x0862, 0x0862, 0x0862, 0x0862, 0x0862, 0x0862, 0x0862, 0x0862,
  0x0862, 0x0862, 0x0862, 0x0862, 0x0862, 0x0862, 0x0862, 0x0862, 0x0862, 0x0862, 0x0862, 0x0862, 0x0862, 0x0862, 0x0862, 0x0862,
  0x0862, 0x0862, 0x0862, 0x0862, 0x0862, 0x0862, 0x0862, 0x0862, 0x0862, 0x0862, 0x0862, 0x0862, 0x0862, 0x0862, 0x0862, 0x0862,
  0x0862, 0x0862, 0x0862, 0x0862, 0x0862, 0x0862, 0x0862, 0x0862, 0x0862, 0x0862, 0x0862, 0x0862, 0x0862, 0x0862, 0x0862, 0x0862,
  0x0862, 0x0862, 0x0862, 0x0862, 0x0862, 0x0862, 0x0862, 0x0862, 0x0862, 0x0862, 0x0862, 0x0862, 0x0862, 0x0862, 0x0862, 0x0862,
  0x0862, 0x0862, 0x0862, 0x0862, 0x0862, 0x0862, 0x0862, 0x0862, 0x0862, 0x0862, 0x0862, 0x0862, 0x0862, 0x0862, 0x0862, 0x0862,
  0x0862, 0x0862, 0x0862, 0x0862, 0x0862, 0x0862, 0x0862, 0x0862, 0x0862, 0x0862, 0x0862, 0x0862, 0x0862, 0x0862, 0x0862, 0x0862,
  0x0862, 0x0862, 0x0862, 0x0862, 0x0862, 0x0862, 0x0862, 0x0862, 0x0862, 0x0862, 0x0862, 0x0862, 0x0862, 0x0862, 0x0862, 0x0862,
  0x0862, 0x0862, 0x0862, 0x0862, 0x0862, 0x0862, 0x0862, 0x0862, 0x0862, 0x0862, 0x0862, 0x0862, 0x0862, 0x0862, 0x0862, 0x0862,
  0x0862, 0x0862, 0x0862, 0x0862, 0x0862, 0x0862, 0x0862, 0x0862, 0x0862, 0x0862, 0x0862, 0x0862, 0x0862, 0x0862, 0x0862, 0x0862,
  0x0862, 0x0862, 0x0862, 0x0862, 0x0862, 0x0862, 0x0862, 0x0862, 0x0862, 0x1062, 0x1062, 0x1062, 0x1062, 0x1062, 0x1062, 0x1062,
  0x1062, 0x1862, 0x1862, 0x1862, 0x1862, 0x1062, 0x1062, 0x1062, 0x1062, 0x1062, 0x1062, 0x1062, 0x1062, 0x1062, 0x1062, 0x1062,
  0x1062, 0x0862, 0x1062, 0x1062, 0x1062, 0x1062, 0x1062, 0x1062, 0x1062, 0x1062, 0x0862, 0x0862, 0x0862, 0x0862, 0x0862, 0x0862,
  0x1062, 0x0862, 0x0862, 0x1062, 0x1062, 0x1062, 0x1062, 0x1062, 0x1062, 0x1062, 0x1062, 0x1062, 0x1062, 0x1062, 0x1062, 0x1062,
  0x1062, 0x1062, 0x1062, 0x1862, 0x1862, 0x1862, 0x1882, 0x1862, 0x1882, 0x1882, 0x1882, 0x1882, 0x1882, 0x1882, 0x1882, 0x1882,
  0x1882, 0x1862, 0x1862, 0x1862, 0x1862, 0x1862, 0x1862, 0x1862, 0x1862, 0x1862, 0x1862, 0x1862, 0x1862, 0x1862, 0x1062, 0x1062,
  0x1062, 0x1062, 0x1062, 0x1062, 0x1062, 0x1062, 0x1062, 0x1062, 0x1062, 0x1062, 0x0862, 0x0862, 0x0862, 0x0862, 0x0862, 0x0862,
  0x0862, 0x0862, 0x0862, 0x0862, 0x0862, 0x0862, 0x0862, 0x0862, 0x0862, 0x0862, 0x0862, 0x0862, 0x0862, 0x0862, 0x0862, 0x0862,
  0x0862, 0x0862, 0x0862, 0x0862, 0x0862, 0x0862, 0x0862, 0x0862, 0x0862, 0x0862, 0x0862, 0x0862, 0x0862, 0x0862, 0x0862, 0x0862,
  0x0862, 0x0862, 0x0862, 0x0862, 0x0862, 0x0862, 0x0862, 0x0862, 0x0862, 0x0862, 0x0862, 0x0862, 0x0862, 0x0862, 0x0862, 0x0862,
  0x0862, 0x0862, 0x0862, 0x0862, 0x0862, 0x0862, 0x0862, 0x0862, 0x0862, 0x0862, 0x0862, 0x0862, 0x0862, 0x0862, 0x0862, 0x0862,
  0x0862, 0x0862, 0x0862, 0x0862, 0x0862, 0x0862, 0x0862, 0x0862, 0x0862, 0x0862, 0x0862, 0x0862, 0x0862, 0x0862, 0x0862, 0x0862,
  0x0862, 0x0862, 0x0862, 0x0862, 0x0862, 0x0862, 0x0862, 0x0862, 0x0862, 0x0862, 0x0862, 0x0862, 0x0862, 0x0862, 0x0862, 0x0862,
  0x0862, 0x0862, 0x0862, 0x0862, 0x0862, 0x0862, 0x0862, 0x0862, 0x0862, 0x0862, 0x0862, 0x0862, 0x0862, 0x0862, 0x0862, 0x0862,
  0x0862, 0x0862, 0x0862, 0x0862, 0x0862, 0x0862, 0x0862, 0x0862, 0x0862, 0x0862, 0x0862, 0x0862, 0x0862, 0x0862, 0x0862, 0x0862,
  0x0862, 0x0862, 0x0862, 0x0862, 0x0862, 0x0862, 0x0862, 0x0862, 0x0862, 0x0862, 0x0862, 0x0862, 0x0862, 0x0862, 0x0862, 0x0862,
  0x0862, 0x0862, 0x0862, 0x0862, 0x0862, 0x0862, 0x0862, 0x0862, 0x0862, 0x0862, 0x0862, 0x0862, 0x0862, 0x0862, 0x0862, 0x0862,
  0x0862, 0x0862, 0x0862, 0x0862, 0x0862, 0x0862, 0x0862, 0x0862, 0x0862, 0x0862, 0x0862, 0x0862, 0x0862, 0x0862, 0x0862, 0x0862,
  0x0862, 0x0862, 0x0862, 0x0862, 0x0862, 0x0862, 0x0862, 0x0862, 0x0862, 0x0862, 0x0862, 0x0862, 0x0862, 0x0862, 0x0862, 0x0862,
  0x0862, 0x0862, 0x0862, 0x0862, 0x0862, 0x0862, 0x0862, 0x0862, 0x0862, 0x0862, 0x0862, 0x0862, 0x0862, 0x0862, 0x0862, 0x0862,
  0x0862, 0x0862, 0x0862, 0x0862, 0x0862, 0x0862, 0x0862, 0x0862, 0x1062, 0x1062, 0x1062, 0x1062, 0x1062, 0x1062, 0x1062, 0x1062,
  0x1862, 0x1862, 0x1862, 0x1862, 0x1062, 0x1062, 0x1062, 0x1062, 0x1062, 0x1062, 0x1062, 0x1062, 0x1062, 0x1062, 0x1062, 0x1062,
  0x0862, 0x1062, 0x1062, 0x1062, 0x1062, 0x1062, 0x1062, 0x1062, 0x1062, 0x0862, 0x1062, 0x0862, 0x0862, 0x1062, 0x1062, 0x1062,
  0x1062, 0x1062, 0x1062, 0x1062, 0x1062, 0x1062, 0x1062, 0x1062, 0x1062, 0x1062, 0x1062, 0x1062, 0x1062, 0x1862, 0x1862, 0x1882,
  0x1882, 0x1882, 0x1882, 0x1882, 0x1882, 0x1882, 0x1882, 0x1882, 0x1882, 0x1882, 0x1882, 0x1882, 0x1882, 0x1882, 0x1882, 0x1882,
  0x1882, 0x1882, 0x1882, 0x1882, 0x1862, 0x1862, 0x1862, 0x1862, 0x1862, 0x1862, 0x1862, 0x1862, 0x1862, 0x1862, 0x1862, 0x1862,
  0x1862, 0x1862, 0x1862, 0x1062, 0x1062, 0x1062, 0x1062, 0x1062, 0x1062, 0x1062, 0x1062, 0x1062, 0x1062, 0x0862, 0x0862, 0x0862,
  0x0862, 0x0862, 0x0862, 0x0862, 0x0862, 0x0862, 0x0862, 0x0862, 0x0862, 0x0862, 0x0862, 0x0862, 0x0862, 0x0862, 0x0862, 0x0862,
  0x0862, 0x0862, 0x0862, 0x0862, 0x0862, 0x0862, 0x0862, 0x0862, 0x0862, 0x0862, 0x0862, 0x0862, 0x0862, 0x0862, 0x0862, 0x0862,
  0x0862, 0x0862, 0x0862, 0x0862, 0x0862, 0x0862, 0x0862, 0x0862, 0x0862, 0x0862, 0x0862, 0x0862, 0x0862, 0x0862, 0x0862, 0x0862,
  0x0862, 0x0862, 0x0862, 0x0862, 0x0862, 0x0862, 0x0862, 0x0862, 0x0862, 0x0862, 0x0862, 0x0862, 0x0862, 0x0862, 0x0862, 0x0862,
  0x0862, 0x0862, 0x0862, 0x0862, 0x0862, 0x0862, 0x0862, 0x0862, 0x0862, 0x0862, 0x0862, 0x0862, 0x0862, 0x0862, 0x0862, 0x0862,
  0x0862, 0x0862, 0x0862, 0x0862, 0x0862, 0x0862, 0x0862, 0x0862, 0x0862, 0x0862, 0x0862, 0x0862, 0x0862, 0x0862, 0x0862, 0x0862,
  0x0862, 0x0862, 0x0862, 0x0862, 0x0862, 0x0862, 0x0862, 0x0862, 0x0862, 0x0862, 0x0862, 0x0862, 0x0862, 0x0862, 0x0862, 0x0862,
  0x0862, 0x0862, 0x0862, 0x0862, 0x0862, 0x0862, 0x0862, 0x0862, 0x0862, 0x0862, 0x0862, 0x0862, 0x0862, 0x0862, 0x0862, 0x0862,
  0x0862, 0x0862, 0x0862, 0x0862, 0x0862, 0x0862, 0x0862, 0x0862, 0x0862, 0x0862, 0x0862, 0x0862, 0x0862, 0x0862, 0x0862, 0x0862,
  0x0862, 0x0862, 0x0862, 0x0862, 0x0862, 0x0862, 0x0862, 0x0862, 0x0862, 0x0862, 0x0862, 0x0862, 0x0862, 0x0862, 0x0862, 0x0862,
  0x0862, 0x0862, 0x0862, 0x0862, 0x0862, 0x0862, 0x0862, 0x0862, 0x0862, 0x0862, 0x0862, 0x0862, 0x0862, 0x0862, 0x0862, 0x0862,
  0x0862, 0x0862, 0x0862, 0x0862, 0x0862, 0x0862, 0x0862, 0x0862, 0x0862, 0x0862, 0x0862, 0x0862, 0x0862, 0x0862, 0x0862, 0x0862,
  0x0862, 0x0862, 0x0862, 0x0862, 0x0862, 0x0862, 0x0862, 0x0862, 0x0862, 0x0862, 0x0862, 0x0862, 0x0862, 0x0862, 0x0862, 0x0862,
  0x0862, 0x0862, 0x0862, 0x0862, 0x0862, 0x0862, 0x0862, 0x1062, 0x1062, 0x1062, 0x1062, 0x1062, 0x1062, 0x1062, 0x1062, 0x1862,
  0x1862, 0x1862, 0x1062, 0x1062, 0x1062, 0x1062, 0x1062, 0x1062, 0x1062, 0x1062, 0x1062, 0x1062, 0x1062, 0x1062, 0x1062, 0x1062,
  0x1062, 0x1062, 0x1062, 0x0862, 0x1062, 0x0862, 0x1062, 0x1062, 0x1062, 0x1062, 0x1062, 0x1062, 0x1062, 0x1062, 0x1062, 0x1062,
  0x1062, 0x1062, 0x1062, 0x1062, 0x1062, 0x1062, 0x1062, 0x1862, 0x1862, 0x1882, 0x1882, 0x1882, 0x1882, 0x1882, 0x1882, 0x1882,
  0x1882, 0x1882, 0x1882, 0x1882, 0x2082, 0x2082, 0x2082, 0x2082, 0x2082, 0x1882, 0x1882, 0x1882, 0x1882, 0x1882, 0x1882, 0x1882,
  0x1882, 0x1882, 0x1882, 0x1882, 0x1882, 0x1882, 0x1882, 0x1882, 0x1862, 0x1862, 0x1862, 0x1862, 0x1862, 0x1862, 0x1862, 0x1862,
  0x1862, 0x1862, 0x1862, 0x1862, 0x1862, 0x1862, 0x1862, 0x1062, 0x1062, 0x1062, 0x1062, 0x1062, 0x1062, 0x1062, 0x1062, 0x1062,
  0x1062, 0x0862, 0x0862, 0x0862, 0x0862, 0x0862, 0x0862, 0x0862, 0x0862, 0x0862, 0x0862, 0x0862, 0x0862, 0x0862, 0x0862, 0x0862,
  0x0862, 0x0862, 0x0862, 0x0862, 0x0862, 0x0862, 0x0862, 0x0862, 0x0862, 0x0862, 0x0862, 0x0862, 0x0862, 0x0862, 0x0862, 0x0862,
  0x0862, 0x0862, 0x0862, 0x0862, 0x0862, 0x0862, 0x0862, 0x0862, 0x0862, 0x0862, 0x0862, 0x0862, 0x0862, 0x0862, 0x0862, 0x0862,
  0x0862, 0x0862, 0x0862, 0x0862, 0x0862, 0x0862, 0x0862, 0x0862, 0x0862, 0x0862, 0x0862, 0x0862, 0x0862, 0x0862, 0x0862, 0x0862,
  0x0862, 0x0862, 0x0862, 0x0862, 0x0862, 0x0862, 0x0862, 0x0862, 0x0862, 0x0862, 0x0862, 0x0862, 0x0862, 0x0862, 0x0862, 0x0862,
  0x0862, 0x0862, 0x0862, 0x0862, 0x0862, 0x0862, 0x0862, 0x0862, 0x0862, 0x0862, 0x0862, 0x0862, 0x0862, 0x0862, 0x0862, 0x0862,
  0x0862, 0x0862, 0x0862, 0x0862, 0x0862, 0x0862, 0x0862, 0x0862, 0x0862, 0x0862, 0x0862, 0x0862, 0x0862, 0x0862, 0x0862, 0x0862,
  0x0862, 0x0862, 0x0862, 0x0862, 0x0862, 0x0862, 0x0862, 0x0862, 0x0862, 0x0862, 0x0862, 0x0862, 0x0862, 0x0862, 0x0862, 0x0862,
  0x0862, 0x0862, 0x0862, 0x0862, 0x0862, 0x0862, 0x0862, 0x0862, 0x0862, 0x0862, 0x0862, 0x0862, 0x0862, 0x0862, 0x0862, 0x0862,
  0x0862, 0x0862, 0x0862, 0x0862, 0x0862, 0x0862, 0x0862, 0x0862, 0x0862, 0x0862, 0x0862, 0x0862, 0x0862, 0x0862, 0x0862, 0x0862,
  0x0862, 0x0862, 0x0862, 0x0862, 0x0862, 0x0862, 0x0862, 0x0862, 0x0862, 0x0862, 0x0862, 0x0862, 0x0862, 0x0862, 0x0862, 0x0862,
  0x0862, 0x0862, 0x0862, 0x0862, 0x0862, 0x0862, 0x0862, 0x0862, 0x0862, 0x0862, 0x0862, 0x0862, 0x0862, 0x0862, 0x0862, 0x0862,
  0x0862, 0x0862, 0x0862, 0x0862, 0x0862, 0x0862, 0x0862, 0x0862, 0x0862, 0x0862, 0x0862, 0x0862, 0x0862, 0x0862, 0x0862, 0x0862,
  0x0862, 0x0862, 0x0862, 0x0862, 0x0862, 0x0862, 0x1062, 0x1062, 0x1062, 0x1062, 0x1062, 0x1062, 0x1062, 0x1062, 0x1862, 0x1862,
  0x1862, 0x1062, 0x1062, 0x1062, 0x1062, 0x1062, 0x1062, 0x1062, 0x1062, 0x1062, 0x1062, 0x1062, 0x1062, 0x1062, 0x1062, 0x1062,
  0x1062, 0x1062, 0x1062, 0x0862, 0x1062, 0x1062, 0x1062, 0x1062, 0x1062, 0x1062, 0x1062, 0x1062, 0x1062, 0x1062, 0x1062, 0x1062,
  0x1062, 0x1062, 0x1862, 0x1862, 0x1862, 0x1882, 0x1882, 0x1882, 0x1882, 0x1882, 0x1882, 0x2082, 0x1882, 0x2082, 0x2082, 0x2082,
  0x2082, 0x2082, 0x2082, 0x2082, 0x2082, 0x2082, 0x2082, 0x2082, 0x2082, 0x2082, 0x2082, 0x2082, 0x2082, 0x2082, 0x2082, 0x2082,
  0x2082, 0x2082, 0x2082, 0x1882, 0x1882, 0x1882, 0x1882, 0x1882, 0x1882, 0x1882, 0x1882, 0x1882, 0x1882, 0x1862, 0x1862, 0x1862,
  0x1862, 0x1862, 0x1862, 0x1862, 0x1862, 0x1862, 0x1862, 0x1862, 0x1862, 0x1062, 0x1062, 0x1062, 0x1062, 0x1062, 0x1062, 0x1062,
  0x1062, 0x1062, 0x1062, 0x0862, 0x0862, 0x0862, 0x0862, 0x0862, 0x0862, 0x0862, 0x0862, 0x0862, 0x0862, 0x0862, 0x0862, 0x0862,
  0x0862, 0x0862, 0x0862, 0x0862, 0x0862, 0x0862, 0x0862, 0x0862, 0x0862, 0x0862, 0x0862, 0x0862, 0x0862, 0x0862, 0x0862, 0x0862,
  0x0862, 0x0862, 0x0862, 0x0862, 0x0862, 0x0862, 0x0862, 0x0862, 0x0862, 0x0862, 0x0862, 0x0862, 0x0862, 0x0862, 0x0862, 0x0862,
  0x0862, 0x0862, 0x0862, 0x0862, 0x0862, 0x0862, 0x0862, 0x0862, 0x0862, 0x0862, 0x0862, 0x0862, 0x0862, 0x0862, 0x0862, 0x0862,
  0x0862, 0x0862, 0x0862, 0x0862, 0x0862, 0x0862, 0x0862, 0x0862, 0x0862, 0x0862, 0x0862, 0x0862, 0x0862, 0x0862, 0x0862, 0x0862,
  0x0862, 0x0862, 0x0862, 0x0862, 0x0862, 0x0862, 0x0862, 0x0862, 0x0862, 0x0862, 0x0862, 0x0862, 0x0862, 0x0862, 0x0862, 0x0862,
  0x0862, 0x0862, 0x0862, 0x0862, 0x0862, 0x0862, 0x0862, 0x0862, 0x0862, 0x0862, 0x0862, 0x0862, 0x0862, 0x0862, 0x0862, 0x0862,
  0x0862, 0x0862, 0x0862, 0x0862, 0x0862, 0x0862, 0x0862, 0x0862, 0x0862, 0x0862, 0x0862, 0x0862, 0x0862, 0x0862, 0x0862, 0x0862,
  0x0862, 0x0862, 0x0862, 0x0862, 0x0862, 0x0862, 0x0862, 0x0862, 0x0862, 0x0862, 0x0862, 0x0862, 0x0862, 0x0862, 0x0862, 0x0862,
  0x0862, 0x0862, 0x0862, 0x0862, 0x0862, 0x0862, 0x0862, 0x0862, 0x0862, 0x0862, 0x0862, 0x0862, 0x0862, 0x0862, 0x0862, 0x0862,
  0x0862, 0x0862, 0x0862, 0x0862, 0x0862, 0x0862, 0x0862, 0x0862, 0x0862, 0x0862, 0x0862, 0x0862, 0x0862, 0x0862, 0x0862, 0x0862,
  0x0862, 0x0862, 0x0862, 0x0862, 0x0862, 0x0862, 0x0862, 0x0862, 0x0862, 0x0862, 0x0862, 0x0862, 0x0862, 0x0862, 0x0862, 0x0862,
  0x0862, 0x0862, 0x0862, 0x0862, 0x0862, 0x0862, 0x0862, 0x0862, 0x0862, 0x0862, 0x0862, 0x0862, 0x0862, 0x0862, 0x0862, 0x0862,
  0x0862, 0x0862, 0x0862, 0x0862, 0x0862, 0x1062, 0x1062, 0x1062, 0x1062, 0x1062, 0x1062, 0x1062, 0x1062, 0x1862, 0x1862, 0x1062,
  0x1062, 0x1062, 0x1062, 0x1062, 0x1062, 0x1062, 0x1062, 0x1062, 0x1062, 0x1062, 0x1062, 0x1062, 0x1062, 0x1062, 0x1062, 0x1062,
  0x1062, 0x1062, 0x1062, 0x1062, 0x1062, 0x1062, 0x1062, 0x1062, 0x1062, 0x1062, 0x1062, 0x1062, 0x1062, 0x1062, 0x1862, 0x1862,
  0x1882, 0x1882, 0x1882, 0x1882, 0x1882, 0x2082, 0x2082, 0x2082, 0x2082, 0x2082, 0x2082, 0x2082, 0x2082, 0x2082, 0x2082, 0x2082,
  0x2082, 0x2082, 0x2082, 0x2082, 0x2082, 0x2082, 0x2082, 0x2082, 0x2082, 0x2082, 0x2082, 0x2082, 0x2082, 0x2082, 0x2082, 0x2082,
  0x2082, 0x2082, 0x2082, 0x2082, 0x2082, 0x2082, 0x2082, 0x2082, 0x2082, 0x2082, 0x1882, 0x1882, 0x1882, 0x1882, 0x1882, 0x1882,
  0x1882, 0x1862, 0x1862, 0x1862, 0x1862, 0x1862, 0x1862, 0x1862, 0x1862, 0x1862, 0x1862, 0x1062, 0x1062, 0x1062, 0x1062, 0x1062,
  0x1062, 0x1062, 0x1062, 0x1062, 0x1062, 0x0862, 0x0862, 0x0862, 0x0862, 0x0862, 0x0862, 0x0862, 0x0862, 0x0862, 0x0862, 0x0862,
  0x0862, 0x0862, 0x0862, 0x0862, 0x0862, 0x0862, 0x0862, 0x0862, 0x0862, 0x0862, 0x0862, 0x0862, 0x0862, 0x0862, 0x0862, 0x0862,
  0x0862, 0x0862, 0x0862, 0x0862, 0x0862, 0x0862, 0x0862, 0x0862, 0x0862, 0x0862, 0x0862, 0x0862, 0x0862, 0x0862, 0x0862, 0x0862,
  0x0862, 0x0862, 0x0862, 0x0862, 0x0862, 0x0862, 0x0862, 0x0862, 0x0862, 0x0862, 0x0862, 0x0862, 0x0862, 0x0862, 0x0862, 0x0862,
  0x0862, 0x0862, 0x0862, 0x0862, 0x0862, 0x0862, 0x0862, 0x0862, 0x0862, 0x0862, 0x0862, 0x0862, 0x0862, 0x0862, 0x0862, 0x0862,
  0x0862, 0x0862, 0x0862, 0x0862, 0x0862, 0x0862, 0x0862, 0x0862, 0x0862, 0x0862, 0x0862, 0x0862, 0x0862, 0x0862, 0x0862, 0x0862,
  0x0862, 0x0862, 0x0862, 0x0862, 0x0862, 0x0862, 0x0862, 0x0862, 0x0862, 0x0862, 0x0862, 0x0862, 0x0862, 0x0862, 0x0862, 0x0862,
  0x0862, 0x0862, 0x0862, 0x0862, 0x0862, 0x0862, 0x0862, 0x0862, 0x0862, 0x0862, 0x0862, 0x0862, 0x0862, 0x0862, 0x0862, 0x0862,
  0x0862, 0x0862, 0x0862, 0x0862, 0x0862, 0x0862, 0x0862, 0x0862, 0x0862, 0x0862, 0x0862, 0x0862, 0x0862, 0x0862, 0x0862, 0x0862,
  0x0862, 0x0862, 0x0862, 0x0862, 0x0862, 0x0862, 0x0862, 0x0862, 0x0862, 0x0862, 0x0862, 0x0862, 0x0862, 0x0862, 0x0862, 0x0862,
  0x0862, 0x0862, 0x0862, 0x0862, 0x0862, 0x0862, 0x0862, 0x0862, 0x0862, 0x0862, 0x0862, 0x0862, 0x0862, 0x0862, 0x0862, 0x0862,
  0x0862, 0x0862, 0x0862, 0x0862, 0x0862, 0x0862, 0x0862, 0x0862, 0x0862, 0x0862, 0x0862, 0x0862, 0x0862, 0x0862, 0x0862, 0x0862,
  0x0862, 0x0862, 0x0862, 0x0862, 0x0862, 0x0862, 0x0862, 0x0862, 0x0862, 0x0862, 0x0862, 0x0862, 0x0862, 0x0862, 0x0862, 0x0862,
  0x0862, 0x0862, 0x0862, 0x1062, 0x1062, 0x1062, 0x1062, 0x1062, 0x1062, 0x1062, 0x1062, 0x1862, 0x1862, 0x1862, 0x1062, 0x1062,
  0x1062, 0x1062, 0x1062, 0x1062, 0x1062, 0x1062, 0x1062, 0x1062, 0x1062, 0x1062, 0x1062, 0x1062, 0x1062, 0x1062, 0x1062, 0x1062,
  0x1062, 0x1062, 0x1062, 0x1062, 0x1062, 0x1062, 0x1062, 0x1062, 0x1062, 0x1062, 0x1062, 0x1862, 0x1862, 0x1862, 0x1882, 0x1882,
  0x2082, 0x2082, 0x2082, 0x2082, 0x2082, 0x2082, 0x2082, 0x2082, 0x2082, 0x2082, 0x2082, 0x2082, 0x2082, 0x2082, 0x2082, 0x2082,
  0x2082, 0x2082, 0x2082, 0x2082, 0x2082, 0x2082, 0x2082, 0x2082, 0x2082, 0x2082, 0x2082, 0x2082, 0x2082, 0x2082, 0x2082, 0x2082,
  0x2082, 0x2082, 0x2082, 0x2082, 0x2082, 0x2082, 0x2082, 0x2082, 0x2082, 0x2082, 0x2082, 0x2082, 0x2082, 0x2082, 0x2082, 0x1882,
  0x1882, 0x1882, 0x1882, 0x1882, 0x1882, 0x1862, 0x1862, 0x1862, 0x1862, 0x1862, 0x1862, 0x1862, 0x1862, 0x1062, 0x1062, 0x1062,
  0x1062, 0x1062, 0x1062, 0x1062, 0x1062, 0x1062, 0x1062, 0x1062, 0x0862, 0x0862, 0x0862, 0x0862, 0x0862, 0x0862, 0x0862, 0x0862,
  0x0862, 0x0862, 0x0862, 0x0862, 0x0862, 0x0862, 0x0862, 0x0862, 0x0862, 0x0862, 0x0862, 0x0862, 0x0862, 0x0862, 0x0862, 0x0862,
  0x0862, 0x0862, 0x0862, 0x0862, 0x0862, 0x0862, 0x0862, 0x0862, 0x0862, 0x0862, 0x0862, 0x0862, 0x0862, 0x0862, 0x0862, 0x0862,
  0x0862, 0x0862, 0x0862, 0x0862, 0x0862, 0x0862, 0x0862, 0x0862, 0x0862, 0x0862, 0x0862, 0x0862, 0x0862, 0x0862, 0x0862, 0x0862,
  0x0862, 0x0862, 0x0862, 0x0862, 0x0862, 0x0862, 0x0862, 0x0862, 0x0862, 0x0862, 0x0862, 0x0862, 0x0862, 0x0862, 0x0862, 0x0862,
  0x0862, 0x0862, 0x0862, 0x0862, 0x0862, 0x0862, 0x0862, 0x0862, 0x0862, 0x0862, 0x0862, 0x0862, 0x0862, 0x0862, 0x0862, 0x0862,
  0x0862, 0x0862, 0x0862, 0x0862, 0x0862, 0x0862, 0x0862, 0x0862, 0x0862, 0x0862, 0x0862, 0x0862, 0x0862, 0x0862, 0x0862, 0x0862,
  0x0862, 0x0862, 0x0862, 0x0862, 0x0862, 0x0862, 0x0862, 0x0862, 0x0862, 0x0862, 0x0862, 0x0862, 0x0862, 0x0862, 0x0862, 0x0862,
  0x0862, 0x0862, 0x0862, 0x0862, 0x0862, 0x0862, 0x0862, 0x0862, 0x0862, 0x0862, 0x0862, 0x0862, 0x0862, 0x0862, 0x0862, 0x0862,
  0x0862, 0x0862, 0x0862, 0x0862, 0x0862, 0x0862, 0x0862, 0x0862, 0x0862, 0x0862, 0x0862, 0x0862, 0x0862, 0x0862, 0x0862, 0x0862,
  0x0862, 0x0862, 0x0862, 0x0862, 0x0862, 0x0862, 0x0862, 0x0862, 0x0862, 0x0862, 0x0862, 0x0862, 0x0862, 0x0862, 0x0862, 0x0862,
  0x0862, 0x0862, 0x0862, 0x0862, 0x0862, 0x0862, 0x0862, 0x0862, 0x0862, 0x0862, 0x0862, 0x0862, 0x0862, 0x0862, 0x0862, 0x0862,
  0x0862, 0x0862, 0x0862, 0x0862, 0x0862, 0x0862, 0x0862, 0x0862, 0x0862, 0x0862, 0x0862, 0x0862, 0x0862, 0x0862, 0x0862, 0x0862,
  0x0862, 0x0862, 0x1062, 0x1062, 0x1062, 0x1062, 0x1062, 0x1062, 0x1062, 0x1062, 0x1062, 0x1862, 0x1062, 0x1062, 0x1062, 0x1062,
  0x1062, 0x1062, 0x1062, 0x1062, 0x1062, 0x1062, 0x1062, 0x1062, 0x1062, 0x1062, 0x1062, 0x1062, 0x1062, 0x1062, 0x1062, 0x1062,
  0x1062, 0x1062, 0x1062, 0x1062, 0x1062, 0x1062, 0x1062, 0x1062, 0x1062, 0x1862, 0x1862, 0x1862, 0x1882, 0x2082, 0x2082, 0x2082,
  0x2082, 0x2082, 0x2082, 0x2082, 0x2082, 0x2082, 0x2082, 0x2082, 0x2082, 0x2082, 0x2082, 0x2082, 0x2082, 0x2082, 0x2882, 0x28A2,
  0x28A2, 0x28A2, 0x28A2, 0x28A2, 0x28A2, 0x28A2, 0x28A2, 0x28A2, 0x28A2, 0x28A2, 0x28A2, 0x28A2, 0x28A2, 0x28A2, 0x28A2, 0x28A2,
  0x28A2, 0x28A2, 0x28A2, 0x28A2, 0x28A2, 0x2882, 0x2082, 0x2082, 0x2082, 0x2082, 0x2082, 0x2082, 0x2082, 0x2082, 0x2082, 0x2082,
  0x2082, 0x2082, 0x2082, 0x1882, 0x1882, 0x1882, 0x1882, 0x1882, 0x1862, 0x1862, 0x1862, 0x1862, 0x1862, 0x1862, 0x1862, 0x1062,
  0x1062, 0x1062, 0x1062, 0x1062, 0x1062, 0x1062, 0x1062, 0x1062, 0x1062, 0x1062, 0x0862, 0x0862, 0x0862, 0x0862, 0x0862, 0x0862,
  0x0862, 0x0862, 0x0862, 0x0862, 0x0862, 0x0862, 0x0862, 0x0862, 0x0862, 0x0862, 0x0862, 0x0862, 0x0862, 0x0862, 0x0862, 0x0862,
  0x0862, 0x0862, 0x0862, 0x0862, 0x0862, 0x0862, 0x0862, 0x0862, 0x0862, 0x0862, 0x0862, 0x0862, 0x0862, 0x0862, 0x0862, 0x0862,
  0x0862, 0x0862, 0x0862, 0x0862, 0x0862, 0x0862, 0x0862, 0x0862, 0x0862, 0x0862, 0x0862, 0x0862, 0x0862, 0x0862, 0x0862, 0x0862,
  0x0862, 0x0862, 0x0862, 0x0862, 0x0862, 0x0862, 0x0862, 0x0862, 0x0862, 0x0862, 0x0862, 0x0862, 0x0862, 0x0862, 0x0862, 0x0862,
  0x0862, 0x0862, 0x0862, 0x0862, 0x0862, 0x0862, 0x0862, 0x0862, 0x0862, 0x0862, 0x0862, 0x0862, 0x0862, 0x0862, 0x0862, 0x0862,
  0x0862, 0x0862, 0x0862, 0x0862, 0x0862, 0x0862, 0x0862, 0x0862, 0x0862, 0x0862, 0x0862, 0x0862, 0x0862, 0x0862, 0x0862, 0x0862,
  0x0862, 0x0862, 0x0862, 0x0862, 0x0862, 0x0862, 0x0862, 0x0862, 0x0862, 0x0862, 0x0862, 0x0862, 0x0862, 0x0862, 0x0862, 0x0862,
  0x0862, 0x0862, 0x0862, 0x0862, 0x0862, 0x0862, 0x0862, 0x0862, 0x0862, 0x0862, 0x0862, 0x0862, 0x0862, 0x0862, 0x0862, 0x0862,
  0x0862, 0x0862, 0x0862, 0x0862, 0x0862, 0x0862, 0x0862, 0x0862, 0x0862, 0x0862, 0x0862, 0x0862, 0x0862, 0x0862, 0x0862, 0x0862,
  0x0862, 0x0862, 0x0862, 0x0862, 0x0862, 0x0862, 0x0862, 0x0862, 0x0862, 0x0862, 0x0862, 0x0862, 0x0862, 0x0862, 0x0862, 0x0862,
  0x0862, 0x0862, 0x0862, 0x0862, 0x0862, 0x0862, 0x0862, 0x0862, 0x0862, 0x0862, 0x0862, 0x0862, 0x0862, 0x0862, 0x0862, 0x0862,
  0x0862, 0x0862, 0x0862, 0x0862, 0x0862, 0x0862, 0x0862, 0x0862, 0x0862, 0x0862, 0x0862, 0x0862, 0x0862, 0x0862, 0x0862, 0x0862,
  0x0862, 0x1062, 0x1062, 0x1062, 0x1062, 0x1062, 0x1062, 0x1062, 0x1062, 0x1062, 0x1062, 0x1062, 0x1062, 0x1062, 0x1062, 0x1062,
  0x1062, 0x1062, 0x1062, 0x1062, 0x1062, 0x1062, 0x1062, 0x1062, 0x1062, 0x1062, 0x1062, 0x1062, 0x1062, 0x1062, 0x1062, 0x1062,
  0x1062, 0x1062, 0x1062, 0x1062, 0x1062, 0x1062, 0x1862, 0x1862, 0x1862, 0x1882, 0x1882, 0x2082, 0x2082, 0x2082, 0x28A2, 0x28A2,
  0x2082, 0x28A2, 0x2082, 0x2082, 0x2082, 0x2082, 0x2882, 0x2882, 0x2882, 0x28A2, 0x28A2, 0x28A2, 0x28A2, 0x28A2, 0x28A2, 0x28A2,
  0x28A2, 0x28A2, 0x28A2, 0x28A2, 0x28A2, 0x28A2, 0x28A2, 0x28A2, 0x28A2, 0x28A2, 0x28A2, 0x28A2, 0x28A2, 0x28A2, 0x28A2, 0x28A2,
  0x2882, 0x2882, 0x2082, 0x2082, 0x2082, 0x2082, 0x2082, 0x2082, 0x2082, 0x2082, 0x2082, 0x2082, 0x2082, 0x2082, 0x2082, 0x2082,
  0x2082, 0x2082, 0x2082, 0x2082, 0x2082, 0x2082, 0x2082, 0x1882, 0x1882, 0x1882, 0x1882, 0x1862, 0x1862, 0x1862, 0x1862, 0x1862,
  0x1862, 0x1062, 0x1062, 0x1062, 0x1062, 0x1062, 0x1062, 0x1062, 0x1062, 0x1062, 0x1062, 0x1062, 0x0862, 0x0862, 0x0862, 0x0862,
  0x0862, 0x0862, 0x0862, 0x0862, 0x0862, 0x0862, 0x0862, 0x0862, 0x0862, 0x0862, 0x0862, 0x0862, 0x0862, 0x0862, 0x0862, 0x0862,
  0x0862, 0x0862, 0x0862, 0x0862, 0x0862, 0x0862, 0x0862, 0x0862, 0x0862, 0x0862, 0x0862, 0x0862, 0x0862, 0x0862, 0x0862, 0x0862,
  0x0862, 0x0862, 0x0862, 0x0862, 0x0862, 0x0862, 0x0862, 0x0862, 0x0862, 0x0862, 0x0862, 0x0862, 0x0862, 0x0862, 0x0862, 0x0862,
  0x0862, 0x0862, 0x0862, 0x0862, 0x0862, 0x0862, 0x0862, 0x0862, 0x0862, 0x0862, 0x0862, 0x0862, 0x0862, 0x0862, 0x0862, 0x0862,
  0x0862, 0x0862, 0x0862, 0x0862, 0x0862, 0x0862, 0x0862, 0x0862, 0x0862, 0x0862, 0x0862, 0x0862, 0x0862, 0x0862, 0x0862, 0x0862,
  0x0862, 0x0862, 0x0862, 0x0862, 0x0862, 0x0862, 0x0862, 0x0862, 0x0862, 0x0862, 0x0862, 0x0862, 0x0862, 0x0862, 0x0862, 0x0862,
  0x0862, 0x0862, 0x0862, 0x0862, 0x0862, 0x0862, 0x0862, 0x0862, 0x0862, 0x0862, 0x0862, 0x0862, 0x0862, 0x0862, 0x0862, 0x0862,
  0x0862, 0x0862, 0x0862, 0x0862, 0x0862, 0x0862, 0x0862, 0x0862, 0x0862, 0x0862, 0x0862, 0x0862, 0x0862, 0x0862, 0x0862, 0x0862,
  0x0862, 0x0862, 0x0862, 0x0862, 0x0862, 0x0862, 0x0862, 0x0862, 0x0862, 0x0862, 0x0862, 0x0862, 0x0862, 0x0862, 0x0862, 0x0862,
  0x0862, 0x0862, 0x0862, 0x0862, 0x0862, 0x0862, 0x0862, 0x0862, 0x0862, 0x0862, 0x0862, 0x0862, 0x0862, 0x0862, 0x0862, 0x0862,
  0x0862, 0x0862, 0x0862, 0x0862, 0x0862, 0x0862, 0x0862, 0x0862, 0x0862, 0x0862, 0x0862, 0x0862, 0x0862, 0x0862, 0x0862, 0x0862,
  0x0862, 0x0862, 0x0862, 0x0862, 0x0862, 0x0862, 0x0862, 0x0862, 0x0862, 0x0862, 0x0862, 0x0862, 0x0862, 0x0862, 0x0862, 0x0862,
  0x1062, 0x1062, 0x1062, 0x1062, 0x1062, 0x1062, 0x1062, 0x1062, 0x1062, 0x1062, 0x1062, 0x1062, 0x1062, 0x1062, 0x1062, 0x1062,
  0x1062, 0x1062, 0x1062, 0x1062, 0x1062, 0x1062, 0x1062, 0x1062, 0x1062, 0x1062, 0x1062, 0x1062, 0x1062, 0x1062, 0x1062, 0x1062,
  0x1062, 0x1062, 0x1062, 0x1062, 0x1862, 0x1862, 0x1862, 0x1882, 0x2082, 0x2082, 0x2082, 0x2082, 0x28A2, 0x28A2, 0x28A2, 0x28A2,
  0x28A2, 0x28A2, 0x28A2, 0x28A2, 0x28A2, 0x28A2, 0x28A2, 0x28A2, 0x28A2, 0x28A2, 0x28A2, 0x28A2, 0x30A2, 0x30C2, 0x30C2, 0x30C2,
  0x30C2, 0x30A2, 0x30A2, 0x28A2, 0x28A2, 0x28A2, 0x28A2, 0x28A2, 0x28A2, 0x28A2, 0x28A2, 0x2082, 0x2082, 0x2082, 0x2082, 0x2082,
  0x2082, 0x2082, 0x2082, 0x2082, 0x2082, 0x2082, 0x2082, 0x2082, 0x2082, 0x2082, 0x2082, 0x2082, 0x2082, 0x2082, 0x2082, 0x2082,
  0x2082, 0x2082, 0x2082, 0x2082, 0x2082, 0x2082, 0x2082, 0x2082, 0x2082, 0x2082, 0x1882, 0x1882, 0x1882, 0x1882, 0x1862, 0x1862,
  0x1862, 0x1862, 0x1862, 0x1062, 0x1062, 0x1062, 0x1062, 0x1062, 0x1062, 0x1062, 0x1062, 0x1062, 0x1062, 0x1062, 0x0862, 0x0862,
  0x0862, 0x0862, 0x0862, 0x0862, 0x0862, 0x0862, 0x0862, 0x0862, 0x0862, 0x0862, 0x0862, 0x0862, 0x0862, 0x0862, 0x0862, 0x0862,
  0x0862, 0x0862, 0x0862, 0x0862, 0x0862, 0x0862, 0x0862, 0x0862, 0x0862, 0x0862, 0x0862, 0x0862, 0x0862, 0x0862, 0x0862, 0x0862,
  0x0862, 0x0862, 0x0862, 0x0862, 0x0862, 0x0862, 0x0862, 0x0862, 0x0862, 0x0862, 0x0862, 0x0862, 0x0862, 0x0862, 0x0862, 0x0862,
  0x0862, 0x0862, 0x0862, 0x0862, 0x0862, 0x0862, 0x0862, 0x0862, 0x0862, 0x0862, 0x0862, 0x0862, 0x0862, 0x0862, 0x0862, 0x0862,
  0x0862, 0x0862, 0x0862, 0x0862, 0x0862, 0x0862, 0x0862, 0x0862, 0x0862, 0x0862, 0x0862, 0x0862, 0x0862, 0x0862, 0x0862, 0x0862,
  0x0862, 0x0862, 0x0862, 0x0862, 0x0862, 0x0862, 0x0862, 0x0862, 0x0862, 0x0862, 0x0862, 0x0862, 0x0862, 0x0862, 0x0862, 0x0862,
  0x0862, 0x0862, 0x0862, 0x0862, 0x0862, 0x0862, 0x0862, 0x0862, 0x0862, 0x0862, 0x0862, 0x0862, 0x0862, 0x0862, 0x0862, 0x0862,
  0x0862, 0x0862, 0x0862, 0x0862, 0x0862, 0x0862, 0x0862, 0x0862, 0x0862, 0x0862, 0x0862, 0x0862, 0x0862, 0x0862, 0x0862, 0x0862,
  0x0862, 0x0862, 0x0862, 0x0862, 0x0862, 0x0862, 0x0862, 0x0862, 0x0862, 0x0862, 0x0862, 0x0862, 0x0862, 0x0862, 0x0862, 0x0862,
  0x0862, 0x0862, 0x0862, 0x0862, 0x0862, 0x0862, 0x0862, 0x0862, 0x0862, 0x0862, 0x0862, 0x0862, 0x0862, 0x0862, 0x0862, 0x0862,
  0x0862, 0x0862, 0x0862, 0x0862, 0x0862, 0x0862, 0x0862, 0x0862, 0x0862, 0x0862, 0x0862, 0x0862, 0x0862, 0x0862, 0x0862, 0x0862,
  0x0862, 0x0862, 0x0862, 0x0862, 0x0862, 0x0862, 0x0862, 0x0862, 0x0862, 0x0862, 0x0862, 0x0862, 0x0862, 0x0862, 0x0862, 0x1062,
  0x1062, 0x1062, 0x1062, 0x1062, 0x1062, 0x1062, 0x1062, 0x1062, 0x1062, 0x1062, 0x1062, 0x1062, 0x1062, 0x1062, 0x1062, 0x1062,
  0x1062, 0x1062, 0x1062, 0x1062, 0x1062, 0x1062, 0x1062, 0x1062, 0x1062, 0x1062, 0x1062, 0x1062, 0x1062, 0x1062, 0x1062, 0x1062,
  0x1062, 0x1062, 0x1862, 0x1862, 0x1862, 0x1882, 0x2082, 0x2082, 0x2082, 0x28A2, 0x28A2, 0x28A2, 0x28A2, 0x28A2, 0x28A2, 0x28A2,
  0x28A2, 0x28A2, 0x28A2, 0x28A2, 0x28A2, 0x28A2, 0x30A2, 0x30C2, 0x30C2, 0x30C2, 0x30C2, 0x30C2, 0x30C2, 0x30C2, 0x30A2, 0x28A2,
  0x28A2, 0x28A2, 0x28A2, 0x28A2, 0x28A2, 0x28A2, 0x28A2, 0x2082, 0x2082, 0x2082, 0x2082, 0x2082, 0x2082, 0x2082, 0x2082, 0x2082,
  0x2082, 0x2082, 0x2082, 0x2082, 0x2082, 0x2082, 0x2082, 0x2082, 0x2082, 0x2082, 0x2082, 0x2082, 0x2082, 0x2082, 0x2082, 0x2082,
  0x2082, 0x2082, 0x2082, 0x2082, 0x2082, 0x2082, 0x2082, 0x2082, 0x2082, 0x2082, 0x2082, 0x2082, 0x2082, 0x1882, 0x1882, 0x1882,
  0x1862, 0x1862, 0x1862, 0x1862, 0x1862, 0x1062, 0x1062, 0x1062, 0x1062, 0x1062, 0x1062, 0x1062, 0x1062, 0x1062, 0x1062, 0x1062,
  0x0862, 0x0862, 0x0862, 0x0862, 0x0862, 0x0862, 0x0862, 0x0862, 0x0862, 0x0862, 0x0862, 0x0862, 0x0862, 0x0862, 0x0862, 0x0862,
  0x0862, 0x0862, 0x0862, 0x0862, 0x0862, 0x0862, 0x0862, 0x0862, 0x0862, 0x0862, 0x0862, 0x0862, 0x0862, 0x0862, 0x0862, 0x0862,
  0x0862, 0x0862, 0x0862, 0x0862, 0x0862, 0x0862, 0x0862, 0x0862, 0x0862, 0x0862, 0x0862, 0x0862, 0x0862, 0x0862, 0x0862, 0x0862,
  0x0862, 0x0862, 0x0862, 0x0862, 0x0862, 0x0862, 0x0862, 0x0862, 0x0862, 0x0862, 0x0862, 0x0862, 0x0862, 0x0862, 0x0862, 0x0862,
  0x0862, 0x0862, 0x0862, 0x0862, 0x0862, 0x0862, 0x0862, 0x0862, 0x0862, 0x0862, 0x0862, 0x0862, 0x0862, 0x0862, 0x0862, 0x0862,
  0x0862, 0x0862, 0x0862, 0x0862, 0x0862, 0x0862, 0x0862, 0x0862, 0x0862, 0x0862, 0x0862, 0x0862, 0x0862, 0x0862, 0x0862, 0x0862,
  0x0862, 0x0862, 0x0862, 0x0862, 0x0862, 0x0862, 0x0862, 0x0862, 0x0862, 0x0862, 0x0862, 0x0862, 0x0862, 0x0862, 0x0862, 0x0862,
  0x0862, 0x0862, 0x0862, 0x0862, 0x0862, 0x0862, 0x0862, 0x0862, 0x0862, 0x0862, 0x0862, 0x0862, 0x0862, 0x0862, 0x0862, 0x0862,
  0x0862, 0x0862, 0x0862, 0x0862, 0x0862, 0x0862, 0x0862, 0x0862, 0x0862, 0x0862, 0x0862, 0x0862, 0x0862, 0x0862, 0x0862, 0x0862,
  0x0862, 0x0862, 0x0862, 0x0862, 0x0862, 0x0862, 0x0862, 0x0862, 0x0862, 0x0862, 0x0862, 0x0862, 0x0862, 0x0862, 0x0862, 0x0862,
  0x0862, 0x0862, 0x0862, 0x0862, 0x0862, 0x0862, 0x0862, 0x0862, 0x0862, 0x0862, 0x0862, 0x0862, 0x0862, 0x0862, 0x0862, 0x0862,
  0x0862, 0x0862, 0x0862, 0x0862, 0x0862, 0x0862, 0x0862, 0x0862, 0x0862, 0x0862, 0x0862, 0x0862, 0x0862, 0x0862, 0x1062, 0x0862,
  0x1062, 0x1062, 0x1062, 0x1062, 0x1062, 0x1062, 0x1062, 0x1062, 0x1062, 0x1062, 0x1062, 0x1062, 0x1062, 0x1062, 0x1062, 0x1062,
  0x1062, 0x1062, 0x1062, 0x1062, 0x1062, 0x1062, 0x1062, 0x1062, 0x1062, 0x1062, 0x1062, 0x1062, 0x1062, 0x1062, 0x1062, 0x1062,
  0x1862, 0x1862, 0x1882, 0x1882, 0x2082, 0x2082, 0x2082, 0x28A2, 0x28A2, 0x28A2, 0x28A2, 0x28A2, 0x28A2, 0x28A2, 0x28A2, 0x28A2,
  0x28A2, 0x28A2, 0x28A2, 0x30A2, 0x30C2, 0x30C2, 0x30C2, 0x30C2, 0x30C2, 0x30C2, 0x30C2, 0x30C2, 0x30C2, 0x30A2, 0x30A2, 0x30A2,
  0x30A2, 0x28A2, 0x28A2, 0x28A2, 0x28A2, 0x2882, 0x2882, 0x2082, 0x2082, 0x2082, 0x2082, 0x2082, 0x2082, 0x2082, 0x2082, 0x2082,
  0x2082, 0x2082, 0x1882, 0x1882, 0x1882, 0x1882, 0x1882, 0x1882, 0x1882, 0x1882, 0x1882, 0x1882, 0x1882, 0x1882, 0x1882, 0x1882,
  0x1882, 0x1882, 0x1882, 0x1882, 0x1882, 0x1882, 0x1882, 0x1882, 0x2082, 0x2082, 0x2082, 0x2082, 0x2082, 0x2082, 0x2082, 0x1882,
  0x1882, 0x1882, 0x1882, 0x1862, 0x1862, 0x1862, 0x1862, 0x1062, 0x1062, 0x1062, 0x1062, 0x1062, 0x1062, 0x1062, 0x1062, 0x1062,
  0x1062, 0x1062, 0x0862, 0x0862, 0x0862, 0x0862, 0x0862, 0x0862, 0x0862, 0x0862, 0x0862, 0x0862, 0x0862, 0x0862, 0x0862, 0x0862,
  0x0862, 0x0862, 0x0862, 0x0862, 0x0862, 0x0862, 0x0862, 0x0862, 0x0862, 0x0862, 0x0862, 0x0862, 0x0862, 0x0862, 0x0862, 0x0862,
  0x0862, 0x0862, 0x0862, 0x0862, 0x0862, 0x0862, 0x0862, 0x0862, 0x0862, 0x0862, 0x0862, 0x0862, 0x0862, 0x0862, 0x0862, 0x0862,
  0x0862, 0x0862, 0x0862, 0x0862, 0x0862, 0x0862, 0x0862, 0x0862, 0x0862, 0x0862, 0x0862, 0x0862, 0x0862, 0x0862, 0x0862, 0x0862,
  0x0862, 0x0862, 0x0862, 0x0862, 0x0862, 0x0862, 0x0862, 0x0862, 0x0862, 0x0862, 0x0862, 0x0862, 0x0862, 0x0862, 0x0862, 0x0862,
  0x0862, 0x0862, 0x0862, 0x0862, 0x0862, 0x0862, 0x0862, 0x0862, 0x0862, 0x0862, 0x0862, 0x0862, 0x0862, 0x0862, 0x0862, 0x0862,
  0x0862, 0x0862, 0x0862, 0x0862, 0x0862, 0x0862, 0x0862, 0x0862, 0x0862, 0x0862, 0x0862, 0x0862, 0x0862, 0x0862, 0x0862, 0x0862,
  0x0862, 0x0862, 0x0862, 0x0862, 0x0862, 0x0862, 0x0862, 0x0862, 0x0862, 0x0862, 0x0862, 0x0862, 0x0862, 0x0862, 0x0862, 0x0862,
  0x0862, 0x0862, 0x0862, 0x0862, 0x0862, 0x0862, 0x0862, 0x0862, 0x0862, 0x0862, 0x0862, 0x0862, 0x0862, 0x0862, 0x0862, 0x0862,
  0x0862, 0x0862, 0x0862, 0x0862, 0x0862, 0x0862, 0x0862, 0x0862, 0x0862, 0x0862, 0x0862, 0x0862, 0x0862, 0x0862, 0x0862, 0x0862,
  0x0862, 0x0862, 0x0862, 0x0862, 0x0862, 0x0862, 0x0862, 0x0862, 0x0862, 0x0862, 0x0862, 0x0862, 0x0862, 0x0862, 0x0862, 0x0862,
  0x0862, 0x0862, 0x0862, 0x0862, 0x0862, 0x0862, 0x0862, 0x0862, 0x0862, 0x0862, 0x0862, 0x0862, 0x0862, 0x0862, 0x0862, 0x1062,
  0x1062, 0x1062, 0x1062, 0x1062, 0x1062, 0x1062, 0x1062, 0x1062, 0x1062, 0x1062, 0x1062, 0x1062, 0x1062, 0x1062, 0x1062, 0x1062,
  0x1062, 0x1062, 0x1062, 0x1062, 0x1062, 0x1062, 0x1062, 0x1062, 0x1062, 0x1062, 0x1062, 0x1062, 0x1062, 0x1062, 0x1862, 0x1862,
  0x1862, 0x1882, 0x2082, 0x2082, 0x2082, 0x28A2, 0x28A2, 0x28A2, 0x28A2, 0x28A2, 0x28A2, 0x28A2, 0x28A2, 0x28A2, 0x28A2, 0x28A2,
  0x30A2, 0x30C2, 0x30C2, 0x38C2, 0x38E2, 0x38E2, 0x38C2, 0x40E2, 0x40C2, 0x38C2, 0x38C2, 0x38C2, 0x38A2, 0x30A2, 0x30A2, 0x30A2,
  0x30A2, 0x30A2, 0x30A2, 0x30A2, 0x28A2, 0x28A2, 0x2882, 0x2882, 0x2882, 0x2882, 0x2082, 0x2082, 0x2082, 0x2082, 0x2082, 0x1882,
  0x1882, 0x1882, 0x1882, 0x1882, 0x1882, 0x1882, 0x1882, 0x1882, 0x1882, 0x1862, 0x1862, 0x1862, 0x1862, 0x1862, 0x1862, 0x1862,
  0x1862, 0x1862, 0x1862, 0x1882, 0x1882, 0x1882, 0x1882, 0x1882, 0x1882, 0x1882, 0x1882, 0x1882, 0x1882, 0x2082, 0x2082, 0x2082,
  0x2082, 0x2082, 0x1882, 0x1882, 0x1882, 0x1862, 0x1862, 0x1862, 0x1862, 0x1062, 0x1062, 0x1062, 0x1062, 0x1062, 0x1062, 0x1062,
  0x1062, 0x1062, 0x1062, 0x0862, 0x0862, 0x0862, 0x0862, 0x0862, 0x0862, 0x0862, 0x0862, 0x0862, 0x0862, 0x0862, 0x0862, 0x0862,
  0x0862, 0x0862, 0x0862, 0x0862, 0x0862, 0x0862, 0x0862, 0x0862, 0x0862, 0x0862, 0x0862, 0x0862, 0x0862, 0x0862, 0x0862, 0x0862,
  0x0862, 0x0862, 0x0862, 0x0862, 0x0862, 0x0862, 0x0862, 0x0862, 0x0862, 0x0862, 0x0862, 0x0862, 0x0862, 0x0862, 0x0862, 0x0862,
  0x0862, 0x0862, 0x0862, 0x0862, 0x0862, 0x0862, 0x0862, 0x0862, 0x0862, 0x0862, 0x0862, 0x0862, 0x0862, 0x0862, 0x0862, 0x0862,
  0x0862, 0x0862, 0x0862, 0x0862, 0x0862, 0x0862, 0x0862, 0x0862, 0x0862, 0x0862, 0x0862, 0x0862, 0x0862, 0x0862, 0x0862, 0x0862,
  0x0862, 0x0862, 0x0862, 0x0862, 0x0862, 0x0862, 0x0862, 0x0862, 0x0862, 0x0862, 0x0862, 0x0862, 0x0862, 0x0862, 0x0862, 0x0862,
  0x0862, 0x0862, 0x0862, 0x0862, 0x0862, 0x0862, 0x0862, 0x0862, 0x0862, 0x0862, 0x0862, 0x0862, 0x0862, 0x0862, 0x0862, 0x0862,
  0x0862, 0x0862, 0x0862, 0x0862, 0x0862, 0x0862, 0x0862, 0x0862, 0x0862, 0x0862, 0x0862, 0x0862, 0x0862, 0x0862, 0x0862, 0x0862,
  0x0862, 0x0862, 0x0862, 0x0862, 0x0862, 0x0862, 0x0862, 0x0862, 0x0862, 0x0862, 0x0862, 0x0862, 0x0862, 0x0862, 0x0862, 0x0862,
  0x0862, 0x0862, 0x0862, 0x0862, 0x0862, 0x0862, 0x0862, 0x0862, 0x0862, 0x0862, 0x0862, 0x0862, 0x0862, 0x0862, 0x0862, 0x0862,
  0x0862, 0x0862, 0x0862, 0x0862, 0x0862, 0x0862, 0x0862, 0x0862, 0x0862, 0x0862, 0x0862, 0x0862, 0x0862, 0x0862, 0x0862, 0x0862,
  0x0862, 0x0862, 0x0862, 0x0862, 0x0862, 0x0862, 0x0862, 0x0862, 0x0862, 0x0862, 0x0862, 0x0862, 0x0862, 0x1062, 0x1062, 0x1062,
  0x1062, 0x1062, 0x1062, 0x1062, 0x1062, 0x1062, 0x1062, 0x1062, 0x1062, 0x1062, 0x1062, 0x1062, 0x1062, 0x1062, 0x1062, 0x1062,
  0x1062, 0x1062, 0x1062, 0x1062, 0x1062, 0x1062, 0x1062, 0x1062, 0x1062, 0x1062, 0x1062, 0x1062, 0x1062, 0x1862, 0x1862, 0x1882,
  0x2082, 0x2082, 0x2082, 0x28A2, 0x28A2, 0x28A2, 0x28A2, 0x28A2, 0x28A2, 0x30A2, 0x28A2, 0x28A2, 0x30A2, 0x30C2, 0x30C2, 0x38C2,
  0x40E2, 0x40E2, 0x4902, 0x4902, 0x40E2, 0x40E2, 0x40E2, 0x38C2, 0x38C2, 0x30A2, 0x30A2, 0x30A2, 0x30A2, 0x30A2, 0x30A2, 0x28A2,
  0x28A2, 0x28A2, 0x28A2, 0x2882, 0x2882, 0x2882, 0x2882, 0x2882, 0x2082, 0x2082, 0x2082, 0x2082, 0x2082, 0x2082, 0x2082, 0x2082,
  0x2082, 0x2082, 0x2082, 0x1882, 0x1882, 0x1882, 0x1862, 0x1862, 0x1862, 0x1862, 0x1862, 0x1862, 0x1862, 0x1862, 0x1862, 0x1862,
  0x1862, 0x1862, 0x1862, 0x1862, 0x1862, 0x1862, 0x1862, 0x1862, 0x1862, 0x1862, 0x1862, 0x1882, 0x1882, 0x1882, 0x1882, 0x1882,
  0x1882, 0x1882, 0x2082, 0x2082, 0x1882, 0x1882, 0x1882, 0x1862, 0x1862, 0x1862, 0x1862, 0x1062, 0x1062, 0x1062, 0x1062, 0x1062,
  0x1062, 0x1062, 0x1062, 0x1062, 0x1062, 0x0862, 0x0862, 0x0862, 0x0862, 0x0862, 0x0862, 0x0862, 0x0862, 0x0862, 0x0862, 0x0862,
  0x0862, 0x0862, 0x0862, 0x0862, 0x0862, 0x0862, 0x0862, 0x0862, 0x0862, 0x0862, 0x0862, 0x0862, 0x0862, 0x0862, 0x0862, 0x0862,
  0x0862, 0x0862, 0x0862, 0x0862, 0x0862, 0x0862, 0x0862, 0x0862, 0x0862, 0x0862, 0x0862, 0x0862, 0x0862, 0x0862, 0x0862, 0x0862,
  0x0862, 0x0862, 0x0862, 0x0862, 0x0862, 0x0862, 0x0862, 0x0862, 0x0862, 0x0862, 0x0862, 0x0862, 0x0862, 0x0862, 0x0862, 0x0862,
  0x0862, 0x0862, 0x0862, 0x0862, 0x0862, 0x0862, 0x0862, 0x0862, 0x0862, 0x0862, 0x0862, 0x0862, 0x0862, 0x0862, 0x0862, 0x0862,
  0x0862, 0x0862, 0x0862, 0x0862, 0x0862, 0x0862, 0x0862, 0x0862, 0x0862, 0x0862, 0x0862, 0x0862, 0x0862, 0x0862, 0x0862, 0x0862,
  0x0862, 0x0862, 0x0862, 0x0862, 0x0862, 0x0862, 0x0862, 0x0862, 0x0862, 0x0862, 0x0862, 0x0862, 0x0862, 0x0862, 0x0862, 0x0862,
  0x0862, 0x0862, 0x0862, 0x0862, 0x0862, 0x0862, 0x0862, 0x0862, 0x0862, 0x0862, 0x0862, 0x0862, 0x0862, 0x0862, 0x0862, 0x0862,
  0x0862, 0x0862, 0x0862, 0x0862, 0x0862, 0x0862, 0x0862, 0x0862, 0x0862, 0x0862, 0x0862, 0x0862, 0x0862, 0x0862, 0x0862, 0x0862,
  0x0862, 0x0862, 0x0862, 0x0862, 0x0862, 0x0862, 0x0862, 0x0862, 0x0862, 0x0862, 0x0862, 0x0862, 0x0862, 0x0862, 0x0862, 0x0862,
  0x0862, 0x0862, 0x0862, 0x0862, 0x0862, 0x0862, 0x0862, 0x0862, 0x0862, 0x0862, 0x0862, 0x0862, 0x0862, 0x0862, 0x0862, 0x0862,
  0x0862, 0x0862, 0x0862, 0x0862, 0x0862, 0x0862, 0x0862, 0x0862, 0x0862, 0x0862, 0x0862, 0x0862, 0x1062, 0x1062, 0x1062, 0x1062,
  0x1062, 0x1062, 0x1062, 0x1062, 0x1062, 0x1062, 0x1062, 0x1062, 0x1062, 0x1062, 0x1062, 0x1062, 0x1062, 0x1062, 0x1062, 0x1062,
  0x1062, 0x1062, 0x1062, 0x1062, 0x1062, 0x1062, 0x1062, 0x1062, 0x1062, 0x1062, 0x1062, 0x1862, 0x1862, 0x1882, 0x1882, 0x2082,
  0x2082, 0x28A2, 0x28A2, 0x28A2, 0x28A2, 0x28A2, 0x30A2, 0x28A2, 0x30C2, 0x30C2, 0x30C2, 0x38C2, 0x38C2, 0x40E2, 0x40E2, 0x4902,
  0x4902, 0x4902, 0x40E2, 0x40C2, 0x38C2, 0x38C2, 0x38C2, 0x30A2, 0x30A2, 0x30A2, 0x30A2, 0x30A2, 0x30A2, 0x28A2, 0x28A2, 0x28A2,
  0x28A2, 0x2882, 0x2882, 0x2882, 0x2882, 0x2082, 0x2082, 0x2082, 0x2082, 0x2082, 0x2082, 0x2082, 0x2082, 0x2082, 0x2082, 0x2082,
  0x2082, 0x2082, 0x2082, 0x2082, 0x2082, 0x2082, 0x1882, 0x1862, 0x1862, 0x1862, 0x1862, 0x1862, 0x1862, 0x1862, 0x1862, 0x1862,
  0x1862, 0x1862, 0x1862, 0x1862, 0x1862, 0x1862, 0x1862, 0x1862, 0x1862, 0x1862, 0x1862, 0x1862, 0x1862, 0x1862, 0x1862, 0x1882,
  0x1882, 0x1882, 0x1882, 0x1882, 0x1882, 0x1882, 0x1882, 0x1882, 0x1882, 0x1862, 0x1862, 0x1862, 0x1862, 0x1062, 0x1062, 0x1062,
  0x1062, 0x1062, 0x1062, 0x1062, 0x1062, 0x1062, 0x0862, 0x0862, 0x0862, 0x0862, 0x0862, 0x0862, 0x0862, 0x0862, 0x0862, 0x0862,
  0x0862, 0x0862, 0x0862, 0x0862, 0x0862, 0x0862, 0x0862, 0x0862, 0x0862, 0x0862, 0x0862, 0x0862, 0x0862, 0x0862, 0x0862, 0x0862,
  0x0862, 0x0862, 0x0862, 0x0862, 0x0862, 0x0862, 0x0862, 0x0862, 0x0862, 0x0862, 0x0862, 0x0862, 0x0862, 0x0862, 0x0862, 0x0862,
  0x0862, 0x0862, 0x0862, 0x0862, 0x0862, 0x0862, 0x0862, 0x0862, 0x0862, 0x0862, 0x0862, 0x0862, 0x0862, 0x0862, 0x0862, 0x0862,
  0x0862, 0x0862, 0x0862, 0x0862, 0x0862, 0x0862, 0x0862, 0x0862, 0x0862, 0x0862, 0x0862, 0x0862, 0x0862, 0x0862, 0x0862, 0x0862,
  0x0862, 0x0862, 0x0862, 0x0862, 0x0862, 0x0862, 0x0862, 0x0862, 0x0862, 0x0862, 0x0862, 0x0862, 0x0862, 0x0862, 0x0862, 0x0862,
  0x0862, 0x0862, 0x0862, 0x0862, 0x0862, 0x0862, 0x0862, 0x0862, 0x0862, 0x0862, 0x0862, 0x0862, 0x0862, 0x0862, 0x0862, 0x0862,
  0x0862, 0x0862, 0x0862, 0x0862, 0x0862, 0x0862, 0x0862, 0x0862, 0x0862, 0x0862, 0x0862, 0x0862, 0x0862, 0x0862, 0x0862, 0x0862,
  0x0862, 0x0862, 0x0862, 0x0862, 0x0862, 0x0862, 0x0862, 0x0862, 0x0862, 0x0862, 0x0862, 0x0862, 0x0862, 0x0862, 0x0862, 0x0862,
  0x0862, 0x0862, 0x0862, 0x0862, 0x0862, 0x0862, 0x0862, 0x0862, 0x0862, 0x0862, 0x0862, 0x0862, 0x0862, 0x0862, 0x0862, 0x0862,
  0x0862, 0x0862, 0x0862, 0x0862, 0x0862, 0x0862, 0x0862, 0x0862, 0x0862, 0x0862, 0x0862, 0x0862, 0x0862, 0x0862, 0x0862, 0x0862,
  0x0862, 0x0862, 0x0862, 0x0862, 0x0862, 0x0862, 0x0862, 0x0862, 0x0862, 0x0862, 0x0862, 0x1062, 0x1062, 0x1062, 0x1062, 0x1062,
  0x1062, 0x1062, 0x1062, 0x1062, 0x1062, 0x1062, 0x1062, 0x1062, 0x1062, 0x1062, 0x1062, 0x1062, 0x1062, 0x1062, 0x1062, 0x1062,
  0x1062, 0x1062, 0x1062, 0x1062, 0x1062, 0x1062, 0x1062, 0x1062, 0x1062, 0x1862, 0x1862, 0x1882, 0x2082, 0x2082, 0x2082, 0x28A2,
  0x28A2, 0x28A2, 0x30A2, 0x28A2, 0x28A2, 0x30C2, 0x30A2, 0x38C2, 0x38C2, 0x38C2, 0x40E2, 0x40E2, 0x4902, 0x4902, 0x4902, 0x4902,
  0x40E2, 0x40C2, 0x38C2, 0x38C2, 0x38C2, 0x30A2, 0x30A2, 0x30A2, 0x30A2, 0x30A2, 0x30A2, 0x30A2, 0x30A2, 0x28A2, 0x28A2, 0x28A2,
  0x2882, 0x2882, 0x2882, 0x2882, 0x2882, 0x2882, 0x2882, 0x2882, 0x2882, 0x2082, 0x2082, 0x2082, 0x2082, 0x2082, 0x2082, 0x2082,
  0x2082, 0x2082, 0x2082, 0x2082, 0x2082, 0x2082, 0x2082, 0x2082, 0x2082, 0x1882, 0x1862, 0x1862, 0x1862, 0x1862, 0x1862, 0x1862,
  0x1862, 0x1862, 0x1862, 0x1862, 0x1862, 0x1862, 0x1862, 0x1862, 0x1862, 0x1862, 0x1862, 0x1862, 0x1862, 0x1862, 0x1862, 0x1862,
  0x1862, 0x1862, 0x1862, 0x1882, 0x1882, 0x1882, 0x1882, 0x1882, 0x1882, 0x1882, 0x1882, 0x1862, 0x1862, 0x1862, 0x1062, 0x1062,
  0x1062, 0x1062, 0x1062, 0x1062, 0x1062, 0x1062, 0x1062, 0x0862, 0x0862, 0x0862, 0x0862, 0x0862, 0x0862, 0x0862, 0x0862, 0x0862,
  0x0862, 0x0862, 0x0862, 0x0862, 0x0862, 0x0862, 0x0862, 0x0862, 0x0862, 0x0862, 0x0862, 0x0862, 0x0862, 0x0862, 0x0862, 0x0862,
  0x0862, 0x0862, 0x0862, 0x0862, 0x0862, 0x0862, 0x0862, 0x0862, 0x0862, 0x0862, 0x0862, 0x0862, 0x0862, 0x0862, 0x0862, 0x0862,
  0x0862, 0x0862, 0x0862, 0x0862, 0x0862, 0x0862, 0x0862, 0x0862, 0x0862, 0x0862, 0x0862, 0x0862, 0x0862, 0x0862, 0x0862, 0x0862,
  0x0862, 0x0862, 0x0862, 0x0862, 0x0862, 0x0862, 0x0862, 0x0862, 0x0862, 0x0862, 0x0862, 0x0862, 0x0862, 0x0862, 0x0862, 0x0862,
  0x0862, 0x0862, 0x0862, 0x0862, 0x0862, 0x0862, 0x0862, 0x0862, 0x0862, 0x0862, 0x0862, 0x0862, 0x0862, 0x0862, 0x0862, 0x0862,
  0x0862, 0x0862, 0x0862, 0x0862, 0x0862, 0x0862, 0x0862, 0x0862, 0x0862, 0x0862, 0x0862, 0x0862, 0x0862, 0x0862, 0x0862, 0x0862,
  0x0862, 0x0862, 0x0862, 0x0862, 0x0862, 0x0862, 0x0862, 0x0862, 0x0862, 0x0862, 0x0862, 0x0862, 0x0862, 0x0862, 0x0862, 0x0862,
  0x0862, 0x0862, 0x0862, 0x0862, 0x0862, 0x0862, 0x0862, 0x0862, 0x0862, 0x0862, 0x0862, 0x0862, 0x0862, 0x0862, 0x0862, 0x0862,
  0x0862, 0x0862, 0x0862, 0x0862, 0x0862, 0x0862, 0x0862, 0x0862, 0x0862, 0x0862, 0x0862, 0x0862, 0x0862, 0x0862, 0x0862, 0x0862,
  0x0862, 0x0862, 0x0862, 0x0862, 0x0862, 0x0862, 0x0862, 0x0862, 0x0862, 0x0862, 0x0862, 0x0862, 0x0862, 0x0862, 0x0862, 0x0862,
  0x0862, 0x0862, 0x0862, 0x0862, 0x0862, 0x0862, 0x0862, 0x0862, 0x0862, 0x0862, 0x1062, 0x1062, 0x1062, 0x1062, 0x1062, 0x1062,
  0x1062, 0x1062, 0x1062, 0x1062, 0x1062, 0x1062, 0x1062, 0x1062, 0x1062, 0x1062, 0x1062, 0x1062, 0x1062, 0x1062, 0x1062, 0x1062,
  0x1062, 0x1062, 0x1062, 0x1062, 0x1062, 0x1062, 0x1062, 0x1062, 0x1862, 0x1862, 0x1882, 0x2082, 0x2082, 0x28A2, 0x28A2, 0x28A2,
  0x30C2, 0x30A2, 0x30C2, 0x30A2, 0x38C2, 0x38C2, 0x38C2, 0x40E2, 0x40E2, 0x4902, 0x4902, 0x4902, 0x4902, 0x48E2, 0x40E2, 0x40E2,
  0x38C2, 0x38C2, 0x38C2, 0x30C2, 0x30A2, 0x30A2, 0x30A2, 0x30A2, 0x30A2, 0x30A2, 0x30A2, 0x30A2, 0x28A2, 0x28A2, 0x28A2, 0x28A2,
  0x30A2, 0x30A2, 0x28A2, 0x28A2, 0x28A2, 0x28A2, 0x28A2, 0x28A2, 0x28A2, 0x28A2, 0x28A2, 0x28A2, 0x28A2, 0x28A2, 0x28A2, 0x2882,
  0x2882, 0x2882, 0x2882, 0x2882, 0x2082, 0x2082, 0x2082, 0x2082, 0x2082, 0x2082, 0x2082, 0x2082, 0x2082, 0x1882, 0x1862, 0x1862,
  0x1862, 0x1862, 0x1862, 0x1862, 0x1862, 0x1862, 0x1862, 0x1062, 0x1062, 0x1062, 0x1062, 0x1062, 0x1062, 0x1862, 0x1862, 0x1862,
  0x1862, 0x1862, 0x1862, 0x1862, 0x1862, 0x1862, 0x1862, 0x1882, 0x1882, 0x1882, 0x1882, 0x1882, 0x1882, 0x1862, 0x1862, 0x1862,
  0x1062, 0x1062, 0x1062, 0x1062, 0x1062, 0x1062, 0x1062, 0x1062, 0x1062, 0x0862, 0x0862, 0x0862, 0x0862, 0x0862, 0x0862, 0x0862,
  0x0862, 0x0862, 0x0862, 0x0862, 0x0862, 0x0862, 0x0862, 0x0862, 0x0862, 0x0862, 0x0862, 0x0862, 0x0862, 0x0862, 0x0862, 0x0862,
  0x0862, 0x0862, 0x0862, 0x0862, 0x0862, 0x0862, 0x0862, 0x0862, 0x0862, 0x0862, 0x0862, 0x0862, 0x0862, 0x0862, 0x0862, 0x0862,
  0x0862, 0x0862, 0x0862, 0x0862, 0x0862, 0x0862, 0x0862, 0x0862, 0x0862, 0x0862, 0x0862, 0x0862, 0x0862, 0x0862, 0x0862, 0x0862,
  0x0862, 0x0862, 0x0862, 0x0862, 0x0862, 0x0862, 0x0862, 0x0862, 0x0862, 0x0862, 0x0862, 0x0862, 0x0862, 0x0862, 0x0862, 0x0862,
  0x0862, 0x0862, 0x0862, 0x0862, 0x0862, 0x0862, 0x0862, 0x0862, 0x0862, 0x0862, 0x0862, 0x0862, 0x0862, 0x0862, 0x0862, 0x0862,
  0x0862, 0x0862, 0x0862, 0x0862, 0x0862, 0x0862, 0x0862, 0x0862, 0x0862, 0x0862, 0x0862, 0x0862, 0x0862, 0x0862, 0x0862, 0x0862,
  0x0862, 0x0862, 0x0862, 0x0862, 0x0862, 0x0862, 0x0862, 0x0862, 0x0862, 0x0862, 0x0862, 0x0862, 0x0862, 0x0862, 0x0862, 0x0862,
  0x0862, 0x0862, 0x0862, 0x0862, 0x0862, 0x0862, 0x0862, 0x0862, 0x0862, 0x0862, 0x0862, 0x0862, 0x0862, 0x0862, 0x0862, 0x0862,
  0x0862, 0x0862, 0x0862, 0x0862, 0x0862, 0x0862, 0x0862, 0x0862, 0x0862, 0x0862, 0x0862, 0x0862, 0x0862, 0x0862, 0x0862, 0x0862,
  0x0862, 0x0862, 0x0862, 0x0862, 0x0862, 0x0862, 0x0862, 0x0862, 0x0862, 0x0862, 0x0862, 0x0862, 0x0862, 0x0862, 0x0862, 0x0862,
  0x0862, 0x0862, 0x0862, 0x0862, 0x0862, 0x0862, 0x0862, 0x0862, 0x0862, 0x1062, 0x1062, 0x1062, 0x1062, 0x1062, 0x1062, 0x1062,
  0x1062, 0x1062, 0x1062, 0x1062, 0x1062, 0x1062, 0x1062, 0x1062, 0x1062, 0x1062, 0x1062, 0x1062, 0x1062, 0x1062, 0x1062, 0x1062,
  0x1062, 0x1062, 0x1062, 0x1062, 0x1062, 0x1062, 0x1862, 0x1862, 0x1862, 0x1882, 0x2082, 0x2882, 0x28A2, 0x28A2, 0x30C2, 0x30C2,
  0x30C2, 0x30C2, 0x38C2, 0x38C2, 0x40E2, 0x40E2, 0x4902, 0x4902, 0x4902, 0x5102, 0x4902, 0x4902, 0x40E2, 0x40E2, 0x40C2, 0x38C2,
  0x38C2, 0x38C2, 0x30C2, 0x30C2, 0x30C2, 0x30C2, 0x30A2, 0x30A2, 0x30A2, 0x30A2, 0x30A2, 0x30A2, 0x30A2, 0x30A2, 0x30A2, 0x30A2,
  0x30A2, 0x30A2, 0x30A2, 0x30A2, 0x30A2, 0x30A2, 0x30A2, 0x30A2, 0x30A2, 0x30C2, 0x30C2, 0x30C2, 0x30C2, 0x30A2, 0x30C2, 0x30A2,
  0x30A2, 0x30A2, 0x30A2, 0x30A2, 0x28A2, 0x28A2, 0x28A2, 0x28A2, 0x2882, 0x2882, 0x2082, 0x2082, 0x2082, 0x2082, 0x2082, 0x2082,
  0x1882, 0x1882, 0x1862, 0x1862, 0x1862, 0x1862, 0x1862, 0x1862, 0x1062, 0x1062, 0x1062, 0x1062, 0x1062, 0x1062, 0x1062, 0x1062,
  0x1062, 0x1062, 0x1862, 0x1862, 0x1862, 0x1862, 0x1862, 0x1862, 0x1862, 0x1882, 0x1882, 0x1882, 0x1882, 0x1882, 0x1862, 0x1862,
  0x1862, 0x1062, 0x1062, 0x1062, 0x1062, 0x1062, 0x1062, 0x1062, 0x1062, 0x1062, 0x0862, 0x0862, 0x0862, 0x0862, 0x0862, 0x0862,
  0x0862, 0x0862, 0x0862, 0x0862, 0x0862, 0x0862, 0x0862, 0x0862, 0x0862, 0x0862, 0x0862, 0x0862, 0x0862, 0x0862, 0x0862, 0x0862,
  0x0862, 0x0862, 0x0862, 0x0862, 0x0862, 0x0862, 0x0862, 0x0862, 0x0862, 0x0862, 0x0862, 0x0862, 0x0862, 0x0862, 0x0862, 0x0862,
  0x0862, 0x0862, 0x0862, 0x0862, 0x0862, 0x0862, 0x0862, 0x0862, 0x0862, 0x0862, 0x0862, 0x0862, 0x0862, 0x0862, 0x0862, 0x0862,
  0x0862, 0x0862, 0x0862, 0x0862, 0x0862, 0x0862, 0x0862, 0x0862, 0x0862, 0x0862, 0x0862, 0x0862, 0x0862, 0x0862, 0x0862, 0x0862,
  0x0862, 0x0862, 0x0862, 0x0862, 0x0862, 0x0862, 0x0862, 0x0862, 0x0862, 0x0862, 0x0862, 0x0862, 0x0862, 0x0862, 0x0862, 0x0862,
  0x0862, 0x0862, 0x0862, 0x0862, 0x0862, 0x0862, 0x0862, 0x0862, 0x0862, 0x0862, 0x0862, 0x0862, 0x0862, 0x0862, 0x0862, 0x0862,
  0x0862, 0x0862, 0x0862, 0x0862, 0x0862, 0x0862, 0x0862, 0x0862, 0x0862, 0x0862, 0x0862, 0x0862, 0x0862, 0x0862, 0x0862, 0x0862,
  0x0862, 0x0862, 0x0862, 0x0862, 0x0862, 0x0862, 0x0862, 0x0862, 0x0862, 0x0862, 0x0862, 0x0862, 0x0862, 0x0862, 0x0862, 0x0862,
  0x0862, 0x0862, 0x0862, 0x0862, 0x0862, 0x0862, 0x0862, 0x0862, 0x0862, 0x0862, 0x0862, 0x0862, 0x0862, 0x0862, 0x0862, 0x0862,
  0x0862, 0x0862, 0x0862, 0x0862, 0x0862, 0x0862, 0x0862, 0x0862, 0x0862, 0x0862, 0x0862, 0x0862, 0x0862, 0x0862, 0x0862, 0x0862,
  0x0862, 0x0862, 0x0862, 0x0862, 0x0862, 0x0862, 0x0862, 0x0862, 0x1062, 0x1062, 0x1062, 0x1062, 0x1062, 0x1062, 0x1062, 0x1062,
  0x1062, 0x1062, 0x1062, 0x1062, 0x1062, 0x1062, 0x1062, 0x1062, 0x1062, 0x1062, 0x1062, 0x1062, 0x1062, 0x1062, 0x1062, 0x1062,
  0x1062, 0x1062, 0x1062, 0x1062, 0x1062, 0x1862, 0x1862, 0x1882, 0x2082, 0x2082, 0x28A2, 0x30A2, 0x30C2, 0x30C2, 0x30C2, 0x38C2,
  0x38C2, 0x38C2, 0x40C2, 0x40E2, 0x48E2, 0x4902, 0x5122, 0x5122, 0x5102, 0x4902, 0x40E2, 0x40E2, 0x40E2, 0x38C2, 0x38C2, 0x38C2,
  0x38C2, 0x30C2, 0x30C2, 0x30C2, 0x30C2, 0x30C2, 0x30C2, 0x30C2, 0x30A2, 0x30A2, 0x38C2, 0x38C2, 0x38C2, 0x38C2, 0x38C2, 0x38C2,
  0x38C2, 0x38C2, 0x40E2, 0x40E2, 0x40E2, 0x40E2, 0x40E2, 0x40E2, 0x40E2, 0x40E2, 0x40E2, 0x40E2, 0x40C2, 0x38C2, 0x38C2, 0x38C2,
  0x38C2, 0x30A2, 0x30A2, 0x30A2, 0x30A2, 0x30A2, 0x30A2, 0x30A2, 0x28A2, 0x28A2, 0x28A2, 0x28A2, 0x28A2, 0x2882, 0x2882, 0x2082,
  0x2082, 0x2082, 0x2082, 0x1882, 0x1882, 0x1862, 0x1862, 0x1862, 0x1862, 0x1862, 0x1062, 0x1062, 0x1062, 0x1062, 0x1062, 0x1062,
  0x1062, 0x1062, 0x1062, 0x1062, 0x1062, 0x1062, 0x1862, 0x1862, 0x1862, 0x1862, 0x1862, 0x1862, 0x1882, 0x1882, 0x1882, 0x1882,
  0x1862, 0x1862, 0x1062, 0x1062, 0x1062, 0x1062, 0x1062, 0x1062, 0x1062, 0x1062, 0x1062, 0x0862, 0x0862, 0x0862, 0x0862, 0x0862,
  0x0862, 0x0862, 0x0862, 0x0862, 0x0862, 0x0862, 0x0862, 0x0862, 0x0862, 0x0862, 0x0862, 0x0862, 0x0862, 0x0862, 0x0862, 0x0862,
  0x0862, 0x0862, 0x0862, 0x0862, 0x0862, 0x0862, 0x0862, 0x0862, 0x0862, 0x0862, 0x0862, 0x0862, 0x0862, 0x0862, 0x0862, 0x0862,
  0x0862, 0x0862, 0x0862, 0x0862, 0x0862, 0x0862, 0x0862, 0x0862, 0x0862, 0x0862, 0x0862, 0x0862, 0x0862, 0x0862, 0x0862, 0x0862,
  0x0862, 0x0862, 0x0862, 0x0862, 0x0862, 0x0862, 0x0862, 0x0862, 0x0862, 0x0862, 0x0862, 0x0862, 0x0862, 0x0862, 0x0862, 0x0862,
  0x0862, 0x0862, 0x0862, 0x0862, 0x0862, 0x0862, 0x0862, 0x0862, 0x0862, 0x0862, 0x0862, 0x0862, 0x0862, 0x0862, 0x0862, 0x0862,
  0x0862, 0x0862, 0x0862, 0x0862, 0x0862, 0x0862, 0x0862, 0x0862, 0x0862, 0x0862, 0x0862, 0x0862, 0x0862, 0x0862, 0x0862, 0x0862,
  0x0862, 0x0862, 0x0862, 0x0862, 0x0862, 0x0862, 0x0862, 0x0862, 0x0862, 0x0862, 0x0862, 0x0862, 0x0862, 0x0862, 0x0862, 0x0862,
  0x0862, 0x0862, 0x0862, 0x0862, 0x0862, 0x0862, 0x0862, 0x0862, 0x0862, 0x0862, 0x0862, 0x0862, 0x0862, 0x0862, 0x0862, 0x0862,
  0x0862, 0x0862, 0x0862, 0x0862, 0x0862, 0x0862, 0x0862, 0x0862, 0x0862, 0x0862, 0x0862, 0x0862, 0x0862, 0x0862, 0x0862, 0x0862,
  0x0862, 0x0862, 0x0862, 0x0862, 0x0862, 0x0862, 0x0862, 0x0862, 0x0862, 0x0862, 0x0862, 0x0862, 0x0862, 0x0862, 0x0862, 0x0862,
  0x0862, 0x0862, 0x0862, 0x0862, 0x0862, 0x0862, 0x0862, 0x1062, 0x1062, 0x1062, 0x1062, 0x1062, 0x1062, 0x1062, 0x1062, 0x1062,
  0x1062, 0x1062, 0x1062, 0x1062, 0x1062, 0x1062, 0x1062, 0x1062, 0x1062, 0x1062, 0x1062, 0x1062, 0x1062, 0x1062, 0x1062, 0x1062,
  0x1062, 0x1062, 0x1062, 0x1862, 0x1862, 0x1862, 0x1882, 0x2082, 0x2082, 0x28A2, 0x28A2, 0x30C2, 0x38C2, 0x38C2, 0x38C2, 0x38C2,
  0x40E2, 0x40E2, 0x48E2, 0x5102, 0x5102, 0x5122, 0x5102, 0x5102, 0x48E2, 0x40E2, 0x40E2, 0x40E2, 0x38C2, 0x38C2, 0x38C2, 0x38C2,
  0x38C2, 0x38C2, 0x38C2, 0x38C2, 0x38C2, 0x38C2, 0x38C2, 0x38C2, 0x40C2, 0x40E2, 0x40E2, 0x40E2, 0x4902, 0x4902, 0x4902, 0x5122,
  0x5122, 0x5122, 0x5122, 0x5122, 0x5122, 0x5122, 0x5122, 0x4902, 0x4902, 0x4902, 0x4902, 0x40E2, 0x40E2, 0x40E2, 0x40E2, 0x38C2,
  0x38C2, 0x38C2, 0x30A2, 0x30A2, 0x30A2, 0x30A2, 0x30A2, 0x28A2, 0x28A2, 0x2882, 0x2882, 0x2882, 0x2882, 0x2882, 0x2882, 0x2882,
  0x2882, 0x2882, 0x2882, 0x2082, 0x2082, 0x2082, 0x1882, 0x1882, 0x1862, 0x1862, 0x1862, 0x1862, 0x1062, 0x1062, 0x1062, 0x1062,
  0x1062, 0x1062, 0x1062, 0x1062, 0x1062, 0x1062, 0x1062, 0x1062, 0x1062, 0x1862, 0x1862, 0x1862, 0x1862, 0x1862, 0x1862, 0x1882,
  0x1882, 0x1862, 0x1862, 0x1862, 0x1062, 0x1062, 0x1062, 0x1062, 0x1062, 0x1062, 0x0862, 0x0862, 0x0862, 0x0862, 0x0862, 0x0862,
  0x0862, 0x0862, 0x0862, 0x0862, 0x0862, 0x0862, 0x0862, 0x0862, 0x0862, 0x0862, 0x0862, 0x0862, 0x0862, 0x0862, 0x0862, 0x0862,
  0x0862, 0x0862, 0x0862, 0x0862, 0x0862, 0x0862, 0x0862, 0x0862, 0x0862, 0x0862, 0x0862, 0x0862, 0x0862, 0x0862, 0x0862, 0x0862,
  0x0862, 0x0862, 0x0862, 0x0862, 0x0862, 0x0862, 0x0862, 0x0862, 0x0862, 0x0862, 0x0862, 0x0862, 0x0862, 0x0862, 0x0862, 0x0862,
  0x0862, 0x0862, 0x0862, 0x0862, 0x0862, 0x0862, 0x0862, 0x0862, 0x0862, 0x0862, 0x0862, 0x0862, 0x0862, 0x0862, 0x0862, 0x0862,
  0x0862, 0x0862, 0x0862, 0x0862, 0x0862, 0x0862, 0x0862, 0x0862, 0x0862, 0x0862, 0x0862, 0x0862, 0x0862, 0x0862, 0x0862, 0x0862,
  0x0862, 0x0862, 0x0862, 0x0862, 0x0862, 0x0862, 0x0862, 0x0862, 0x0862, 0x0862, 0x0862, 0x0862, 0x0862, 0x0862, 0x0862, 0x0862,
  0x0862, 0x0862, 0x0862, 0x0862, 0x0862, 0x0862, 0x0862, 0x0862, 0x0862, 0x0862, 0x0862, 0x0862, 0x0862, 0x0862, 0x0862, 0x0862,
  0x0862, 0x0862, 0x0862, 0x0862, 0x0862, 0x0862, 0x0862, 0x0862, 0x0862, 0x0862, 0x0862, 0x0862, 0x0862, 0x0862, 0x0862, 0x0862,
  0x0862, 0x0862, 0x0862, 0x0862, 0x0862, 0x0862, 0x0862, 0x0862, 0x0862, 0x0862, 0x0862, 0x0862, 0x0862, 0x0862, 0x0862, 0x0862,
  0x0862, 0x0862, 0x0862, 0x0862, 0x0862, 0x0862, 0x0862, 0x0862, 0x0862, 0x0862, 0x0862, 0x0862, 0x0862, 0x0862, 0x0862, 0x0862,
  0x0862, 0x0862, 0x0862, 0x0862, 0x0862, 0x1062, 0x1062, 0x1062, 0x1062, 0x1062, 0x1062, 0x1062, 0x1062, 0x1062, 0x1062, 0x1062,
  0x1062, 0x1062, 0x1062, 0x1062, 0x1062, 0x1062, 0x1062, 0x1062, 0x1062, 0x1062, 0x1062, 0x1062, 0x1062, 0x1062, 0x1062, 0x1062,
  0x1062, 0x1062, 0x1862, 0x1862, 0x1882, 0x1882, 0x2082, 0x28A2, 0x28A2, 0x30C2, 0x38C2, 0x40E2, 0x40C2, 0x40C2, 0x40E2, 0x40E2,
  0x48E2, 0x4902, 0x5122, 0x5122, 0x5122, 0x5102, 0x4902, 0x40E2, 0x40E2, 0x40E2, 0x40E2, 0x38C2, 0x38C2, 0x38C2, 0x38C2, 0x38C2,
  0x38C2, 0x38C2, 0x40C2, 0x40E2, 0x40E2, 0x40E2, 0x4902, 0x4902, 0x5102, 0x5122, 0x5122, 0x5942, 0x5942, 0x6162, 0x6162, 0x6162,
  0x6162, 0x5942, 0x5942, 0x5142, 0x5122, 0x5122, 0x4902, 0x4902, 0x4902, 0x4902, 0x4102, 0x40E2, 0x40E2, 0x40E2, 0x38E2, 0x38E2,
  0x38C2, 0x38C2, 0x38C2, 0x30C2, 0x30C2, 0x30A2, 0x30A2, 0x30A2, 0x28A2, 0x2882, 0x2882, 0x2882, 0x2882, 0x2082, 0x2082, 0x2082,
  0x2082, 0x2082, 0x2082, 0x2082, 0x2082, 0x2082, 0x2082, 0x2082, 0x1882, 0x1882, 0x1882, 0x1862, 0x1862, 0x1862, 0x1062, 0x1062,
  0x1062, 0x1062, 0x1062, 0x1062, 0x1062, 0x1062, 0x1062, 0x1062, 0x1062, 0x1062, 0x1062, 0x1062, 0x1862, 0x1862, 0x1862, 0x1862,
  0x1862, 0x1882, 0x1862, 0x1862, 0x1062, 0x1062, 0x1062, 0x1062, 0x1062, 0x1062, 0x0862, 0x0862, 0x0862, 0x0862, 0x0862, 0x0862,
  0x0862, 0x0862, 0x0862, 0x0862, 0x0862, 0x0862, 0x0862, 0x0862, 0x0862, 0x0862, 0x0862, 0x0862, 0x0862, 0x0862, 0x0862, 0x0862,
  0x0862, 0x0862, 0x0862, 0x0862, 0x0862, 0x0862, 0x0862, 0x0862, 0x0862, 0x0862, 0x0862, 0x0862, 0x0862, 0x0862, 0x0862, 0x0862,
  0x0862, 0x0862, 0x0862, 0x0862, 0x0862, 0x0862, 0x0862, 0x0862, 0x0862, 0x0862, 0x0862, 0x0862, 0x0862, 0x0862, 0x0862, 0x0862,
  0x0862, 0x0862, 0x0862, 0x0862, 0x0862, 0x0862, 0x0862, 0x0862, 0x0862, 0x0862, 0x0862, 0x0862, 0x0862, 0x0862, 0x0862, 0x0862,
  0x0862, 0x0862, 0x0862, 0x0862, 0x0862, 0x0862, 0x0862, 0x0862, 0x0862, 0x0862, 0x0862, 0x0862, 0x0862, 0x0862, 0x0862, 0x0862,
  0x0862, 0x0862, 0x0862, 0x0862, 0x0862, 0x0862, 0x0862, 0x0862, 0x0862, 0x0862, 0x0862, 0x0862, 0x0862, 0x0862, 0x0862, 0x0862,
  0x0862, 0x0862, 0x0862, 0x0862, 0x0862, 0x0862, 0x0862, 0x0862, 0x0862, 0x0862, 0x0862, 0x0862, 0x0862, 0x0862, 0x0862, 0x0862,
  0x0862, 0x0862, 0x0862, 0x0862, 0x0862, 0x0862, 0x0862, 0x0862, 0x0862, 0x0862, 0x0862, 0x0862, 0x0862, 0x0862, 0x0862, 0x0862,
  0x0862, 0x0862, 0x0862, 0x0862, 0x0862, 0x0862, 0x0862, 0x0862, 0x0862, 0x0862, 0x0862, 0x0862, 0x0862, 0x0862, 0x0862, 0x0862,
  0x0862, 0x0862, 0x0862, 0x0862, 0x0862, 0x0862, 0x0862, 0x0862, 0x0862, 0x0862, 0x0862, 0x0862, 0x0862, 0x0862, 0x0862, 0x0862,
  0x0862, 0x0862, 0x0862, 0x0862, 0x1062, 0x1062, 0x1062, 0x1062, 0x1062, 0x1062, 0x1062, 0x1062, 0x1062, 0x1062, 0x1062, 0x1062,
  0x1062, 0x1062, 0x1062, 0x1062, 0x1062, 0x1062, 0x1062, 0x1062, 0x1062, 0x1062, 0x1062, 0x1062, 0x1062, 0x1062, 0x1062, 0x1062,
  0x1062, 0x1862, 0x1862, 0x1882, 0x2082, 0x2082, 0x28A2, 0x28A2, 0x30C2, 0x38C2, 0x40C2, 0x40E2, 0x40E2, 0x40E2, 0x48E2, 0x4902,
  0x4902, 0x5122, 0x5122, 0x5122, 0x5102, 0x4902, 0x40E2, 0x40E2, 0x40E2, 0x40E2, 0x40C2, 0x38C2, 0x38C2, 0x38C2, 0x40C2, 0x40E2,
  0x40E2, 0x48E2, 0x4902, 0x5102, 0x5122, 0x5942, 0x5942, 0x5942, 0x6162, 0x6162, 0x6982, 0x6982, 0x6982, 0x6982, 0x6162, 0x6162,
  0x5962, 0x5942, 0x5942, 0x5142, 0x5142, 0x5122, 0x5122, 0x4922, 0x4922, 0x4902, 0x4902, 0x4102, 0x4102, 0x40E2, 0x38E2, 0x38E2,
  0x38E2, 0x38C2, 0x38C2, 0x30C2, 0x30C2, 0x30C2, 0x30A2, 0x30A2, 0x30A2, 0x28A2, 0x28A2, 0x2882, 0x2882, 0x2082, 0x2082, 0x2082,
  0x2082, 0x2082, 0x2082, 0x2082, 0x2082, 0x2082, 0x2082, 0x2082, 0x2082, 0x2082, 0x2082, 0x1882, 0x1882, 0x1862, 0x1862, 0x1862,
  0x1062, 0x1062, 0x1062, 0x1062, 0x1062, 0x1062, 0x1062, 0x1062, 0x1062, 0x1062, 0x1062, 0x1062, 0x1062, 0x1062, 0x1862, 0x1862,
  0x1862, 0x1862, 0x1862, 0x1862, 0x1862, 0x1062, 0x1062, 0x1062, 0x1062, 0x1062, 0x1062, 0x0862, 0x0862, 0x0862, 0x0862, 0x0862,
  0x0862, 0x0862, 0x0862, 0x0862, 0x0862, 0x0862, 0x0862, 0x0862, 0x0862, 0x0862, 0x0862, 0x0862, 0x0862, 0x0862, 0x0862, 0x0862,
  0x0862, 0x0862, 0x0862, 0x0862, 0x0862, 0x0862, 0x0862, 0x0862, 0x0862, 0x0862, 0x0862, 0x0862, 0x0862, 0x0862, 0x0862, 0x0862,
  0x0862, 0x0862, 0x0862, 0x0862, 0x0862, 0x0862, 0x0862, 0x0862, 0x0862, 0x0862, 0x0862, 0x0862, 0x0862, 0x0862, 0x0862, 0x0862,
  0x0862, 0x0862, 0x0862, 0x0862, 0x0862, 0x0862, 0x0862, 0x0862, 0x0862, 0x0862, 0x0862, 0x0862, 0x0862, 0x0862, 0x0862, 0x0862,
  0x0862, 0x0862, 0x0862, 0x0862, 0x0862, 0x0862, 0x0862, 0x0862, 0x0862, 0x0862, 0x0862, 0x0862, 0x0862, 0x0862, 0x0862, 0x0862,
  0x0862, 0x0862, 0x0862, 0x0862, 0x0862, 0x0862, 0x0862, 0x0862, 0x0862, 0x0862, 0x0862, 0x0862, 0x0862, 0x0862, 0x0862, 0x0862,
  0x0862, 0x0862, 0x0862, 0x0862, 0x0862, 0x0862, 0x0862, 0x0862, 0x0862, 0x0862, 0x0862, 0x0862, 0x0862, 0x0862, 0x0862, 0x0862,
  0x0862, 0x0862, 0x0862, 0x0862, 0x0862, 0x0862, 0x0862, 0x0862, 0x0862, 0x0862, 0x0862, 0x0862, 0x0862, 0x0862, 0x0862, 0x0862,
  0x0862, 0x0862, 0x0862, 0x0862, 0x0862, 0x0862, 0x0862, 0x0862, 0x0862, 0x0862, 0x0862, 0x0862, 0x0862, 0x0862, 0x0862, 0x0862,
  0x0862, 0x0862, 0x0862, 0x0862, 0x0862, 0x0862, 0x0862, 0x0862, 0x0862, 0x0862, 0x0862, 0x0862, 0x0862, 0x0862, 0x0862, 0x0862,
  0x0862, 0x0862, 0x0862, 0x1062, 0x1062, 0x1062, 0x1062, 0x1062, 0x1062, 0x1062, 0x1062, 0x1062, 0x1862, 0x1062, 0x1062, 0x1062,
  0x1062, 0x1062, 0x1062, 0x1062, 0x1062, 0x1062, 0x1062, 0x1062, 0x1062, 0x1062, 0x1062, 0x1062, 0x1062, 0x1062, 0x1062, 0x1062,
  0x1862, 0x1862, 0x1882, 0x2082, 0x2082, 0x28A2, 0x30C2, 0x38C2, 0x40C2, 0x40C2, 0x40E2, 0x4902, 0x4902, 0x4902, 0x5102, 0x5122,
  0x5122, 0x5922, 0x5122, 0x5102, 0x4902, 0x4902, 0x40E2, 0x40E2, 0x40E2, 0x40E2, 0x40E2, 0x40E2, 0x40E2, 0x40E2, 0x4902, 0x5122,
  0x5122, 0x5942, 0x5962, 0x6162, 0x6162, 0x6182, 0x6982, 0x71A2, 0x71A2, 0x71A2, 0x71A2, 0x71A2, 0x69A2, 0x6982, 0x6182, 0x6182,
  0x6162, 0x5962, 0x5962, 0x5142, 0x5142, 0x5142, 0x5142, 0x5122, 0x4922, 0x4922, 0x4922, 0x4922, 0x4102, 0x4102, 0x4102, 0x4102,
  0x4102, 0x40E2, 0x38E2, 0x38E2, 0x38C2, 0x30C2, 0x30C2, 0x30C2, 0x30C2, 0x30A2, 0x28A2, 0x28A2, 0x28A2, 0x2882, 0x2882, 0x2082,
  0x2082, 0x2082, 0x2082, 0x2082, 0x2082, 0x1882, 0x2082, 0x2082, 0x2082, 0x2082, 0x2082, 0x2082, 0x2082, 0x1882, 0x1882, 0x1862,
  0x1862, 0x1862, 0x1062, 0x1062, 0x1062, 0x1062, 0x1062, 0x1062, 0x1062, 0x1062, 0x1062, 0x1062, 0x1062, 0x1062, 0x1062, 0x1062,
  0x1062, 0x1062, 0x1862, 0x1862, 0x1062, 0x1062, 0x1062, 0x1062, 0x1062, 0x1062, 0x1062, 0x1062, 0x0862, 0x0862, 0x0862, 0x0862,
  0x0862, 0x0862, 0x0862, 0x0862, 0x0862, 0x0862, 0x0862, 0x0862, 0x0862, 0x0862, 0x0862, 0x0862, 0x0862, 0x0862, 0x0862, 0x0862,
  0x0862, 0x0862, 0x0862, 0x0862, 0x0862, 0x0862, 0x0862, 0x0862, 0x0862, 0x0862, 0x0862, 0x0862, 0x0862, 0x0862, 0x0862, 0x0862,
  0x0862, 0x0862, 0x0862, 0x0862, 0x0862, 0x0862, 0x0862, 0x0862, 0x0862, 0x0862, 0x0862, 0x0862, 0x0862, 0x0862, 0x0862, 0x0862,
  0x0862, 0x0862, 0x0862, 0x0862, 0x0862, 0x0862, 0x0862, 0x0862, 0x0862, 0x0862, 0x0862, 0x0862, 0x0862, 0x0862, 0x0862, 0x0862,
  0x0862, 0x0862, 0x0862, 0x0862, 0x0862, 0x0862, 0x0862, 0x0862, 0x0862, 0x0862, 0x0862, 0x0862, 0x0862, 0x0862, 0x0862, 0x0862,
  0x0862, 0x0862, 0x0862, 0x0862, 0x0862, 0x0862, 0x0862, 0x0862, 0x0862, 0x0862, 0x0862, 0x0862, 0x0862, 0x0862, 0x0862, 0x0862,
  0x0862, 0x0862, 0x0862, 0x0862, 0x0862, 0x0862, 0x0862, 0x0862, 0x0862, 0x0862, 0x0862, 0x0862, 0x0862, 0x0862, 0x0862, 0x0862,
  0x0862, 0x0862, 0x0862, 0x0862, 0x0862, 0x0862, 0x0862, 0x0862, 0x0862, 0x0862, 0x0862, 0x0862, 0x0862, 0x0862, 0x0862, 0x0862,
  0x0862, 0x0862, 0x0862, 0x0862, 0x0862, 0x0862, 0x0862, 0x0862, 0x0862, 0x0862, 0x0862, 0x0862, 0x0862, 0x0862, 0x0862, 0x0862,
  0x0862, 0x0862, 0x0862, 0x0862, 0x0862, 0x0862, 0x0862, 0x0862, 0x0862, 0x0862, 0x0862, 0x0862, 0x0862, 0x0862, 0x0862, 0x0862,
  0x0862, 0x0862, 0x0862, 0x1062, 0x1062, 0x1062, 0x1062, 0x1062, 0x1062, 0x1062, 0x1062, 0x1862, 0x1862, 0x1062, 0x1062, 0x1062,
  0x1062, 0x1062, 0x1062, 0x1062, 0x1062, 0x1062, 0x1062, 0x1062, 0x1062, 0x1062, 0x1062, 0x1062, 0x1062, 0x1062, 0x1862, 0x1862,
  0x1882, 0x1882, 0x2082, 0x2082, 0x28A2, 0x38C2, 0x40C2, 0x40E2, 0x40E2, 0x40E2, 0x4902, 0x5122, 0x5102, 0x5102, 0x5122, 0x5122,
  0x5122, 0x5122, 0x5102, 0x4902, 0x48E2, 0x40E2, 0x40E2, 0x40E2, 0x40E2, 0x40E2, 0x4902, 0x4902, 0x5122, 0x5942, 0x5962, 0x6162,
  0x6982, 0x6982, 0x6982, 0x71A2, 0x79C2, 0x81C2, 0x81E2, 0x81E2, 0x79E2, 0x79C2, 0x71A2, 0x69A2, 0x6982, 0x6182, 0x5962, 0x5942,
  0x5942, 0x5142, 0x5142, 0x5122, 0x4922, 0x4922, 0x4902, 0x4902, 0x4102, 0x4102, 0x4102, 0x40E2, 0x40E2, 0x38E2, 0x38E2, 0x38E2,
  0x38E2, 0x38E2, 0x38E2, 0x38E2, 0x38E2, 0x38E2, 0x38E2, 0x38E2, 0x30C2, 0x30C2, 0x30C2, 0x30A2, 0x28A2, 0x28A2, 0x28A2, 0x2882,
  0x2882, 0x2082, 0x2082, 0x2082, 0x1882, 0x1882, 0x1882, 0x1882, 0x1882, 0x1882, 0x1882, 0x1882, 0x1882, 0x1882, 0x1882, 0x1882,
  0x1882, 0x1862, 0x1862, 0x1862, 0x1062, 0x1062, 0x1062, 0x1062, 0x1062, 0x1062, 0x1062, 0x1062, 0x1062, 0x1062, 0x1062, 0x1062,
  0x1062, 0x1062, 0x1062, 0x1062, 0x1062, 0x1062, 0x1062, 0x1062, 0x1062, 0x1062, 0x1062, 0x1062, 0x1062, 0x0862, 0x0862, 0x0862,
  0x0862, 0x0862, 0x0862, 0x0862, 0x0862, 0x0862, 0x0862, 0x0862, 0x0862, 0x0862, 0x0862, 0x0862, 0x0862, 0x0862, 0x0862, 0x0862,
  0x0862, 0x0862, 0x0862, 0x0862, 0x0862, 0x0862, 0x0862, 0x0862, 0x0862, 0x0862, 0x0862, 0x0862, 0x0862, 0x0862, 0x0862, 0x0862,
  0x0862, 0x0862, 0x0862, 0x0862, 0x0862, 0x0862, 0x0862, 0x0862, 0x0862, 0x0862, 0x0862, 0x0862, 0x0862, 0x0862, 0x0862, 0x0862,
  0x0862, 0x0862, 0x0862, 0x0862, 0x0862, 0x0862, 0x0862, 0x0862, 0x0862, 0x0862, 0x0862, 0x0862, 0x0862, 0x0862, 0x0862, 0x0862,
  0x0862, 0x0862, 0x0862, 0x0862, 0x0862, 0x0862, 0x0862, 0x0862, 0x0862, 0x0862, 0x0862, 0x0862, 0x0862, 0x0862, 0x0862, 0x0862,
  0x0862, 0x0862, 0x0862, 0x0862, 0x0862, 0x0862, 0x0862, 0x0862, 0x0862, 0x0862, 0x0862, 0x0862, 0x0862, 0x0862, 0x0862, 0x0862,
  0x0862, 0x0862, 0x0862, 0x0862, 0x0862, 0x0862, 0x0862, 0x0862, 0x0862, 0x0862, 0x0862, 0x0862, 0x0862, 0x0862, 0x0862, 0x0862,
  0x0862, 0x0862, 0x0862, 0x0862, 0x0862, 0x0862, 0x0862, 0x0862, 0x0862, 0x0862, 0x0862, 0x0862, 0x0862, 0x0862, 0x0862, 0x0862,
  0x0862, 0x0862, 0x0862, 0x0862, 0x0862, 0x0862, 0x0862, 0x0862, 0x0862, 0x0862, 0x0862, 0x0862, 0x0862, 0x0862, 0x0862, 0x0862,
  0x0862, 0x0862, 0x0862, 0x0862, 0x0862, 0x0862, 0x0862, 0x0862, 0x0862, 0x0862, 0x0862, 0x0862, 0x0862, 0x0862, 0x0862, 0x0862,
  0x0862, 0x0862, 0x1062, 0x1062, 0x1062, 0x1062, 0x1062, 0x1062, 0x1062, 0x1062, 0x1862, 0x1882, 0x1862, 0x1062, 0x1062, 0x1062,
  0x1062, 0x1062, 0x1062, 0x1062, 0x1062, 0x1062, 0x1062, 0x1062, 0x1062, 0x1062, 0x1062, 0x1062, 0x1062, 0x1862, 0x1862, 0x1882,
  0x2082, 0x2082, 0x28A2, 0x30A2, 0x38C2, 0x40E2, 0x40E2, 0x40E2, 0x4902, 0x4902, 0x5122, 0x5122, 0x5122, 0x5122, 0x5922, 0x5922,
  0x5122, 0x5102, 0x4902, 0x4902, 0x48E2, 0x48E2, 0x48E2, 0x4902, 0x4902, 0x5122, 0x5142, 0x5962, 0x6182, 0x6982, 0x69A2, 0x71A2,
  0x71A2, 0x79C2, 0x81E2, 0x8A02, 0x9222, 0x8A02, 0x81E2, 0x79C2, 0x71A2, 0x69A2, 0x6982, 0x6182, 0x5962, 0x5942, 0x5942, 0x5142,
  0x5142, 0x5122, 0x4922, 0x4922, 0x4902, 0x4902, 0x4902, 0x4102, 0x4102, 0x40E2, 0x40E2, 0x40E2, 0x38E2, 0x38E2, 0x38C2, 0x38C2,
  0x38C2, 0x30C2, 0x30C2, 0x30C2, 0x30C2, 0x30C2, 0x30C2, 0x30C2, 0x30C2, 0x30C2, 0x30C2, 0x30C2, 0x30C2, 0x30C2, 0x30A2, 0x28A2,
  0x28A2, 0x2882, 0x2882, 0x2082, 0x2082, 0x2082, 0x1882, 0x1882, 0x1862, 0x1862, 0x1862, 0x1862, 0x1862, 0x1862, 0x1862, 0x1882,
  0x1882, 0x1882, 0x1882, 0x1862, 0x1862, 0x1862, 0x1062, 0x1062, 0x1062, 0x1062, 0x1062, 0x1062, 0x1062, 0x1062, 0x1062, 0x1062,
  0x1062, 0x1062, 0x1062, 0x1062, 0x1062, 0x1062, 0x1062, 0x1062, 0x1062, 0x1062, 0x1062, 0x1062, 0x1062, 0x0862, 0x0862, 0x0862,
  0x0862, 0x0862, 0x0862, 0x0862, 0x0862, 0x0862, 0x0862, 0x0862, 0x0862, 0x0862, 0x0862, 0x0862, 0x0862, 0x0862, 0x0862, 0x0862,
  0x0862, 0x0862, 0x0862, 0x0862, 0x0862, 0x0862, 0x0862, 0x0862, 0x0862, 0x0862, 0x0862, 0x0862, 0x0862, 0x0862, 0x0862, 0x0862,
  0x0862, 0x0862, 0x0862, 0x0862, 0x0862, 0x0862, 0x0862, 0x0862, 0x0862, 0x0862, 0x0862, 0x0862, 0x0862, 0x0862, 0x0862, 0x0862,
  0x0862, 0x0862, 0x0862, 0x0862, 0x0862, 0x0862, 0x0862, 0x0862, 0x0862, 0x0862, 0x0862, 0x0862, 0x0862, 0x0862, 0x0862, 0x0862,
  0x0862, 0x0862, 0x0862, 0x0862, 0x0862, 0x0862, 0x0862, 0x0862, 0x0862, 0x0862, 0x0862, 0x0862, 0x0862, 0x0862, 0x0862, 0x0862,
  0x0862, 0x0862, 0x0862, 0x0862, 0x0862, 0x0862, 0x0862, 0x0862, 0x0862, 0x0862, 0x0862, 0x0862, 0x0862, 0x0862, 0x0862, 0x0862,
  0x0862, 0x0862, 0x0862, 0x0862, 0x0862, 0x0862, 0x0862, 0x0862, 0x0862, 0x0862, 0x0862, 0x0862, 0x0862, 0x0862, 0x0862, 0x0862,
  0x0862, 0x0862, 0x0862, 0x0862, 0x0862, 0x0862, 0x0862, 0x0862, 0x0862, 0x0862, 0x0862, 0x0862, 0x0862, 0x0862, 0x0862, 0x0862,
  0x0862, 0x0862, 0x0862, 0x0862, 0x0862, 0x0862, 0x0862, 0x0862, 0x0862, 0x0862, 0x0862, 0x0862, 0x0862, 0x0862, 0x0862, 0x0862,
  0x0862, 0x0862, 0x0862, 0x0862, 0x0862, 0x0862, 0x0862, 0x0862, 0x0862, 0x0862, 0x0862, 0x0862, 0x0862, 0x0862, 0x0862, 0x0862,
  0x0862, 0x1062, 0x1062, 0x1062, 0x1062, 0x1062, 0x1062, 0x1062, 0x1062, 0x1862, 0x1882, 0x1862, 0x1062, 0x1062, 0x1062, 0x1062,
  0x1062, 0x1062, 0x1062, 0x1062, 0x1062, 0x1062, 0x1062, 0x1062, 0x1062, 0x1062, 0x1062, 0x1062, 0x1862, 0x1862, 0x1882, 0x2082,
  0x2082, 0x28A2, 0x30C2, 0x38C2, 0x40E2, 0x40E2, 0x4902, 0x4902, 0x4902, 0x5122, 0x5122, 0x5922, 0x5922, 0x5922, 0x5922, 0x5122,
  0x5102, 0x5102, 0x4902, 0x4902, 0x4902, 0x5102, 0x5102, 0x5122, 0x5942, 0x6162, 0x6982, 0x71A2, 0x71A2, 0x79C2, 0x79C2, 0x8A02,
  0x9222, 0x9A42, 0x9A42, 0x9222, 0x81E2, 0x79C2, 0x71A2, 0x71A2, 0x6982, 0x6982, 0x6182, 0x6162, 0x6162, 0x5962, 0x5962, 0x5962,
  0x5942, 0x5942, 0x5942, 0x5942, 0x5142, 0x5142, 0x5142, 0x5122, 0x5122, 0x4922, 0x4902, 0x4902, 0x4102, 0x40E2, 0x40E2, 0x38E2,
  0x38C2, 0x38C2, 0x38C2, 0x30C2, 0x30C2, 0x30C2, 0x30C2, 0x30C2, 0x30C2, 0x30C2, 0x30C2, 0x30C2, 0x30C2, 0x30C2, 0x30C2, 0x30C2,
  0x30C2, 0x28A2, 0x28A2, 0x2882, 0x2082, 0x2082, 0x2082, 0x2082, 0x1882, 0x1862, 0x1862, 0x1862, 0x1862, 0x1862, 0x1862, 0x1862,
  0x1862, 0x1862, 0x1862, 0x1882, 0x1882, 0x1862, 0x1862, 0x1862, 0x1062, 0x1062, 0x1062, 0x1062, 0x1062, 0x1062, 0x1062, 0x1062,
  0x1062, 0x1062, 0x1062, 0x1062, 0x1062, 0x1062, 0x1062, 0x1062, 0x1062, 0x1062, 0x1062, 0x1062, 0x1062, 0x0862, 0x0862, 0x0862,
  0x0862, 0x0862, 0x0862, 0x0862, 0x0862, 0x0862, 0x0862, 0x0862, 0x0862, 0x0862, 0x0862, 0x0862, 0x0862, 0x0862, 0x0862, 0x0862,
  0x0862, 0x0862, 0x0862, 0x0862, 0x0862, 0x0862, 0x0862, 0x0862, 0x0862, 0x0862, 0x0862, 0x0862, 0x0862, 0x0862, 0x0862, 0x0862,
  0x0862, 0x0862, 0x0862, 0x0862, 0x0862, 0x0862, 0x0862, 0x0862, 0x0862, 0x0862, 0x0862, 0x0862, 0x0862, 0x0862, 0x0862, 0x0862,
  0x0862, 0x0862, 0x0862, 0x0862, 0x0862, 0x0862, 0x0862, 0x0862, 0x0862, 0x0862, 0x0862, 0x0862, 0x0862, 0x0862, 0x0862, 0x0862,
  0x0862, 0x0862, 0x0862, 0x0862, 0x0862, 0x0862, 0x0862, 0x0862, 0x0862, 0x0862, 0x0862, 0x0862, 0x0862, 0x0862, 0x0862, 0x0862,
  0x0862, 0x0862, 0x0862, 0x0862, 0x0862, 0x0862, 0x0862, 0x0862, 0x0862, 0x0862, 0x0862, 0x0862, 0x0862, 0x0862, 0x0862, 0x0862,
  0x0862, 0x0862, 0x0862, 0x0862, 0x0862, 0x0862, 0x0862, 0x0862, 0x0862, 0x0862, 0x0862, 0x0862, 0x0862, 0x0862, 0x0862, 0x0862,
  0x0862, 0x0862, 0x0862, 0x0862, 0x0862, 0x0862, 0x0862, 0x0862, 0x0862, 0x0862, 0x0862, 0x0862, 0x0862, 0x0862, 0x0862, 0x0862,
  0x0862, 0x0862, 0x0862, 0x0862, 0x0862, 0x0862, 0x0862, 0x0862, 0x0862, 0x0862, 0x0862, 0x0862, 0x0862, 0x0862, 0x0862, 0x0862,
  0x0862, 0x0862, 0x0862, 0x0862, 0x0862, 0x0862, 0x0862, 0x0862, 0x0862, 0x0862, 0x0862, 0x0862, 0x0862, 0x0862, 0x0862, 0x0862,
  0x1062, 0x1062, 0x1062, 0x1062, 0x1062, 0x1062, 0x1062, 0x1062, 0x1862, 0x1882, 0x1882, 0x1862, 0x1062, 0x1062, 0x1062, 0x1062,
  0x1062, 0x1062, 0x1062, 0x1062, 0x1062, 0x1062, 0x1062, 0x1062, 0x1062, 0x1062, 0x1862, 0x1862, 0x1862, 0x1882, 0x2082, 0x2082,
  0x28A2, 0x38A2, 0x40C2, 0x40E2, 0x4902, 0x4902, 0x4902, 0x5102, 0x5122, 0x5122, 0x5122, 0x6142, 0x5942, 0x5922, 0x5122, 0x5102,
  0x5102, 0x5102, 0x5102, 0x5102, 0x5122, 0x5942, 0x6162, 0x6982, 0x69A2, 0x71A2, 0x79C2, 0x81E2, 0x8A02, 0x9222, 0xA262, 0xA262,
  0xA262, 0x9222, 0x8A02, 0x81E2, 0x79C2, 0x71C2, 0x71A2, 0x71A2, 0x71A2, 0x71A2, 0x71A2, 0x71C2, 0x71C2, 0x71C2, 0x71C2, 0x71C2,
  0x71C2, 0x71C2, 0x71C2, 0x71C2, 0x69C2, 0x69A2, 0x69A2, 0x61A2, 0x6182, 0x6182, 0x5962, 0x5962, 0x5162, 0x5142, 0x5122, 0x4922,
  0x4902, 0x4102, 0x40E2, 0x38E2, 0x38C2, 0x38C2, 0x30C2, 0x30C2, 0x30A2, 0x30A2, 0x30A2, 0x30A2, 0x30A2, 0x30A2, 0x30A2, 0x30C2,
  0x30C2, 0x30C2, 0x30C2, 0x28A2, 0x28A2, 0x28A2, 0x2082, 0x2082, 0x2082, 0x2082, 0x1882, 0x1862, 0x1862, 0x1862, 0x1862, 0x1862,
  0x1862, 0x1862, 0x1862, 0x1862, 0x1862, 0x1862, 0x1862, 0x1862, 0x1862, 0x1062, 0x1062, 0x1062, 0x1062, 0x1062, 0x1062, 0x1062,
  0x1062, 0x1062, 0x1062, 0x1062, 0x1062, 0x1062, 0x1062, 0x1062, 0x1062, 0x1062, 0x1062, 0x1062, 0x1062, 0x0862, 0x0862, 0x0862,
  0x0862, 0x0862, 0x0862, 0x0862, 0x0862, 0x0862, 0x0862, 0x0862, 0x0862, 0x0862, 0x0862, 0x0862, 0x0862, 0x0862, 0x0862, 0x0862,
  0x0862, 0x0862, 0x0862, 0x0862, 0x0862, 0x0862, 0x0862, 0x0862, 0x0862, 0x0862, 0x0862, 0x0862, 0x0862, 0x0862, 0x0862, 0x0862,
  0x0862, 0x0862, 0x0862, 0x0862, 0x0862, 0x0862, 0x0862, 0x0862, 0x0862, 0x0862, 0x0862, 0x0862, 0x0862, 0x0862, 0x0862, 0x0862,
  0x0862, 0x0862, 0x0862, 0x0862, 0x0862, 0x0862, 0x0862, 0x0862, 0x0862, 0x0862, 0x0862, 0x0862, 0x0862, 0x0862, 0x0862, 0x0862,
  0x0862, 0x0862, 0x0862, 0x0862, 0x0862, 0x0862, 0x0862, 0x0862, 0x0862, 0x0862, 0x0862, 0x0862, 0x0862, 0x0862, 0x0862, 0x0862,
  0x0862, 0x0862, 0x0862, 0x0862, 0x0862, 0x0862, 0x0862, 0x0862, 0x0862, 0x0862, 0x0862, 0x0862, 0x0862, 0x0862, 0x0862, 0x0862,
  0x0862, 0x0862, 0x0862, 0x0862, 0x0862, 0x0862, 0x0862, 0x0862, 0x0862, 0x0862, 0x0862, 0x0862, 0x0862, 0x0862, 0x0862, 0x0862,
  0x0862, 0x0862, 0x0862, 0x0862, 0x0862, 0x0862, 0x0862, 0x0862, 0x0862, 0x0862, 0x0862, 0x0862, 0x0862, 0x0862, 0x0862, 0x0862,
  0x0862, 0x0862, 0x0862, 0x0862, 0x0862, 0x0862, 0x0862, 0x0862, 0x0862, 0x0862, 0x0862, 0x0862, 0x0862, 0x0862, 0x0862, 0x0862,
  0x0862, 0x0862, 0x0862, 0x0862, 0x0862, 0x0862, 0x0862, 0x0862, 0x0862, 0x0862, 0x0862, 0x0862, 0x0862, 0x0862, 0x0862, 0x1062,
  0x1062, 0x1062, 0x1062, 0x1062, 0x1062, 0x1062, 0x1062, 0x1862, 0x1882, 0x1882, 0x1882, 0x1062, 0x1062, 0x1062, 0x1062, 0x1062,
  0x1062, 0x1062, 0x1062, 0x1062, 0x1062, 0x1062, 0x1062, 0x1062, 0x1062, 0x1862, 0x1882, 0x1882, 0x1882, 0x2082, 0x2082, 0x30A2,
  0x38C2, 0x40E2, 0x4102, 0x4902, 0x4902, 0x5102, 0x5122, 0x5122, 0x5122, 0x5122, 0x6142, 0x6142, 0x5922, 0x5122, 0x5102, 0x5102,
  0x5122, 0x5122, 0x5922, 0x5942, 0x6162, 0x6982, 0x71A2, 0x71C2, 0x79C2, 0x8A02, 0x9222, 0x9A42, 0xAA82, 0xAAA2, 0xAA82, 0x9A42,
  0x9222, 0x8A02, 0x81E2, 0x81E2, 0x81E2, 0x81E2, 0x8202, 0x8202, 0x8A22, 0x8A42, 0x8A42, 0x9242, 0x9262, 0x8A62, 0x8A62, 0x8A42,
  0x8242, 0x8242, 0x8222, 0x7A22, 0x7A02, 0x7202, 0x7202, 0x71E2, 0x69C2, 0x69C2, 0x61A2, 0x61A2, 0x6182, 0x5982, 0x5962, 0x5962,
  0x5142, 0x5142, 0x4922, 0x4922, 0x4102, 0x4102, 0x38E2, 0x38E2, 0x38C2, 0x30C2, 0x30A2, 0x30A2, 0x30A2, 0x28A2, 0x28A2, 0x28A2,
  0x28A2, 0x28A2, 0x30A2, 0x30C2, 0x30C2, 0x28A2, 0x28A2, 0x2882, 0x2082, 0x2082, 0x2082, 0x1882, 0x1862, 0x1862, 0x1862, 0x1862,
  0x1862, 0x1062, 0x1062, 0x1062, 0x1862, 0x1862, 0x1862, 0x1862, 0x1862, 0x1862, 0x1062, 0x1062, 0x1062, 0x1062, 0x1062, 0x1062,
  0x1062, 0x1062, 0x1062, 0x0862, 0x1062, 0x1062, 0x1062, 0x1062, 0x1062, 0x1062, 0x1062, 0x1062, 0x1062, 0x1062, 0x0862, 0x0862,
  0x0862, 0x0862, 0x0862, 0x0862, 0x0862, 0x0862, 0x0862, 0x0862, 0x0862, 0x0862, 0x0862, 0x0862, 0x0862, 0x0862, 0x0862, 0x0862,
  0x0862, 0x0862, 0x0862, 0x0862, 0x0862, 0x0862, 0x0862, 0x0862, 0x0862, 0x0862, 0x0862, 0x0862, 0x0862, 0x0862, 0x0862, 0x0862,
  0x0862, 0x0862, 0x0862, 0x0862, 0x0862, 0x0862, 0x0862, 0x0862, 0x0862, 0x0862, 0x0862, 0x0862, 0x0862, 0x0862, 0x0862, 0x0862,
  0x0862, 0x0862, 0x0862, 0x0862, 0x0862, 0x0862, 0x0862, 0x0862, 0x0862, 0x0862, 0x0862, 0x0862, 0x0862, 0x0862, 0x0862, 0x0862,
  0x0862, 0x0862, 0x0862, 0x0862, 0x0862, 0x0862, 0x0862, 0x0862, 0x0862, 0x0862, 0x0862, 0x0862, 0x0862, 0x0862, 0x0862, 0x0862,
  0x0862, 0x0862, 0x0862, 0x0862, 0x0862, 0x0862, 0x0862, 0x0862, 0x0862, 0x0862, 0x0862, 0x0862, 0x0862, 0x0862, 0x0862, 0x0862,
  0x0862, 0x0862, 0x0862, 0x0862, 0x0862, 0x0862, 0x0862, 0x0862, 0x0862, 0x0862, 0x0862, 0x0862, 0x0862, 0x0862, 0x0862, 0x0862,
  0x0862, 0x0862, 0x0862, 0x0862, 0x0862, 0x0862, 0x0862, 0x0862, 0x0862, 0x0862, 0x0862, 0x0862, 0x0862, 0x0862, 0x0862, 0x0862,
  0x0862, 0x0862, 0x0862, 0x0862, 0x0862, 0x0862, 0x0862, 0x0862, 0x0862, 0x0862, 0x0862, 0x0862, 0x0862, 0x0862, 0x0862, 0x0862,
  0x0862, 0x0862, 0x0862, 0x0862, 0x0862, 0x0862, 0x0862, 0x0862, 0x0862, 0x0862, 0x0862, 0x0862, 0x0862, 0x0862, 0x1062, 0x1062,
  0x1062, 0x1062, 0x1062, 0x1062, 0x1062, 0x1062, 0x1062, 0x1882, 0x1882, 0x1882, 0x1862, 0x1062, 0x1062, 0x1062, 0x1062, 0x1062,
  0x1062, 0x1062, 0x1062, 0x1062, 0x1062, 0x1062, 0x1062, 0x1062, 0x1862, 0x1862, 0x1882, 0x2082, 0x2082, 0x2882, 0x30A2, 0x38C2,
  0x40E2, 0x4902, 0x4902, 0x4902, 0x5122, 0x5122, 0x5122, 0x5122, 0x5922, 0x6142, 0x6162, 0x6142, 0x5122, 0x5122, 0x5122, 0x5122,
  0x5942, 0x6142, 0x6182, 0x71A2, 0x71C2, 0x79C2, 0x81E2, 0x8A02, 0x9A42, 0xA262, 0xAAA2, 0xBAA2, 0xB2A2, 0xAA62, 0x9A42, 0x9222,
  0x9222, 0x9222, 0x9222, 0x9242, 0x9A62, 0xA282, 0xA2C2, 0xAAC2, 0xAAE2, 0xAAE2, 0xA2E2, 0xA2E2, 0x9AE2, 0x9AE2, 0x9AE2, 0x9AE2,
  0x9AE2, 0x92E2, 0x92E2, 0x92E2, 0x92C2, 0x8AC2, 0x8AC2, 0x82A2, 0x8282, 0x7A62, 0x7A42, 0x7222, 0x6A02, 0x69E2, 0x61C2, 0x61A2,
  0x5982, 0x5182, 0x5162, 0x4942, 0x4922, 0x4922, 0x4102, 0x4102, 0x4102, 0x38E2, 0x38E2, 0x30C2, 0x30C2, 0x30A2, 0x28A2, 0x28A2,
  0x28A2, 0x28A2, 0x28A2, 0x28A2, 0x28A2, 0x28A2, 0x30C2, 0x28A2, 0x28A2, 0x2882, 0x2082, 0x2082, 0x2082, 0x1882, 0x1862, 0x1862,
  0x1862, 0x1062, 0x1062, 0x1062, 0x1062, 0x1062, 0x1062, 0x1862, 0x1862, 0x1862, 0x1862, 0x1862, 0x1062, 0x1062, 0x1062, 0x1062,
  0x1062, 0x1062, 0x0862, 0x0862, 0x0862, 0x0862, 0x0862, 0x0862, 0x1062, 0x0862, 0x1062, 0x1062, 0x0862, 0x1062, 0x0862, 0x0862,
  0x0862, 0x0862, 0x0862, 0x0862, 0x0862, 0x0862, 0x0862, 0x0862, 0x0862, 0x0862, 0x0862, 0x0862, 0x0862, 0x0862, 0x0862, 0x0862,
  0x0862, 0x0862, 0x0862, 0x0862, 0x0862, 0x0862, 0x0862, 0x0862, 0x0862, 0x0862, 0x0862, 0x0862, 0x0862, 0x0862, 0x0862, 0x0862,
  0x0862, 0x0862, 0x0862, 0x0862, 0x0862, 0x0862, 0x0862, 0x0862, 0x0862, 0x0862, 0x0862, 0x0862, 0x0862, 0x0862, 0x0862, 0x0862,
  0x0862, 0x0862, 0x0862, 0x0862, 0x0862, 0x0862, 0x0862, 0x0862, 0x0862, 0x0862, 0x0862, 0x0862, 0x0862, 0x0862, 0x0862, 0x0862,
  0x0862, 0x0862, 0x0862, 0x0862, 0x0862, 0x0862, 0x0862, 0x0862, 0x0862, 0x0862, 0x0862, 0x0862, 0x0862, 0x0862, 0x0862, 0x0862,
  0x0862, 0x0862, 0x0862, 0x0862, 0x0862, 0x0862, 0x0862, 0x0862, 0x0862, 0x0862, 0x0862, 0x0862, 0x0862, 0x0862, 0x0862, 0x0862,
  0x0862, 0x0862, 0x0862, 0x0862, 0x0862, 0x0862, 0x0862, 0x0862, 0x0862, 0x0862, 0x0862, 0x0862, 0x0862, 0x0862, 0x0862, 0x0862,
  0x0862, 0x0862, 0x0862, 0x0862, 0x0862, 0x0862, 0x0862, 0x0862, 0x0862, 0x0862, 0x0862, 0x0862, 0x0862, 0x0862, 0x0862, 0x0862,
  0x0862, 0x0862, 0x0862, 0x0862, 0x0862, 0x0862, 0x0862, 0x0862, 0x0862, 0x0862, 0x0862, 0x0862, 0x0862, 0x0862, 0x0862, 0x0862,
  0x0862, 0x0862, 0x0862, 0x0862, 0x0862, 0x0862, 0x0862, 0x0862, 0x0862, 0x0862, 0x0862, 0x0862, 0x0862, 0x1062, 0x1062, 0x1062,
  0x1062, 0x1062, 0x1062, 0x1062, 0x1062, 0x1062, 0x1882, 0x1882, 0x1882, 0x1882, 0x1862, 0x1062, 0x1062, 0x1062, 0x1062, 0x1062,
  0x1062, 0x1062, 0x1062, 0x1062, 0x1062, 0x1062, 0x1062, 0x1062, 0x1862, 0x1862, 0x1882, 0x2082, 0x28A2, 0x38C2, 0x38C2, 0x40E2,
  0x4902, 0x4902, 0x5122, 0x5122, 0x5122, 0x5122, 0x5122, 0x5922, 0x6142, 0x6142, 0x6142, 0x5942, 0x5122, 0x5922, 0x5942, 0x6142,
  0x6982, 0x71A2, 0x79C2, 0x79E2, 0x81E2, 0x8A02, 0x9A62, 0xAA82, 0xB2A2, 0xBAC2, 0xC2E2, 0xBAA2, 0xAA82, 0xA262, 0x9A62, 0xA262,
  0xA282, 0xAAC2, 0xB302, 0xBB22, 0xC342, 0xC362, 0xBB42, 0xBB42, 0xB342, 0xB342, 0xB362, 0xB362, 0xB382, 0xB383, 0xB383, 0xB3A3,
  0xB3A3, 0xB3A3, 0xB3A3, 0xB3C3, 0xB3C3, 0xABC3, 0xABC3, 0xABC3, 0xABC3, 0xABC3, 0xA3A3, 0x9B83, 0x9B63, 0x9322, 0x8AE2, 0x7AA2,
  0x7242, 0x6A22, 0x61E2, 0x61C2, 0x59A2, 0x5162, 0x4942, 0x4122, 0x4102, 0x40E2, 0x38E2, 0x38E2, 0x38E2, 0x38C2, 0x30C2, 0x30A2,
  0x28A2, 0x28A2, 0x2882, 0x2882, 0x2882, 0x28A2, 0x28A2, 0x28A2, 0x28C2, 0x28A2, 0x28A2, 0x2082, 0x2082, 0x2082, 0x2082, 0x1882,
  0x1862, 0x1862, 0x1062, 0x1062, 0x1062, 0x1062, 0x1062, 0x1062, 0x1062, 0x1062, 0x1062, 0x1862, 0x1862, 0x1062, 0x1062, 0x1062,
  0x1062, 0x0862, 0x0862, 0x0862, 0x0862, 0x0862, 0x0862, 0x0862, 0x0862, 0x0862, 0x0862, 0x0862, 0x0862, 0x0862, 0x0862, 0x0862,
  0x0862, 0x0862, 0x0862, 0x0862, 0x0862, 0x0862, 0x0862, 0x0862, 0x0862, 0x0862, 0x0862, 0x0862, 0x0862, 0x0862, 0x0862, 0x0862,
  0x0862, 0x0862, 0x0862, 0x0862, 0x0862, 0x0862, 0x0862, 0x0862, 0x0862, 0x0862, 0x0862, 0x0862, 0x0862, 0x0862, 0x0862, 0x0862,
  0x0862, 0x0862, 0x0862, 0x0862, 0x0862, 0x0862, 0x0862, 0x0862, 0x0862, 0x0862, 0x0862, 0x0862, 0x0862, 0x0862, 0x0862, 0x0862,
  0x0862, 0x0862, 0x0862, 0x0862, 0x0862, 0x0862, 0x0862, 0x0862, 0x0862, 0x0862, 0x0862, 0x0862, 0x0862, 0x0862, 0x0862, 0x0862,
  0x0862, 0x0862, 0x0862, 0x0862, 0x0862, 0x0862, 0x0862, 0x0862, 0x0862, 0x0862, 0x0862, 0x0862, 0x0862, 0x0862, 0x0862, 0x0862,
  0x0862, 0x0862, 0x0862, 0x0862, 0x0862, 0x0862, 0x0862, 0x0862, 0x0862, 0x0862, 0x0862, 0x0862, 0x0862, 0x0862, 0x0862, 0x0862,
  0x0862, 0x0862, 0x0862, 0x0862, 0x0862, 0x0862, 0x0862, 0x0862, 0x0862, 0x0862, 0x0862, 0x0862, 0x0862, 0x0862, 0x0862, 0x0862,
  0x0862, 0x0862, 0x0862, 0x0862, 0x0862, 0x0862, 0x0862, 0x0862, 0x0862, 0x0862, 0x0862, 0x0862, 0x0862, 0x0862, 0x0862, 0x0862,
  0x0862, 0x0862, 0x0862, 0x0862, 0x0862, 0x0862, 0x0862, 0x0862, 0x0862, 0x0862, 0x0862, 0x0862, 0x0862, 0x0862, 0x0862, 0x0862,
  0x0862, 0x0862, 0x0862, 0x0862, 0x0862, 0x0862, 0x0862, 0x0862, 0x0862, 0x0862, 0x0862, 0x0862, 0x1062, 0x1062, 0x1062, 0x1062,
  0x1062, 0x1062, 0x1062, 0x1062, 0x1062, 0x1882, 0x1882, 0x1882, 0x1882, 0x1862, 0x1862, 0x1062, 0x1062, 0x1062, 0x1062, 0x1062,
  0x1062, 0x1062, 0x1062, 0x1062, 0x1062, 0x1062, 0x1862, 0x1862, 0x1862, 0x1882, 0x2082, 0x2882, 0x30A2, 0x38C2, 0x4902, 0x4902,
  0x5102, 0x5122, 0x5122, 0x5122, 0x5122, 0x5122, 0x5942, 0x6162, 0x6962, 0x6142, 0x6142, 0x6142, 0x5942, 0x6142, 0x6162, 0x71A2,
  0x79E2, 0x81E2, 0x81E2, 0x8A22, 0x9A62, 0xB2A2, 0xBAC2, 0xC2E2, 0xCB02, 0xCAE2, 0xBAC2, 0xB2A2, 0xB2A2, 0xB2C2, 0xC302, 0xCB62,
  0xD3A2, 0xDBC2, 0xD3C2, 0xD3A2, 0xCBA2, 0xC3A2, 0xC3A2, 0xC3A2, 0xC3C3, 0xC3C3, 0xC3C3, 0xC3C3, 0xC3C2, 0xC3A2, 0xBBA3, 0xBBA3,
  0xBB82, 0xB382, 0xB382, 0xB382, 0xB382, 0xB382, 0xB3A3, 0xB3A3, 0xB3C3, 0xB3E3, 0xB403, 0xBC23, 0xBC43, 0xBC63, 0xBC83, 0xB464,
  0xB444, 0xA3E4, 0x9363, 0x82C2, 0x7261, 0x6A21, 0x61E2, 0x59C2, 0x5182, 0x4922, 0x4102, 0x38E2, 0x38E2, 0x38C2, 0x38C2, 0x38C2,
  0x30C2, 0x30A2, 0x28A2, 0x2882, 0x2882, 0x2882, 0x2882, 0x2882, 0x28A2, 0x28A2, 0x28A2, 0x28A2, 0x28A2, 0x2082, 0x2082, 0x2082,
  0x1882, 0x1862, 0x1062, 0x1062, 0x1062, 0x1062, 0x1062, 0x1062, 0x1062, 0x1062, 0x1062, 0x1062, 0x1062, 0x1062, 0x1062, 0x1062,
  0x1062, 0x1062, 0x0862, 0x0862, 0x0862, 0x0862, 0x0862, 0x0862, 0x0862, 0x0862, 0x0862, 0x0862, 0x0862, 0x0862, 0x0862, 0x0862,
  0x0862, 0x0862, 0x0862, 0x0862, 0x0862, 0x0862, 0x0862, 0x0862, 0x0862, 0x0862, 0x0862, 0x0862, 0x0862, 0x0862, 0x0862, 0x0862,
  0x0862, 0x0862, 0x0862, 0x0862, 0x0862, 0x0862, 0x0862, 0x0862, 0x0862, 0x0862, 0x0862, 0x0862, 0x0862, 0x0862, 0x0862, 0x0862,
  0x0862, 0x0862, 0x0862, 0x0862, 0x0862, 0x0862, 0x0862, 0x0862, 0x0862, 0x0862, 0x0862, 0x0862, 0x0862, 0x0862, 0x0862, 0x0862,
  0x0862, 0x0862, 0x0862, 0x0862, 0x0862, 0x0862, 0x0862, 0x0862, 0x0862, 0x0862, 0x0862, 0x0862, 0x0862, 0x0862, 0x0862, 0x0862,
  0x0862, 0x0862, 0x0862, 0x0862, 0x0862, 0x0862, 0x0862, 0x0862, 0x0862, 0x0862, 0x0862, 0x0862, 0x0862, 0x0862, 0x0862, 0x0862,
  0x0862, 0x0862, 0x0862, 0x0862, 0x0862, 0x0862, 0x0862, 0x0862, 0x0862, 0x0862, 0x0862, 0x0862, 0x0862, 0x0862, 0x0862, 0x0862,
  0x0862, 0x0862, 0x0862, 0x0862, 0x0862, 0x0862, 0x0862, 0x0862, 0x0862, 0x0862, 0x0862, 0x0862, 0x0862, 0x0862, 0x0862, 0x0862,
  0x0862, 0x0862, 0x0862, 0x0862, 0x0862, 0x0862, 0x0862, 0x0862, 0x0862, 0x0862, 0x0862, 0x0862, 0x0862, 0x0862, 0x0862, 0x0862,
  0x0862, 0x0862, 0x0862, 0x0862, 0x0862, 0x0862, 0x0862, 0x0862, 0x0862, 0x0862, 0x0862, 0x0862, 0x0862, 0x0862, 0x0862, 0x0862,
  0x0862, 0x0862, 0x0862, 0x0862, 0x0862, 0x0862, 0x0862, 0x0862, 0x0862, 0x0862, 0x0862, 0x1062, 0x1062, 0x1062, 0x1062, 0x1062,
  0x1062, 0x1062, 0x1062, 0x1062, 0x1862, 0x1882, 0x1882, 0x1882, 0x1882, 0x1862, 0x1062, 0x1062, 0x1062, 0x1062, 0x1062, 0x1062,
  0x1062, 0x1062, 0x1062, 0x1062, 0x1062, 0x1862, 0x1862, 0x1862, 0x1882, 0x2082, 0x2882, 0x30A2, 0x38C2, 0x40E2, 0x4902, 0x5122,
  0x5942, 0x5122, 0x5122, 0x5122, 0x5922, 0x5942, 0x6962, 0x6962, 0x6142, 0x5942, 0x6142, 0x6162, 0x6162, 0x6982, 0x79C2, 0x8202,
  0x8A02, 0x8A22, 0x9A42, 0xB2A2, 0xBAE2, 0xC2E2, 0xD302, 0xDB42, 0xD302, 0xC2E2, 0xC302, 0xD342, 0xDBA2, 0xEC02, 0xF422, 0xF402,
  0xE402, 0xE403, 0xDC03, 0xDC03, 0xDC03, 0xDC03, 0xDC03, 0xDBE2, 0xD3E2, 0xD3C2, 0xCBA2, 0xCB82, 0xC382, 0xBB82, 0xBB82, 0xB362,
  0xB362, 0xB362, 0xB362, 0xAB62, 0xAB62, 0xB362, 0xB363, 0xB382, 0xB382, 0xB382, 0xB382, 0xB382, 0xB3A2, 0xB3A3, 0xB3E3, 0xB423,
  0xBC84, 0xC4E5, 0xCD67, 0xC568, 0xBCE7, 0xAC45, 0x9363, 0x7AA1, 0x6A21, 0x61E2, 0x59C2, 0x4962, 0x4122, 0x38E2, 0x38C2, 0x30C2,
  0x30C2, 0x30C2, 0x30C2, 0x30A2, 0x28A2, 0x2882, 0x2882, 0x2882, 0x2082, 0x2882, 0x28A2, 0x28A2, 0x28A2, 0x28A2, 0x20A2, 0x2082,
  0x2082, 0x1882, 0x1882, 0x1862, 0x1062, 0x1062, 0x1062, 0x1062, 0x1062, 0x1062, 0x1062, 0x1062, 0x1062, 0x1062, 0x1062, 0x1062,
  0x1062, 0x1062, 0x1062, 0x0862, 0x0862, 0x0862, 0x0862, 0x0862, 0x0862, 0x0862, 0x0862, 0x0862, 0x0862, 0x0862, 0x0862, 0x0862,
  0x0862, 0x0862, 0x0862, 0x0862, 0x0862, 0x0862, 0x0862, 0x0862, 0x0862, 0x0862, 0x0862, 0x0862, 0x0862, 0x0862, 0x0862, 0x0862,
  0x0862, 0x0862, 0x0862, 0x0862, 0x0862, 0x0862, 0x0862, 0x0862, 0x0862, 0x0862, 0x0862, 0x0862, 0x0862, 0x0862, 0x0862, 0x0862,
  0x0862, 0x0862, 0x0862, 0x0862, 0x0862, 0x0862, 0x0862, 0x0862, 0x0862, 0x0862, 0x0862, 0x0862, 0x0862, 0x0862, 0x0862, 0x0862,
  0x0862, 0x0862, 0x0862, 0x0862, 0x0862, 0x0862, 0x0862, 0x0862, 0x0862, 0x0862, 0x0862, 0x0862, 0x0862, 0x0862, 0x0862, 0x0862,
  0x0862, 0x0862, 0x0862, 0x0862, 0x0862, 0x0862, 0x0862, 0x0862, 0x0862, 0x0862, 0x0862, 0x0862, 0x0862, 0x0862, 0x0862, 0x0862,
  0x0862, 0x0862, 0x0862, 0x0862, 0x0862, 0x0862, 0x0862, 0x0862, 0x0862, 0x0862, 0x0862, 0x0862, 0x0862, 0x0862, 0x0862, 0x0862,
  0x0862, 0x0862, 0x0862, 0x0862, 0x0862, 0x0862, 0x0862, 0x0862, 0x0862, 0x0862, 0x0862, 0x0862, 0x0862, 0x0862, 0x0862, 0x0862,
  0x0862, 0x0862, 0x0862, 0x0862, 0x0862, 0x0862, 0x0862, 0x0862, 0x0862, 0x0862, 0x0862, 0x0862, 0x0862, 0x0862, 0x0862, 0x0862,
  0x0862, 0x0862, 0x0862, 0x0862, 0x0862, 0x0862, 0x0862, 0x0862, 0x0862, 0x0862, 0x0862, 0x0862, 0x0862, 0x0862, 0x0862, 0x0862,
  0x0862, 0x0862, 0x0862, 0x0862, 0x0862, 0x0862, 0x0862, 0x0862, 0x0862, 0x0862, 0x1062, 0x1062, 0x1062, 0x1062, 0x1062, 0x1062,
  0x1062, 0x1062, 0x1062, 0x1862, 0x1882, 0x1882, 0x1882, 0x1882, 0x1862, 0x1862, 0x1062, 0x1062, 0x1062, 0x1062, 0x1062, 0x1062,
  0x1062, 0x1062, 0x1062, 0x1062, 0x1862, 0x1862, 0x1862, 0x1882, 0x2082, 0x2882, 0x30A2, 0x38C2, 0x40E2, 0x4902, 0x5122, 0x5122,
  0x5942, 0x5942, 0x5122, 0x5922, 0x6142, 0x6962, 0x6962, 0x6962, 0x6142, 0x6142, 0x6962, 0x7182, 0x79C2, 0x81E2, 0x8A02, 0x9222,
  0x9A62, 0xAAA2, 0xBAE2, 0xC2E2, 0xD322, 0xEB62, 0xEB62, 0xE342, 0xDB62, 0xEBA2, 0xF402, 0xFC63, 0xFC83, 0xFC63, 0xFC43, 0xF463,
  0xF463, 0xF463, 0xEC43, 0xE402, 0xDBE2, 0xD3C3, 0xCBA2, 0xC3A2, 0xBB82, 0xBB83, 0xB363, 0xB363, 0xB362, 0xB362, 0xB362, 0xB382,
  0xBB82, 0xBB82, 0xBB82, 0xB382, 0xB382, 0xB382, 0xAB82, 0xAB83, 0xAB83, 0xAB83, 0xABA3, 0xB3C3, 0xBBE3, 0xBBE3, 0xBBC3, 0xBBC3,
  0xB3A2, 0xB3A2, 0xB3C2, 0xB444, 0xC4E6, 0xCDA9, 0xCDEB, 0xC5AA, 0xACA7, 0x9383, 0x7AA1, 0x6A21, 0x59E2, 0x5182, 0x4122, 0x3902,
  0x30C2, 0x30C2, 0x30C2, 0x30C2, 0x30C2, 0x30A2, 0x28A2, 0x2882, 0x2082, 0x2082, 0x2082, 0x2082, 0x28A2, 0x28A2, 0x28A2, 0x28A2,
  0x2082, 0x2082, 0x1882, 0x1882, 0x1862, 0x1062, 0x1062, 0x1062, 0x1062, 0x1062, 0x1062, 0x1062, 0x1062, 0x1062, 0x1062, 0x1062,
  0x1062, 0x1062, 0x1062, 0x1062, 0x0862, 0x0862, 0x0862, 0x0862, 0x0862, 0x0862, 0x0862, 0x0862, 0x0862, 0x0862, 0x0862, 0x0862,
  0x0862, 0x0862, 0x0862, 0x0862, 0x0862, 0x0862, 0x0862, 0x0862, 0x0862, 0x0862, 0x0862, 0x0862, 0x0862, 0x0862, 0x0862, 0x0862,
  0x0862, 0x0862, 0x0862, 0x0862, 0x0862, 0x0862, 0x0862, 0x0862, 0x0862, 0x0862, 0x0862, 0x0862, 0x0862, 0x0862, 0x0862, 0x0862,
  0x0862, 0x0862, 0x0862, 0x0862, 0x0862, 0x0862, 0x0862, 0x0862, 0x0862, 0x0862, 0x0862, 0x0862, 0x0862, 0x0862, 0x0862, 0x0862,
  0x0862, 0x0862, 0x0862, 0x0862, 0x0862, 0x0862, 0x0862, 0x0862, 0x0862, 0x0862, 0x0862, 0x0862, 0x0862, 0x0862, 0x0862, 0x0862,
  0x0862, 0x0862, 0x0862, 0x0862, 0x0862, 0x0862, 0x0862, 0x0862, 0x0862, 0x0862, 0x0862, 0x0862, 0x0862, 0x0862, 0x0862, 0x0862,
  0x0862, 0x0862, 0x0862, 0x0862, 0x0862, 0x0862, 0x0862, 0x0862, 0x0862, 0x0862, 0x0862, 0x0862, 0x0862, 0x0862, 0x0862, 0x0862,
  0x0862, 0x0862, 0x0862, 0x0862, 0x0862, 0x0862, 0x0862, 0x0862, 0x0862, 0x0862, 0x0862, 0x0862, 0x0862, 0x0862, 0x0862, 0x0862,
  0x0862, 0x0862, 0x0862, 0x0862, 0x0862, 0x0862, 0x0862, 0x0862, 0x0862, 0x0862, 0x0862, 0x0862, 0x0862, 0x0862, 0x0862, 0x0862,
  0x0862, 0x0862, 0x0862, 0x0862, 0x0862, 0x0862, 0x0862, 0x0862, 0x0862, 0x0862, 0x0862, 0x0862, 0x0862, 0x0862, 0x0862, 0x0862,
  0x0862, 0x0862, 0x0862, 0x0862, 0x0862, 0x0862, 0x0862, 0x0862, 0x0862, 0x0862, 0x1062, 0x1062, 0x1062, 0x1062, 0x1062, 0x1062,
  0x1062, 0x1062, 0x1862, 0x1882, 0x1882, 0x1882, 0x1882, 0x1882, 0x1862, 0x1862, 0x1062, 0x1062, 0x1062, 0x1062, 0x1062, 0x1062,
  0x1062, 0x1062, 0x1062, 0x1862, 0x1862, 0x1862, 0x1882, 0x2082, 0x2882, 0x30A2, 0x38C2, 0x40E2, 0x4902, 0x5122, 0x5942, 0x5942,
  0x5922, 0x5942, 0x5942, 0x6142, 0x6962, 0x7182, 0x6962, 0x6962, 0x6962, 0x6982, 0x71A2, 0x81E2, 0x8A02, 0x8A22, 0x9A42, 0xB2A2,
  0xBAE2, 0xC302, 0xD302, 0xEB62, 0xFBC2, 0xFBE2, 0xF3C2, 0xFC02, 0xFC63, 0xFCC3, 0xFCE3, 0xFCC3, 0xFCE3, 0xFCC3, 0xFCC3, 0xFCA3,
  0xF463, 0xEC22, 0xDBE2, 0xCBC2, 0xC3A2, 0xC382, 0xC382, 0xCB62, 0xD362, 0xDB82, 0xE382, 0xE382, 0xEBA2, 0xEBA2, 0xEBA2, 0xF3C2,
  0xF3C2, 0xF3C2, 0xF3C2, 0xEBC2, 0xEBE2, 0xEBE2, 0xEBE2, 0xE3C2, 0xDBC2, 0xDBC2, 0xCBC2, 0xC3A2, 0xBBA2, 0xB3A2, 0xB3C2, 0xB3E3,
  0xBC03, 0xC423, 0xC403, 0xBBC2, 0xB3A2, 0xABA2, 0xAC03, 0xBCC6, 0xCDAA, 0xCE2D, 0xC5CB, 0xA466, 0x8B22, 0x7261, 0x6202, 0x51A2,
  0x4142, 0x3902, 0x30C2, 0x30A2, 0x30A2, 0x30A2, 0x30A2, 0x30A2, 0x28A2, 0x2082, 0x2082, 0x2082, 0x2082, 0x2082, 0x28A2, 0x28A2,
  0x28A2, 0x28A2, 0x2082, 0x1882, 0x1882, 0x1862, 0x1062, 0x1062, 0x1062, 0x1062, 0x1062, 0x1062, 0x1062, 0x1062, 0x1062, 0x1062,
  0x1062, 0x1062, 0x1062, 0x1062, 0x0862, 0x0862, 0x0862, 0x0862, 0x0862, 0x0862, 0x0862, 0x0862, 0x0862, 0x0862, 0x0862, 0x0862,
  0x0862, 0x0862, 0x0862, 0x0862, 0x0862, 0x0862, 0x0862, 0x0862, 0x0862, 0x0862, 0x0862, 0x0862, 0x0862, 0x0862, 0x0862, 0x0862,
  0x0862, 0x0862, 0x0862, 0x0862, 0x0862, 0x0862, 0x0862, 0x0862, 0x0862, 0x0862, 0x0862, 0x0862, 0x0862, 0x0862, 0x0862, 0x0862,
  0x0862, 0x0862, 0x0862, 0x0862, 0x0862, 0x0862, 0x0862, 0x0862, 0x0862, 0x0862, 0x0862, 0x0862, 0x0862, 0x0862, 0x0862, 0x0862,
  0x0862, 0x0862, 0x0862, 0x0862, 0x0862, 0x0862, 0x0862, 0x0862, 0x0862, 0x0862, 0x0862, 0x0862, 0x0862, 0x0862, 0x0862, 0x0862,
  0x0862, 0x0862, 0x0862, 0x0862, 0x0862, 0x0862, 0x0862, 0x0862, 0x0862, 0x0862, 0x0862, 0x0862, 0x0862, 0x0862, 0x0862, 0x0862,
  0x0862, 0x0862, 0x0862, 0x0862, 0x0862, 0x0862, 0x0862, 0x0862, 0x0862, 0x0862, 0x0862, 0x0862, 0x0862, 0x0862, 0x0862, 0x0862,
  0x0862, 0x0862, 0x0862, 0x0862, 0x0862, 0x0862, 0x0862, 0x0862, 0x0862, 0x0862, 0x0862, 0x0862, 0x0862, 0x0862, 0x0862, 0x0862,
  0x0862, 0x0862, 0x0862, 0x0862, 0x0862, 0x0862, 0x0862, 0x0862, 0x0862, 0x0862, 0x0862, 0x0862, 0x0862, 0x0862, 0x0862, 0x0862,
  0x0862, 0x0862, 0x0862, 0x0862, 0x0862, 0x0862, 0x0862, 0x0862, 0x0862, 0x0862, 0x0862, 0x0862, 0x0862, 0x0862, 0x0862, 0x0862,
  0x0862, 0x0862, 0x0862, 0x0862, 0x0862, 0x0862, 0x0862, 0x0862, 0x0862, 0x1062, 0x1062, 0x1062, 0x1062, 0x1062, 0x1062, 0x1062,
  0x1062, 0x1862, 0x1882, 0x1882, 0x1882, 0x1882, 0x1882, 0x1882, 0x1862, 0x1862, 0x1062, 0x1062, 0x1062, 0x1062, 0x1062, 0x1062,
  0x1062, 0x1062, 0x1862, 0x1862, 0x1862, 0x1882, 0x2082, 0x2882, 0x30A2, 0x38C2, 0x40E2, 0x4902, 0x5122, 0x5942, 0x5942, 0x5942,
  0x5922, 0x5922, 0x6142, 0x7182, 0x7182, 0x6982, 0x6962, 0x6982, 0x7182, 0x79C2, 0x8A02, 0x9222, 0x9222, 0xA282, 0xC2E2, 0xCB22,
  0xD322, 0xE342, 0xFBC2, 0xFC22, 0xFC22, 0xFC43, 0xFCC3, 0xFD43, 0xFD64, 0xFD84, 0xFD84, 0xFD43, 0xFD03, 0xFCA3, 0xF443, 0xE402,
  0xD3C3, 0xCBA2, 0xD382, 0xDB82, 0xE382, 0xEB82, 0xF382, 0xFBA2, 0xFBA2, 0xFBA2, 0xF3A2, 0xF3A2, 0xF382, 0xF361, 0xF361, 0xF361,
  0xF341, 0xF341, 0xF341, 0xEB61, 0xEB61, 0xEB61, 0xEB82, 0xEBA2, 0xEBA2, 0xEBC2, 0xF3E2, 0xEC02, 0xEC02, 0xEC02, 0xE402, 0xD3E2,
  0xCBE2, 0xC3C2, 0xBBE3, 0xC403, 0xC423, 0xC423, 0xBBE3, 0xABA2, 0xA381, 0xABE3, 0xBCE7, 0xCDEB, 0xCDEC, 0xB508, 0x93A3, 0x7281,
  0x6202, 0x51A2, 0x4142, 0x38E2, 0x30C2, 0x30A2, 0x28A2, 0x28A2, 0x30A2, 0x28A2, 0x28A2, 0x2082, 0x2082, 0x2082, 0x2082, 0x2082,
  0x28A2, 0x28A2, 0x28A2, 0x2082, 0x2082, 0x1882, 0x1882, 0x1062, 0x1062, 0x1062, 0x1062, 0x1062, 0x1062, 0x1062, 0x0862, 0x1062,
  0x1062, 0x1062, 0x1062, 0x1062, 0x1062, 0x0862, 0x0862, 0x0862, 0x0862, 0x0862, 0x0862, 0x0862, 0x0862, 0x0862, 0x0862, 0x0862,
  0x0862, 0x0862, 0x0862, 0x0862, 0x0862, 0x0862, 0x0862, 0x0862, 0x0862, 0x0862, 0x0862, 0x0862, 0x0862, 0x0862, 0x0862, 0x0862,
  0x0862, 0x0862, 0x0862, 0x0862, 0x0862, 0x0862, 0x0862, 0x0862, 0x0862, 0x0862, 0x0862, 0x0862, 0x0862, 0x0862, 0x0862, 0x0862,
  0x0862, 0x0862, 0x0862, 0x0862, 0x0862, 0x0862, 0x0862, 0x0862, 0x0862, 0x0862, 0x0862, 0x0862, 0x0862, 0x0862, 0x0862, 0x0862,
  0x0862, 0x0862, 0x0862, 0x0862, 0x0862, 0x0862, 0x0862, 0x0862, 0x0862, 0x0862, 0x0862, 0x0862, 0x0862, 0x0862, 0x0862, 0x0862,
  0x0862, 0x0862, 0x0862, 0x0862, 0x0862, 0x0862, 0x0862, 0x0862, 0x0862, 0x0862, 0x0862, 0x0862, 0x0862, 0x0862, 0x0862, 0x0862,
  0x0862, 0x0862, 0x0862, 0x0862, 0x0862, 0x0862, 0x0862, 0x0862, 0x0862, 0x0862, 0x0862, 0x0862, 0x0862, 0x0862, 0x0862, 0x0862,
  0x0862, 0x0862, 0x0862, 0x0862, 0x0862, 0x0862, 0x0862, 0x0862, 0x0862, 0x0862, 0x0862, 0x0862, 0x0862, 0x0862, 0x0862, 0x0862,
  0x0862, 0x0862, 0x0862, 0x0862, 0x0862, 0x0862, 0x0862, 0x0862, 0x0862, 0x0862, 0x0862, 0x0862, 0x0862, 0x0862, 0x0862, 0x0862,
  0x0862, 0x0862, 0x0862, 0x0862, 0x0862, 0x0862, 0x0862, 0x0862, 0x0862, 0x0862, 0x0862, 0x0862, 0x0862, 0x0862, 0x0862, 0x0862,
  0x0862, 0x0862, 0x0862, 0x0862, 0x0862, 0x0862, 0x0862, 0x0862, 0x0862, 0x1062, 0x1062, 0x1062, 0x1062, 0x1062, 0x1062, 0x1062,
  0x1862, 0x1862, 0x1882, 0x1882, 0x1882, 0x1882, 0x1882, 0x1862, 0x1862, 0x1062, 0x1062, 0x1062, 0x1062, 0x1062, 0x1062, 0x1062,
  0x1862, 0x1862, 0x1862, 0x1862, 0x1882, 0x2082, 0x2882, 0x30A2, 0x38C2, 0x40E2, 0x4902, 0x5922, 0x5942, 0x5942, 0x5942, 0x5942,
  0x5942, 0x6142, 0x6962, 0x79A2, 0x7182, 0x7182, 0x7182, 0x79A2, 0x81E2, 0x9222, 0x9242, 0xA262, 0xB2A2, 0xCB22, 0xDB42, 0xE342,
  0xF3A2, 0xFC43, 0xFCA3, 0xFCA3, 0xFD23, 0xFDC4, 0xFE24, 0xFE44, 0xFE24, 0xFDC4, 0xFD43, 0xFCA3, 0xF443, 0xE3E2, 0xDBC2, 0xDB82,
  0xEB82, 0xF382, 0xFBA2, 0xFBA2, 0xFBA2, 0xF3A2, 0xF361, 0xF341, 0xF321, 0xF2E1, 0xF2C1, 0xF2C1, 0xF2A1, 0xF2A1, 0xF281, 0xF281,
  0xF281, 0xF261, 0xF260, 0xF280, 0xF281, 0xF281, 0xF281, 0xEAA1, 0xEAA1, 0xEAC1, 0xEAE1, 0xEB01, 0xEB41, 0xEB81, 0xEBC2, 0xEBE2,
  0xEC22, 0xEC22, 0xE422, 0xDC22, 0xCC02, 0xC423, 0xC423, 0xBC23, 0xB403, 0xABC3, 0xA382, 0xA381, 0xAC04, 0xBD28, 0xCDCA, 0xBD28,
  0x9BC4, 0x72A2, 0x6202, 0x51A2, 0x4122, 0x38E2, 0x30C2, 0x28A2, 0x2882, 0x28A2, 0x28A2, 0x28A2, 0x2082, 0x2082, 0x2082, 0x2082,
  0x2082, 0x2082, 0x28A2, 0x28A2, 0x2082, 0x2082, 0x1882, 0x1882, 0x1062, 0x1062, 0x1062, 0x1062, 0x0862, 0x0862, 0x0862, 0x0862,
  0x0862, 0x0862, 0x0862, 0x1062, 0x1062, 0x0862, 0x0862, 0x0862, 0x0862, 0x0862, 0x0862, 0x0862, 0x0862, 0x0862, 0x0862, 0x0862,
  0x0862, 0x0862, 0x0862, 0x0862, 0x0862, 0x0862, 0x0862, 0x0862, 0x0862, 0x0862, 0x0862, 0x0862, 0x0862, 0x0862, 0x0862, 0x0862,
  0x0862, 0x0862, 0x0862, 0x0862, 0x0862, 0x0862, 0x0862, 0x0862, 0x0862, 0x0862, 0x0862, 0x0862, 0x0862, 0x0862, 0x0862, 0x0862,
  0x0862, 0x0862, 0x0862, 0x0862, 0x0862, 0x0862, 0x0862, 0x0862, 0x0862, 0x0862, 0x0862, 0x0862, 0x0862, 0x0862, 0x0862, 0x0862,
  0x0862, 0x0862, 0x0862, 0x0862, 0x0862, 0x0862, 0x0862, 0x0862, 0x0862, 0x0862, 0x0862, 0x0862, 0x0862, 0x0862, 0x0862, 0x0862,
  0x0862, 0x0862, 0x0862, 0x0862, 0x0862, 0x0862, 0x0862, 0x0862, 0x0862, 0x0862, 0x0862, 0x0862, 0x0862, 0x0862, 0x0862, 0x0862,
  0x0862, 0x0862, 0x0862, 0x0862, 0x0862, 0x0862, 0x0862, 0x0862, 0x0862, 0x0862, 0x0862, 0x0862, 0x0862, 0x0862, 0x0862, 0x0862,
  0x0862, 0x0862, 0x0862, 0x0862, 0x0862, 0x0862, 0x0862, 0x0862, 0x0862, 0x0862, 0x0862, 0x0862, 0x0862, 0x0862, 0x0862, 0x0862,
  0x0862, 0x0862, 0x0862, 0x0862, 0x0862, 0x0862, 0x0862, 0x0862, 0x0862, 0x0862, 0x0862, 0x0862, 0x0862, 0x0862, 0x0862, 0x0862,
  0x0862, 0x0862, 0x0862, 0x0862, 0x0862, 0x0862, 0x0862, 0x0862, 0x0862, 0x0862, 0x0862, 0x0862, 0x0862, 0x0862, 0x0862, 0x0862,
  0x0862, 0x0862, 0x0862, 0x0862, 0x0862, 0x0862, 0x0862, 0x1062, 0x1062, 0x1062, 0x1062, 0x1062, 0x1062, 0x1062, 0x1062, 0x1862,
  0x1862, 0x1882, 0x1882, 0x1882, 0x1882, 0x1882, 0x1882, 0x1862, 0x1862, 0x1062, 0x1062, 0x1062, 0x1062, 0x1062, 0x1062, 0x1862,
  0x1862, 0x1862, 0x1862, 0x1882, 0x2082, 0x2882, 0x30A2, 0x38C2, 0x40E2, 0x4902, 0x5922, 0x5942, 0x5942, 0x5942, 0x5922, 0x5942,
  0x6142, 0x7162, 0x79A2, 0x79A2, 0x7182, 0x79A2, 0x81C2, 0x8A02, 0x9242, 0x9A42, 0xAA82, 0xC2E2, 0xD342, 0xE362, 0xF3A2, 0xFC02,
  0xFCC3, 0xFD23, 0xFD84, 0xFE65, 0xFF26, 0xFF45, 0xFF05, 0xFE44, 0xFD43, 0xFC83, 0xF422, 0xE3E2, 0xE3A2, 0xF3A2, 0xF382, 0xFBA2,
  0xFBA2, 0xFBA2, 0xF361, 0xF321, 0xF2E1, 0xF2C1, 0xF2A1, 0xF281, 0xFA81, 0xFA60, 0xFA60, 0xFA60, 0xFA40, 0xFA40, 0xFA40, 0xFA40,
  0xFA60, 0xFA60, 0xFA60, 0xF240, 0xF240, 0xF240, 0xFA40, 0xFA60, 0xFA60, 0xFA60, 0xF260, 0xF260, 0xF280, 0xEAA1, 0xEAC1, 0xEAE1,
  0xE321, 0xE361, 0xE3C2, 0xE402, 0xEC42, 0xE462, 0xDC42, 0xD442, 0xCC43, 0xBC23, 0xB423, 0xABC3, 0xA382, 0x9B62, 0xA3A2, 0xB485,
  0xC547, 0xBD06, 0x9BC4, 0x72A2, 0x59E2, 0x4982, 0x3922, 0x30C2, 0x28A2, 0x2882, 0x2882, 0x28A2, 0x28A2, 0x28A2, 0x2082, 0x2082,
  0x2082, 0x2082, 0x2082, 0x2082, 0x20A2, 0x20A2, 0x2082, 0x1882, 0x1862, 0x1862, 0x1062, 0x1062, 0x1062, 0x0862, 0x0862, 0x0862,
  0x0862, 0x0862, 0x0862, 0x0862, 0x0862, 0x0862, 0x0862, 0x0862, 0x0862, 0x0862, 0x0862, 0x0862, 0x0862, 0x0862, 0x0862, 0x0862,
  0x0862, 0x0862, 0x0862, 0x0862, 0x0862, 0x0862, 0x0862, 0x0862, 0x0862, 0x0862, 0x0862, 0x0862, 0x0862, 0x0862, 0x0862, 0x0862,
  0x0862, 0x0862, 0x0862, 0x0862, 0x0862, 0x0862, 0x0862, 0x0862, 0x0862, 0x0862, 0x0862, 0x0862, 0x0862, 0x0862, 0x0862, 0x0862,
  0x0862, 0x0862, 0x0862, 0x0862, 0x0862, 0x0862, 0x0862, 0x0862, 0x0862, 0x0862, 0x0862, 0x0862, 0x0862, 0x0862, 0x0862, 0x0862,
  0x0862, 0x0862, 0x0862, 0x0862, 0x0862, 0x0862, 0x0862, 0x0862, 0x0862, 0x0862, 0x0862, 0x0862, 0x0862, 0x0862, 0x0862, 0x0862,
  0x0862, 0x0862, 0x0862, 0x0862, 0x0862, 0x0862, 0x0862, 0x0862, 0x0862, 0x0862, 0x0862, 0x0862, 0x0862, 0x0862, 0x0862, 0x0862,
  0x0862, 0x0862, 0x0862, 0x0862, 0x0862, 0x0862, 0x0862, 0x0862, 0x0862, 0x0862, 0x0862, 0x0862, 0x0862, 0x0862, 0x0862, 0x0862,
  0x0862, 0x0862, 0x0862, 0x0862, 0x0862, 0x0862, 0x0862, 0x0862, 0x0862, 0x0862, 0x0862, 0x0862, 0x0862, 0x0862, 0x0862, 0x0862,
  0x0862, 0x0862, 0x0862, 0x0862, 0x0862, 0x0862, 0x0862, 0x0862, 0x0862, 0x0862, 0x0862, 0x0862, 0x0862, 0x0862, 0x0862, 0x0862,
  0x0862, 0x0862, 0x0862, 0x0862, 0x0862, 0x0862, 0x0862, 0x0862, 0x0862, 0x0862, 0x0862, 0x0862, 0x0862, 0x0862, 0x0862, 0x0862,
  0x0862, 0x0862, 0x0862, 0x0862, 0x0862, 0x0862, 0x0862, 0x1062, 0x1062, 0x1062, 0x1062, 0x1062, 0x1062, 0x1062, 0x1862, 0x1862,
  0x1882, 0x1882, 0x2082, 0x2082, 0x1882, 0x1882, 0x1882, 0x1862, 0x1862, 0x1062, 0x1862, 0x1062, 0x1062, 0x1862, 0x1862, 0x1862,
  0x1862, 0x1862, 0x1882, 0x2082, 0x2882, 0x30A2, 0x30A2, 0x40C2, 0x4902, 0x5122, 0x6142, 0x6142, 0x5942, 0x5922, 0x5942, 0x6142,
  0x7162, 0x79A2, 0x79A2, 0x79A2, 0x79A2, 0x81E2, 0x9222, 0x9A62, 0xA262, 0xB2A2, 0xCB22, 0xE362, 0xEB82, 0xFBE2, 0xFC62, 0xFD44,
  0xFE46, 0xFEE8, 0xFFAB, 0xFFEA, 0xFFC7, 0xFEC5, 0xFD84, 0xFCA3, 0xF422, 0xEBE2, 0xF3A2, 0xFB82, 0xFB82, 0xFBA2, 0xFBA2, 0xF361,
  0xF301, 0xF2C1, 0xFAA1, 0xFA81, 0xFA61, 0xFA60, 0xFA60, 0xFA40, 0xFA40, 0xFA40, 0xFA20, 0xFA20, 0xFA20, 0xFA20, 0xFA20, 0xEA00,
  0xC1C0, 0xB1A0, 0xB9A0, 0xFA40, 0xFA40, 0xFA40, 0xEA20, 0x9160, 0x9980, 0xA180, 0xF220, 0xFA40, 0xF240, 0xF240, 0xF260, 0xF260,
  0xF281, 0xEAA1, 0xEAC1, 0xEB01, 0xE341, 0xE3A2, 0xE402, 0xE462, 0xE483, 0xDC83, 0xD463, 0xC443, 0xBC23, 0xABE3, 0xA3A3, 0x9B42,
  0x9362, 0xA404, 0xBCC5, 0xB484, 0x9383, 0x6A82, 0x51C2, 0x4162, 0x3902, 0x30C2, 0x28A2, 0x2882, 0x2882, 0x28A2, 0x28A2, 0x2082,
  0x2082, 0x2082, 0x2082, 0x2082, 0x2082, 0x2082, 0x2082, 0x2082, 0x1882, 0x1862, 0x1062, 0x1062, 0x1062, 0x1062, 0x0862, 0x0862,
  0x0862, 0x0862, 0x0862, 0x0862, 0x0862, 0x0862, 0x0862, 0x0862, 0x0862, 0x0862, 0x0862, 0x0862, 0x0862, 0x0862, 0x0862, 0x0862,
  0x0862, 0x0862, 0x0862, 0x0862, 0x0862, 0x0862, 0x0862, 0x0862, 0x0862, 0x0862, 0x0862, 0x0862, 0x0862, 0x0862, 0x0862, 0x0862,
  0x0862, 0x0862, 0x0862, 0x0862, 0x0862, 0x0862, 0x0862, 0x0862, 0x0862, 0x0862, 0x0862, 0x0862, 0x0862, 0x0862, 0x0862, 0x0862,
  0x0862, 0x0862, 0x0862, 0x0862, 0x0862, 0x0862, 0x0862, 0x0862, 0x0862, 0x0862, 0x0862, 0x0862, 0x0862, 0x0862, 0x0862, 0x0862,
  0x0862, 0x0862, 0x0862, 0x0862, 0x0862, 0x0862, 0x0862, 0x0862, 0x0862, 0x0862, 0x0862, 0x0862, 0x0862, 0x0862, 0x0862, 0x0862,
  0x0862, 0x0862, 0x0862, 0x0862, 0x0862, 0x0862, 0x0862, 0x0862, 0x0862, 0x0862, 0x0862, 0x0862, 0x0862, 0x0862, 0x0862, 0x0862,
  0x0862, 0x0862, 0x0862, 0x0862, 0x0862, 0x0862, 0x0862, 0x0862, 0x0862, 0x0862, 0x0862, 0x0862, 0x0862, 0x0862, 0x0862, 0x0862,
  0x0862, 0x0862, 0x0862, 0x0862, 0x0862, 0x0862, 0x0862, 0x0862, 0x0862, 0x0862, 0x0862, 0x0862, 0x0862, 0x0862, 0x0862, 0x0862,
  0x0862, 0x0862, 0x0862, 0x0862, 0x0862, 0x0862, 0x0862, 0x0862, 0x0862, 0x0862, 0x0862, 0x0862, 0x0862, 0x0862, 0x0862, 0x0862,
  0x0862, 0x0862, 0x0862, 0x0862, 0x0862, 0x0862, 0x0862, 0x0862, 0x0862, 0x0862, 0x0862, 0x0862, 0x0862, 0x0862, 0x0862, 0x0862,
  0x0862, 0x0862, 0x0862, 0x0862, 0x0862, 0x0862, 0x1062, 0x1062, 0x1062, 0x1062, 0x1062, 0x1062, 0x1062, 0x1062, 0x1862, 0x1882,
  0x1882, 0x1882, 0x2082, 0x2082, 0x1882, 0x1882, 0x1862, 0x1862, 0x1862, 0x1062, 0x1862, 0x1862, 0x1862, 0x1862, 0x1862, 0x1862,
  0x1862, 0x1882, 0x2082, 0x2882, 0x28A2, 0x30A2, 0x38C2, 0x4902, 0x5122, 0x6142, 0x6162, 0x5942, 0x5942, 0x5942, 0x6142, 0x6962,
  0x79A2, 0x81C1, 0x79A2, 0x81E2, 0x8A02, 0x9A42, 0xA262, 0xAA82, 0xC2E2, 0xDB62, 0xEB82, 0xFBC2, 0xFC22, 0xFCE2, 0xFE48, 0xFF6D,
  0xFFD2, 0xFFF4, 0xFFEF, 0xFF27, 0xFDC4, 0xFCA3, 0xFC42, 0xF402, 0xF3C2, 0xFB82, 0xFB82, 0xFBA2, 0xF382, 0xFB21, 0xFAC1, 0xFAA1,
  0xFA81, 0xFA61, 0xFA60, 0xFA40, 0xFA40, 0xFA20, 0xFA20, 0xFA20, 0xFA00, 0xFA00, 0xFA00, 0xFA00, 0xFA00, 0xFA00, 0xFA00, 0xC9A0,
  0x60E0, 0x3080, 0x2060, 0x7900, 0xE9E0, 0xFA20, 0xD1C0, 0x2860, 0x2860, 0x2060, 0x6900, 0xF220, 0xFA40, 0xF240, 0xFA40, 0xF240,
  0xF240, 0xF240, 0xF260, 0xF280, 0xEAA1, 0xEAC1, 0xE301, 0xE361, 0xDBC2, 0xDC42, 0xE4A3, 0xE4C3, 0xDCA3, 0xCC63, 0xBC23, 0xABE3,
  0x9B83, 0x9342, 0x8B42, 0x9BC3, 0xAC43, 0xAC03, 0x8B22, 0x6222, 0x4982, 0x4122, 0x30E2, 0x28A2, 0x2882, 0x2082, 0x2882, 0x28A2,
  0x2882, 0x2082, 0x2082, 0x2082, 0x2082, 0x2082, 0x2082, 0x2082, 0x2082, 0x1882, 0x1862, 0x1062, 0x1062, 0x1062, 0x0862, 0x0862,
  0x0862, 0x0862, 0x0862, 0x0862, 0x0862, 0x0862, 0x0862, 0x0862, 0x0862, 0x0862, 0x0862, 0x0862, 0x0862, 0x0862, 0x0862, 0x0862,
  0x0862, 0x0862, 0x0862, 0x0862, 0x0862, 0x0862, 0x0862, 0x0862, 0x0862, 0x0862, 0x0862, 0x0862, 0x0862, 0x0862, 0x0862, 0x0862,
  0x0862, 0x0862, 0x0862, 0x0862, 0x0862, 0x0862, 0x0862, 0x0862, 0x0862, 0x0862, 0x0862, 0x0862, 0x0862, 0x0862, 0x0862, 0x0862,
  0x0862, 0x0862, 0x0862, 0x0862, 0x0862, 0x0862, 0x0862, 0x0862, 0x0862, 0x0862, 0x0862, 0x0862, 0x0862, 0x0862, 0x0862, 0x0862,
  0x0862, 0x0862, 0x0862, 0x0862, 0x0862, 0x0862, 0x0862, 0x0862, 0x0862, 0x0862, 0x0862, 0x0862, 0x0862, 0x0862, 0x0862, 0x0862,
  0x0862, 0x0862, 0x0862, 0x0862, 0x0862, 0x0862, 0x0862, 0x0862, 0x0862, 0x0862, 0x0862, 0x0862, 0x0862, 0x0862, 0x0862, 0x0862,
  0x0862, 0x0862, 0x0862, 0x0862, 0x0862, 0x0862, 0x0862, 0x0862, 0x0862, 0x0862, 0x0862, 0x0862, 0x0862, 0x0862, 0x0862, 0x0862,
  0x0862, 0x0862, 0x0862, 0x0862, 0x0862, 0x0862, 0x0862, 0x0862, 0x0862, 0x0862, 0x0862, 0x0862, 0x0862, 0x0862, 0x0862, 0x0862,
  0x0862, 0x0862, 0x0862, 0x0862, 0x0862, 0x0862, 0x0862, 0x0862, 0x0862, 0x0862, 0x0862, 0x0862, 0x0862, 0x0862, 0x0862, 0x0862,
  0x0862, 0x0862, 0x0862, 0x0862, 0x0862, 0x0862, 0x0862, 0x0862, 0x0862, 0x0862, 0x0862, 0x0862, 0x0862, 0x0862, 0x0862, 0x0862,
  0x0862, 0x0862, 0x0862, 0x0862, 0x0862, 0x0862, 0x1062, 0x1062, 0x1062, 0x1062, 0x1062, 0x1062, 0x1862, 0x1862, 0x1862, 0x1882,
  0x1882, 0x2082, 0x2082, 0x2082, 0x1882, 0x1882, 0x1862, 0x1862, 0x1862, 0x1862, 0x1862, 0x1862, 0x1862, 0x1862, 0x1862, 0x1862,
  0x1862, 0x2082, 0x2082, 0x2882, 0x30A2, 0x38C2, 0x40E2, 0x5122, 0x6142, 0x6162, 0x6142, 0x5942, 0x6142, 0x6142, 0x6962, 0x79A2,
  0x89E2, 0x81C2, 0x81C2, 0x9202, 0xA262, 0xAA82, 0xB2A2, 0xCB22, 0xEB82, 0xFBC2, 0xFBE2, 0xFC62, 0xFDA5, 0xFF4F, 0xFFF8, 0xFFFE,
  0xFFFB, 0xFF8D, 0xFE44, 0xFD03, 0xFC63, 0xFC02, 0xFBC2, 0xFB82, 0xFB82, 0xFBA2, 0xFB61, 0xFB01, 0xFAA1, 0xFA81, 0xFA61, 0xFA61,
  0xFA40, 0xFA40, 0xFA20, 0xFA20, 0xFA20, 0xFA00, 0xFA00, 0xFA00, 0xFA00, 0xFA00, 0xFA00, 0xF9E0, 0xF9E0, 0xF1E0, 0xFA00, 0xC980,
  0x4080, 0x70E0, 0x4080, 0x1020, 0x48A0, 0xD9C0, 0xE1C0, 0x2040, 0x4080, 0x50A0, 0x1020, 0x60C0, 0xF220, 0xFA20, 0xF220, 0xFA40,
  0xF260, 0xF260, 0xF240, 0xF240, 0xF240, 0xF260, 0xEA81, 0xEAC1, 0xF301, 0xEB41, 0xDBA2, 0xDC22, 0xE4A3, 0xE503, 0xDD04, 0xCC83,
  0xBC23, 0xA3E3, 0x9B63, 0x8B22, 0x8B22, 0x9383, 0xA403, 0x9BA3, 0x7AC2, 0x59E2, 0x4162, 0x3902, 0x28C2, 0x2882, 0x2082, 0x2082,
  0x2882, 0x28A2, 0x2082, 0x2082, 0x1882, 0x1882, 0x1882, 0x2082, 0x20A2, 0x1882, 0x1882, 0x1062, 0x1062, 0x1062, 0x1062, 0x0862,
  0x0862, 0x0862, 0x0862, 0x0862, 0x0862, 0x0862, 0x0862, 0x0862, 0x0862, 0x0862, 0x0862, 0x0862, 0x0862, 0x0862, 0x0862, 0x0862,
  0x0862, 0x0862, 0x0862, 0x0862, 0x0862, 0x0862, 0x0862, 0x0862, 0x0862, 0x0862, 0x0862, 0x0862, 0x0862, 0x0862, 0x0862, 0x0862,
  0x0862, 0x0862, 0x0862, 0x0862, 0x0862, 0x0862, 0x0862, 0x0862, 0x0862, 0x0862, 0x0862, 0x0862, 0x0862, 0x0862, 0x0862, 0x0862,
  0x0862, 0x0862, 0x0862, 0x0862, 0x0862, 0x0862, 0x0862, 0x0862, 0x0862, 0x0862, 0x0862, 0x0862, 0x0862, 0x0862, 0x0862, 0x0862,
  0x0862, 0x0862, 0x0862, 0x0862, 0x0862, 0x0862, 0x0862, 0x0862, 0x0862, 0x0862, 0x0862, 0x0862, 0x0862, 0x0862, 0x0862, 0x0862,
  0x0862, 0x0862, 0x0862, 0x0862, 0x0862, 0x0862, 0x0862, 0x0862, 0x0862, 0x0862, 0x0862, 0x0862, 0x0862, 0x0862, 0x0862, 0x0862,
  0x0862, 0x0862, 0x0862, 0x0862, 0x0862, 0x0862, 0x0862, 0x0862, 0x0862, 0x0862, 0x0862, 0x0862, 0x0862, 0x0862, 0x0862, 0x0862,
  0x0862, 0x0862, 0x0862, 0x0862, 0x0862, 0x0862, 0x0862, 0x0862, 0x0862, 0x0862, 0x0862, 0x0862, 0x0862, 0x0862, 0x0862, 0x0862,
  0x0862, 0x0862, 0x0862, 0x0862, 0x0862, 0x0862, 0x0862, 0x0862, 0x0862, 0x0862, 0x0862, 0x0862, 0x0862, 0x0862, 0x0862, 0x0862,
  0x0862, 0x0862, 0x0862, 0x0862, 0x0862, 0x0862, 0x0862, 0x0862, 0x0862, 0x0862, 0x0862, 0x0862, 0x0862, 0x0862, 0x0862, 0x0862,
  0x0862, 0x0862, 0x0862, 0x0862, 0x0862, 0x1062, 0x1062, 0x1062, 0x1062, 0x1062, 0x1062, 0x1062, 0x1862, 0x1862, 0x1882, 0x1882,
  0x2082, 0x2082, 0x2082, 0x1882, 0x1882, 0x1882, 0x1862, 0x1862, 0x1862, 0x1862, 0x1862, 0x1862, 0x1862, 0x1862, 0x1862, 0x1862,
  0x2082, 0x2082, 0x2882, 0x30A2, 0x38C2, 0x40E2, 0x5122, 0x6142, 0x6962, 0x6162, 0x6142, 0x6142, 0x6142, 0x6962, 0x79A2, 0x89E2,
  0x89E2, 0x89E2, 0x9222, 0xA262, 0xAA82, 0xBAC2, 0xD342, 0xF3C2, 0xFC02, 0xFC22, 0xFCE2, 0xFE89, 0xFFD7, 0xFFFF, 0xFFFF, 0xFFF6,
  0xFF07, 0xFDA2, 0xFC83, 0xFC22, 0xFBC2, 0xFB82, 0xFB82, 0xFBA2, 0xFB61, 0xFAE1, 0xFAA1, 0xFA81, 0xFA61, 0xFA60, 0xFA40, 0xFA20,
  0xFA20, 0xFA20, 0xFA00, 0xFA00, 0xFA00, 0xFA00, 0xFA00, 0xFA00, 0xFA00, 0xF9E0, 0xF9E0, 0xF9E0, 0xF9E0, 0xF1E0, 0xFA00, 0xE1C0,
  0x2040, 0x3860, 0xD9C0, 0x60C0, 0x0800, 0x3060, 0xA940, 0x3860, 0x4080, 0xE1E0, 0x48A0, 0x0800, 0x68E0, 0xFA20, 0xFA00, 0xFA20,
  0xFA20, 0xFA40, 0xFA40, 0xF260, 0xF260, 0xFA60, 0xFA80, 0xEA40, 0xB1E0, 0xC241, 0xE2E1, 0xE341, 0xDBA2, 0xDC22, 0xDCE4, 0xE565,
  0xDD45, 0xCCA3, 0xB422, 0xA3C3, 0x9342, 0x8302, 0x8302, 0x9383, 0x9BA3, 0x8B42, 0x6A42, 0x4982, 0x3922, 0x30C2, 0x28A2, 0x2082,
  0x2082, 0x2082, 0x2882, 0x2082, 0x2082, 0x1882, 0x1882, 0x1882, 0x1882, 0x1882, 0x1882, 0x1882, 0x1062, 0x1062, 0x1062, 0x1062,
  0x0862, 0x0862, 0x0862, 0x0862, 0x0862, 0x0862, 0x0862, 0x0862, 0x0862, 0x0862, 0x0862, 0x0862, 0x0862, 0x0862, 0x0862, 0x0862,
  0x0862, 0x0862, 0x0862, 0x0862, 0x0862, 0x0862, 0x0862, 0x0862, 0x0862, 0x0862, 0x0862, 0x0862, 0x0862, 0x0862, 0x0862, 0x0862,
  0x0862, 0x0862, 0x0862, 0x0862, 0x0862, 0x0862, 0x0862, 0x0862, 0x0862, 0x0862, 0x0862, 0x0862, 0x0862, 0x0862, 0x0862, 0x0862,
  0x0862, 0x0862, 0x0862, 0x0862, 0x0862, 0x0862, 0x0862, 0x0862, 0x0862, 0x0862, 0x0862, 0x0862, 0x0862, 0x0862, 0x0862, 0x0862,
  0x0862, 0x0862, 0x0862, 0x0862, 0x0862, 0x0862, 0x0862, 0x0862, 0x0862, 0x0862, 0x0862, 0x0862, 0x0862, 0x0862, 0x0862, 0x0862,
  0x0862, 0x0862, 0x0862, 0x0862, 0x0862, 0x0862, 0x0862, 0x0862, 0x0862, 0x0862, 0x0862, 0x0862, 0x0862, 0x0862, 0x0862, 0x0862,
  0x0862, 0x0862, 0x0862, 0x0862, 0x0862, 0x0862, 0x0862, 0x0862, 0x0862, 0x0862, 0x0862, 0x0862, 0x0862, 0x0862, 0x0862, 0x0862,
  0x0862, 0x0862, 0x0862, 0x0862, 0x0862, 0x0862, 0x0862, 0x0862, 0x0862, 0x0862, 0x0862, 0x0862, 0x0862, 0x0862, 0x0862, 0x0862,
  0x0862, 0x0862, 0x0862, 0x0862, 0x0862, 0x0862, 0x0862, 0x0862, 0x0862, 0x0862, 0x0862, 0x0862, 0x0862, 0x0862, 0x0862, 0x0862,
  0x0862, 0x0862, 0x0862, 0x0862, 0x0862, 0x0862, 0x0862, 0x0862, 0x0862, 0x0862, 0x0862, 0x0862, 0x0862, 0x0862, 0x0862, 0x0862,
  0x0862, 0x0862, 0x0862, 0x0862, 0x1062, 0x1062, 0x1062, 0x1062, 0x1062, 0x1062, 0x1062, 0x1862, 0x1862, 0x1882, 0x1882, 0x2082,
  0x2082, 0x2082, 0x2082, 0x1882, 0x1882, 0x1862, 0x1862, 0x1862, 0x1862, 0x1862, 0x1862, 0x1862, 0x1862, 0x1862, 0x1862, 0x2082,
  0x2082, 0x2882, 0x30A2, 0x38C2, 0x40E2, 0x4902, 0x5942, 0x6162, 0x6162, 0x6142, 0x5942, 0x6142, 0x6962, 0x79A2, 0x89E2, 0x9202,
  0x8A02, 0x9A22, 0xAA82, 0xB2A2, 0xBAE2, 0xDB62, 0xFBE2, 0xFC02, 0xFC62, 0xFD84, 0xFF4F, 0xFFFC, 0xFFFF, 0xFFFD, 0xFFAE, 0xFE43,
  0xFCE3, 0xFC43, 0xFBE2, 0xFB82, 0xFB62, 0xFBA2, 0xFB61, 0xFAE1, 0xFAA1, 0xFA81, 0xFA60, 0xFA40, 0xFA20, 0xFA20, 0xFA20, 0xFA00,
  0xFA00, 0xFA00, 0xFA00, 0xFA00, 0xF9E0, 0xF9E0, 0xF9E0, 0xF9E0, 0xF9E0, 0xF9E0, 0xF9E0, 0xF9E0, 0xF9E0, 0xF9E0, 0xF9E0, 0xE9E0,
  0x3860, 0x2840, 0xE1C0, 0xFA00, 0x8100, 0x1000, 0x2040, 0x78E0, 0x68C0, 0xFA00, 0xE1E0, 0x4080, 0x0800, 0x7900, 0xFA20, 0xF200,
  0xFA20, 0xF220, 0xF220, 0xFA40, 0xFA60, 0xDA20, 0x8980, 0x40E0, 0x2060, 0x30A0, 0x7960, 0xD281, 0xDAE1, 0xEB41, 0xDBA1, 0xD442,
  0xDD25, 0xE5C7, 0xDD66, 0xC4A3, 0xB402, 0x9B83, 0x8302, 0x7AE2, 0x8302, 0x9362, 0x9362, 0x7AC2, 0x59C2, 0x4142, 0x30E2, 0x28A2,
  0x2082, 0x2082, 0x2082, 0x2082, 0x2082, 0x1882, 0x1882, 0x1882, 0x1882, 0x1882, 0x1882, 0x1882, 0x1882, 0x1062, 0x1062, 0x1062,
  0x0862, 0x0862, 0x0862, 0x0862, 0x0862, 0x0862, 0x0862, 0x0862, 0x0862, 0x0862, 0x0862, 0x0862, 0x0862, 0x0862, 0x0862, 0x0862,
  0x0862, 0x0862, 0x0862, 0x0862, 0x0862, 0x0862, 0x0862, 0x0862, 0x0862, 0x0862, 0x0862, 0x0862, 0x0862, 0x0862, 0x0862, 0x0862,
  0x0862, 0x0862, 0x0862, 0x0862, 0x0862, 0x0862, 0x0862, 0x0862, 0x0862, 0x0862, 0x0862, 0x0862, 0x0862, 0x0862, 0x0862, 0x0862,
  0x0862, 0x0862, 0x0862, 0x0862, 0x0862, 0x0862, 0x0862, 0x0862, 0x0862, 0x0862, 0x0862, 0x0862, 0x0862, 0x0862, 0x0862, 0x0862,
  0x0862, 0x0862, 0x0862, 0x0862, 0x0862, 0x0862, 0x0862, 0x0862, 0x0862, 0x0862, 0x0862, 0x0862, 0x0862, 0x0862, 0x0862, 0x0862,
  0x0862, 0x0862, 0x0862, 0x0862, 0x0862, 0x0862, 0x0862, 0x0862, 0x0862, 0x0862, 0x0862, 0x0862, 0x0862, 0x0862, 0x0862, 0x0862,
  0x0862, 0x0862, 0x0862, 0x0862, 0x0862, 0x0862, 0x0862, 0x0862, 0x0862, 0x0862, 0x0862, 0x0862, 0x0862, 0x0862, 0x0862, 0x0862,
  0x0862, 0x0862, 0x0862, 0x0862, 0x0862, 0x0862, 0x0862, 0x0862, 0x0862, 0x0862, 0x0862, 0x0862, 0x0862, 0x0862, 0x0862, 0x0862,
  0x0862, 0x0862, 0x0862, 0x0862, 0x0862, 0x0862, 0x0862, 0x0862, 0x0862, 0x0862, 0x0862, 0x0862, 0x0862, 0x0862, 0x0862, 0x0862,
  0x0862, 0x0862, 0x0862, 0x0862, 0x0862, 0x0862, 0x0862, 0x0862, 0x0862, 0x0862, 0x0862, 0x0862, 0x0862, 0x0862, 0x0862, 0x0862,
  0x0862, 0x0862, 0x0862, 0x0862, 0x1062, 0x1062, 0x1062, 0x1062, 0x1062, 0x1862, 0x1862, 0x1862, 0x1862, 0x1882, 0x1882, 0x2082,
  0x2082, 0x2082, 0x2082, 0x1882, 0x1882, 0x1862, 0x1862, 0x1862, 0x1862, 0x1862, 0x1862, 0x1862, 0x1862, 0x1862, 0x1882, 0x2082,
  0x2882, 0x28A2, 0x30C2, 0x38C2, 0x48E2, 0x5122, 0x6162, 0x6962, 0x6142, 0x6142, 0x6142, 0x6962, 0x7182, 0x89E2, 0x9A22, 0x9202,
  0x9A42, 0xB2A2, 0xBAC2, 0xC2E2, 0xE382, 0xFC02, 0xFC22, 0xFC82, 0xFE06, 0xFFB3, 0xFFFF, 0xFFFF, 0xFFF6, 0xFF07, 0xFD62, 0xFC63,
  0xFBE2, 0xFB82, 0xFB61, 0xFB82, 0xFB82, 0xFB01, 0xFAA1, 0xFA81, 0xFA60, 0xFA40, 0xFA20, 0xF220, 0xFA00, 0xFA00, 0xFA00, 0xFA00,
  0xF9E0, 0xF9E0, 0xF9E0, 0xF9E0, 0xF9E0, 0xF9E0, 0xF9E0, 0xF9E0, 0xF9E0, 0xF9E0, 0xF1E0, 0xF1E0, 0xF1E0, 0xF1E0, 0xF1E0, 0xF9E0,
  0x4080, 0x0800, 0xC9A0, 0xFA00, 0xFA00, 0x9940, 0x1000, 0x0800, 0x8100, 0xF200, 0xFA00, 0xD9C0, 0x3040, 0x0800, 0x9940, 0xFA40,
  0xF200, 0xFA20, 0xFA40, 0xD1E0, 0x7900, 0x2840, 0x1020, 0x40A0, 0x7940, 0x7960, 0x6920, 0xE240, 0x8980, 0x79A0, 0xD2C1, 0xEB61,
  0xDBC1, 0xD463, 0xDDA7, 0xE629, 0xD566, 0xBC62, 0xA3C2, 0x8B42, 0x7AE2, 0x7AC2, 0x8302, 0x8B43, 0x8322, 0x6242, 0x4162, 0x3902,
  0x28C2, 0x2882, 0x2082, 0x2082, 0x2082, 0x2082, 0x1882, 0x1882, 0x1862, 0x1862, 0x1882, 0x1882, 0x1882, 0x1082, 0x1062, 0x1062,
  0x1062, 0x0862, 0x0862, 0x0862, 0x0862, 0x0862, 0x0862, 0x0862, 0x0862, 0x0862, 0x0862, 0x0862, 0x0862, 0x0862, 0x0862, 0x0862,
  0x0862, 0x0862, 0x0862, 0x0862, 0x0862, 0x0862, 0x0862, 0x0862, 0x0862, 0x0862, 0x0862, 0x0862, 0x0862, 0x0862, 0x0862, 0x0862,
  0x0862, 0x0862, 0x0862, 0x0862, 0x0862, 0x0862, 0x0862, 0x0862, 0x0862, 0x0862, 0x0862, 0x0862, 0x0862, 0x0862, 0x0862, 0x0862,
  0x0862, 0x0862, 0x0862, 0x0862, 0x0862, 0x0862, 0x0862, 0x0862, 0x0862, 0x0862, 0x0862, 0x0862, 0x0862, 0x0862, 0x0862, 0x0862,
  0x0862, 0x0862, 0x0862, 0x0862, 0x0862, 0x0862, 0x0862, 0x0862, 0x0862, 0x0862, 0x0862, 0x0862, 0x0862, 0x0862, 0x0862, 0x0862,
  0x0862, 0x0862, 0x0862, 0x0862, 0x0862, 0x0862, 0x0862, 0x0862, 0x0862, 0x0862, 0x0862, 0x0862, 0x0862, 0x0862, 0x0862, 0x0862,
  0x0862, 0x0862, 0x0862, 0x0862, 0x0862, 0x0862, 0x0862, 0x0862, 0x0862, 0x0862, 0x0862, 0x0862, 0x0862, 0x0862, 0x0862, 0x0862,
  0x0862, 0x0862, 0x0862, 0x0862, 0x0862, 0x0862, 0x0862, 0x0862, 0x0862, 0x0862, 0x0862, 0x0862, 0x0862, 0x0862, 0x0862, 0x0862,
  0x0862, 0x0862, 0x0862, 0x0862, 0x0862, 0x0862, 0x0862, 0x0862, 0x0862, 0x0862, 0x0862, 0x0862, 0x0862, 0x0862, 0x0862, 0x0862,
  0x0862, 0x0862, 0x0862, 0x0862, 0x0862, 0x0862, 0x0862, 0x0862, 0x0862, 0x0862, 0x0862, 0x0862, 0x0862, 0x0862, 0x0862, 0x0862,
  0x0862, 0x0862, 0x0862, 0x1062, 0x1062, 0x1062, 0x1062, 0x1062, 0x1862, 0x1862, 0x1862, 0x1862, 0x1862, 0x1882, 0x2082, 0x2082,
  0x2082, 0x2082, 0x2082, 0x1882, 0x1882, 0x1862, 0x1862, 0x1862, 0x1862, 0x1862, 0x1862, 0x1862, 0x1862, 0x1882, 0x2082, 0x2082,
  0x2882, 0x30A2, 0x38C2, 0x40E2, 0x5122, 0x6162, 0x6982, 0x6162, 0x6142, 0x6162, 0x6962, 0x7182, 0x89E2, 0x9A22, 0x9A22, 0xA262,
  0xB2A2, 0xBAE2, 0xCB02, 0xEB82, 0xFC22, 0xFC43, 0xFCC3, 0xFE67, 0xFFD5, 0xFFFF, 0xFFFD, 0xFFAE, 0xFE23, 0xFCA2, 0xFC03, 0xFBC2,
  0xFB61, 0xFB61, 0xFB82, 0xFB21, 0xFAA1, 0xFA61, 0xFA60, 0xFA40, 0xFA20, 0xFA20, 0xFA00, 0xFA20, 0xFA00, 0xFA00, 0xFA00, 0xF9E0,
  0xF9E0, 0xF9E0, 0xF9E0, 0xF9E0, 0xF9E0, 0xF9E0, 0xF9E0, 0xF9E0, 0xF9E0, 0xFA00, 0xFA00, 0xFA00, 0xFA00, 0xFA00, 0xFA00, 0xFA20,
  0x7900, 0x4880, 0xD9C0, 0xFA20, 0xFA00, 0xFA40, 0xC180, 0x78E0, 0x78E0, 0xE1E0, 0xFA20, 0xFA40, 0xC9A0, 0x2040, 0x0800, 0xA960,
  0xFA20, 0xD1C0, 0x70E0, 0x1820, 0x0000, 0x3060, 0x58C0, 0x70E0, 0x7100, 0x2040, 0x6120, 0xFAC1, 0xCA20, 0x2060, 0x5100, 0xA221,
  0xC2C1, 0xEBA1, 0xDBE1, 0xD4E4, 0xE64A, 0xDE4A, 0xCD04, 0xAC02, 0x9363, 0x82E2, 0x72A2, 0x72C2, 0x8302, 0x8323, 0x7282, 0x49A2,
  0x3902, 0x28C2, 0x28A2, 0x2082, 0x1882, 0x2082, 0x2082, 0x1882, 0x1862, 0x1062, 0x1062, 0x1882, 0x1882, 0x1882, 0x1062, 0x1062,
  0x1062, 0x0862, 0x0862, 0x0862, 0x0862, 0x0862, 0x0862, 0x0862, 0x0862, 0x0862, 0x0862, 0x0862, 0x0862, 0x0862, 0x0862, 0x0862,
  0x0862, 0x0862, 0x0862, 0x0862, 0x0862, 0x0862, 0x0862, 0x0862, 0x0862, 0x0862, 0x0862, 0x0862, 0x0862, 0x0862, 0x0862, 0x0862,
  0x0862, 0x0862, 0x0862, 0x0862, 0x0862, 0x0862, 0x0862, 0x0862, 0x0862, 0x0862, 0x0862, 0x0862, 0x0862, 0x0862, 0x0862, 0x0862,
  0x0862, 0x0862, 0x0862, 0x0862, 0x0862, 0x0862, 0x0862, 0x0862, 0x0862, 0x0862, 0x0862, 0x0862, 0x0862, 0x0862, 0x0862, 0x0862,
  0x0862, 0x0862, 0x0862, 0x0862, 0x0862, 0x0862, 0x0862, 0x0862, 0x0862, 0x0862, 0x0862, 0x0862, 0x0862, 0x0862, 0x0862, 0x0862,
  0x0862, 0x0862, 0x0862, 0x0862, 0x0862, 0x0862, 0x0862, 0x0862, 0x0862, 0x0862, 0x0862, 0x0862, 0x0862, 0x0862, 0x0862, 0x0862,
  0x0862, 0x0862, 0x0862, 0x0862, 0x0862, 0x0862, 0x0862, 0x0862, 0x0862, 0x0862, 0x0862, 0x0862, 0x0862, 0x0862, 0x0862, 0x0862,
  0x0862, 0x0862, 0x0862, 0x0862, 0x0862, 0x0862, 0x0862, 0x0862, 0x0862, 0x0862, 0x0862, 0x0862, 0x0862, 0x0862, 0x0862, 0x0862,
  0x0862, 0x0862, 0x0862, 0x0862, 0x0862, 0x0862, 0x0862, 0x0862, 0x0862, 0x0862, 0x0862, 0x0862, 0x0862, 0x0862, 0x0862, 0x0862,
  0x0862, 0x0862, 0x0862, 0x0862, 0x0862, 0x0862, 0x0862, 0x0862, 0x0862, 0x0862, 0x0862, 0x0862, 0x0862, 0x0862, 0x0862, 0x0862,
  0x0862, 0x0862, 0x0862, 0x1062, 0x1062, 0x1062, 0x1062, 0x1062, 0x1862, 0x1862, 0x1862, 0x1862, 0x1882, 0x1882, 0x2082, 0x2082,
  0x2082, 0x2082, 0x2082, 0x1882, 0x1862, 0x1862, 0x1862, 0x1862, 0x1862, 0x1862, 0x1862, 0x1862, 0x1882, 0x2082, 0x2082, 0x2882,
  0x30A2, 0x38C2, 0x40E2, 0x4902, 0x5942, 0x6982, 0x6962, 0x6162, 0x6162, 0x6962, 0x7182, 0x81C2, 0x9A22, 0xA242, 0xAA62, 0xB2A2,
  0xC2E2, 0xCB02, 0xEBA2, 0xFC22, 0xFC43, 0xFCE3, 0xFEA8, 0xFFF4, 0xFFFF, 0xFFF8, 0xFF08, 0xFD62, 0xFC43, 0xFBE2, 0xFB82, 0xFB41,
  0xFB62, 0xFB61, 0xFAE1, 0xFA81, 0xFA61, 0xFA40, 0xFA20, 0xFA20, 0xFA00, 0xFA00, 0xE9E0, 0x9940, 0x68E0, 0x68E0, 0xB960, 0xF9E0,
  0xF9E0, 0xF9E0, 0xF9E0, 0xF9E0, 0xF9E0, 0xF9E0, 0xF9E0, 0xF9E0, 0xF9E0, 0xD9A0, 0xB960, 0xA140, 0x9120, 0x8100, 0x70E0, 0x68C0,
  0x60A0, 0x60C0, 0x60C0, 0x60A0, 0x60C0, 0x60C0, 0x78E0, 0x9120, 0x9940, 0xA140, 0xB980, 0xC9A0, 0xEA00, 0xE1E0, 0xB9A0, 0xC1A0,
  0xE200, 0x50A0, 0x0800, 0x2040, 0x9140, 0xD1E0, 0x7100, 0x2040, 0x1820, 0x1020, 0xB9A0, 0xFA80, 0xFAA0, 0x7160, 0x2080, 0x6120,
  0x38E0, 0x8A01, 0xD321, 0xE3C1, 0xD442, 0xDDA8, 0xE6CE, 0xD5C9, 0xBC62, 0x9BA2, 0x8302, 0x72A2, 0x6A82, 0x72C2, 0x8302, 0x7AC2,
  0x59E2, 0x3922, 0x30C2, 0x28A2, 0x2082, 0x1882, 0x1882, 0x1882, 0x1882, 0x1862, 0x1062, 0x1062, 0x1062, 0x1082, 0x1082, 0x1062,
  0x1062, 0x1062, 0x0862, 0x0862, 0x0862, 0x0862, 0x0862, 0x0862, 0x0862, 0x0862, 0x0862, 0x0862, 0x0862, 0x0862, 0x0862, 0x0862,
  0x0862, 0x0862, 0x0862, 0x0862, 0x0862, 0x0862, 0x0862, 0x0862, 0x0862, 0x0862, 0x0862, 0x0862, 0x0862, 0x0862, 0x0862, 0x0862,
  0x0862, 0x0862, 0x0862, 0x0862, 0x0862, 0x0862, 0x0862, 0x0862, 0x0862, 0x0862, 0x0862, 0x0862, 0x0862, 0x0862, 0x0862, 0x0862,
  0x0862, 0x0862, 0x0862, 0x0862, 0x0862, 0x0862, 0x0862, 0x0862, 0x0862, 0x0862, 0x0862, 0x0862, 0x0862, 0x0862, 0x0862, 0x0862,
  0x0862, 0x0862, 0x0862, 0x0862, 0x0862, 0x0862, 0x0862, 0x0862, 0x0862, 0x0862, 0x0862, 0x0862, 0x0862, 0x0862, 0x0862, 0x0862,
  0x0862, 0x0862, 0x0862, 0x0862, 0x0862, 0x0862, 0x0862, 0x0862, 0x0862, 0x0862, 0x0862, 0x0862, 0x0862, 0x0862, 0x0862, 0x0862,
  0x0862, 0x0862, 0x0862, 0x0862, 0x0862, 0x0862, 0x0862, 0x0862, 0x0862, 0x0862, 0x0862, 0x0862, 0x0862, 0x0862, 0x0862, 0x0862,
  0x0862, 0x0862, 0x0862, 0x0862, 0x0862, 0x0862, 0x0862, 0x0862, 0x0862, 0x0862, 0x0862, 0x0862, 0x0862, 0x0862, 0x0862, 0x0862,
  0x0862, 0x0862, 0x0862, 0x0862, 0x0862, 0x0862, 0x0862, 0x0862, 0x0862, 0x0862, 0x0862, 0x0862, 0x0862, 0x0862, 0x0862, 0x0862,
  0x0862, 0x0862, 0x0862, 0x0862, 0x0862, 0x0862, 0x0862, 0x0862, 0x0862, 0x0862, 0x0862, 0x0862, 0x0862, 0x0862, 0x0862, 0x0862,
  0x0862, 0x0862, 0x1062, 0x1062, 0x1062, 0x1062, 0x1062, 0x1062, 0x1862, 0x1862, 0x1862, 0x1862, 0x1882, 0x2082, 0x2082, 0x2082,
  0x2082, 0x2082, 0x1882, 0x1882, 0x1862, 0x1862, 0x1862, 0x1862, 0x1862, 0x1862, 0x1862, 0x1882, 0x2082, 0x2082, 0x2882, 0x30A2,
  0x38A2, 0x40E2, 0x4902, 0x5942, 0x6982, 0x6982, 0x6962, 0x6962, 0x6962, 0x7182, 0x81C2, 0x9A22, 0xAA62, 0xAA62, 0xBAC2, 0xC2E2,
  0xCB02, 0xEBA2, 0xFC42, 0xFC63, 0xFD03, 0xFEC7, 0xFFF2, 0xFFFA, 0xFFD1, 0xFE84, 0xFCC2, 0xFC23, 0xFBA2, 0xFB41, 0xFB21, 0xFB81,
  0xFB21, 0xFAA1, 0xFA81, 0xFA60, 0xFA40, 0xFA20, 0xFA00, 0xFA00, 0xFA00, 0xD9C0, 0x48A0, 0x2860, 0x2860, 0x2040, 0x3060, 0xE1C0,
  0xF9E0, 0xF1E0, 0xF9E0, 0xF9E0, 0xF9E0, 0xF9E0, 0xF9E0, 0xF1E0, 0xFA00, 0x78E0, 0x0800, 0x1020, 0x1000, 0x0800, 0x1000, 0x1000,
  0x1000, 0x0800, 0x1000, 0x1000, 0x1000, 0x1000, 0x0800, 0x0800, 0x0800, 0x1000, 0x1000, 0x1820, 0x2040, 0x4080, 0x68E0, 0x9140,
  0xB180, 0xD9E0, 0xD9E0, 0xF220, 0xFA80, 0xFA40, 0xFA60, 0xB180, 0x0800, 0x4080, 0xF240, 0xFA60, 0xFA80, 0xC1E0, 0x2080, 0x6120,
  0x6100, 0x1840, 0x4120, 0xA281, 0xDB82, 0xD3E1, 0xD4E4, 0xDEAE, 0xDEAE, 0xC4E4, 0xA3C2, 0x8B43, 0x72A2, 0x6A62, 0x7282, 0x7AC2,
  0x7AC2, 0x6222, 0x3942, 0x30E2, 0x28A2, 0x2082, 0x1882, 0x1862, 0x1882, 0x1882, 0x1062, 0x1062, 0x1062, 0x1062, 0x1062, 0x1082,
  0x1062, 0x1062, 0x0862, 0x0862, 0x0862, 0x0862, 0x0862, 0x0862, 0x0862, 0x0862, 0x0862, 0x0862, 0x0862, 0x0862, 0x0862, 0x0862,
  0x0862, 0x0862, 0x0862, 0x0862, 0x0862, 0x0862, 0x0862, 0x0862, 0x0862, 0x0862, 0x0862, 0x0862, 0x0862, 0x0862, 0x0862, 0x0862,
  0x0862, 0x0862, 0x0862, 0x0862, 0x0862, 0x0862, 0x0862, 0x0862, 0x0862, 0x0862, 0x0862, 0x0862, 0x0862, 0x0862, 0x0862, 0x0862,
  0x0862, 0x0862, 0x0862, 0x0862, 0x0862, 0x0862, 0x0862, 0x0862, 0x0862, 0x0862, 0x0862, 0x0862, 0x0862, 0x0862, 0x0862, 0x0862,
  0x0862, 0x0862, 0x0862, 0x0862, 0x0862, 0x0862, 0x0862, 0x0862, 0x0862, 0x0862, 0x0862, 0x0862, 0x0862, 0x0862, 0x0862, 0x0862,
  0x0862, 0x0862, 0x0862, 0x0862, 0x0862, 0x0862, 0x0862, 0x0862, 0x0862, 0x0862, 0x0862, 0x0862, 0x0862, 0x0862, 0x0862, 0x0862,
  0x0862, 0x0862, 0x0862, 0x0862, 0x0862, 0x0862, 0x0862, 0x0862, 0x0862, 0x0862, 0x0862, 0x0862, 0x0862, 0x0862, 0x0862, 0x0862,
  0x0862, 0x0862, 0x0862, 0x0862, 0x0862, 0x0862, 0x0862, 0x0862, 0x0862, 0x0862, 0x0862, 0x0862, 0x0862, 0x0862, 0x0862, 0x0862,
  0x0862, 0x0862, 0x0862, 0x0862, 0x0862, 0x0862, 0x0862, 0x0862, 0x0862, 0x0862, 0x0862, 0x0862, 0x0862, 0x0862, 0x0862, 0x0862,
  0x0862, 0x0862, 0x0862, 0x0862, 0x0862, 0x0862, 0x0862, 0x0862, 0x0862, 0x0862, 0x0862, 0x0862, 0x0862, 0x0862, 0x0862, 0x0862,
  0x0862, 0x0862, 0x1062, 0x1062, 0x1062, 0x1062, 0x1062, 0x1862, 0x1862, 0x1862, 0x1862, 0x1882, 0x1882, 0x2082, 0x2082, 0x2082,
  0x2082, 0x2082, 0x1882, 0x1882, 0x1862, 0x1862, 0x1862, 0x1862, 0x1862, 0x1862, 0x1862, 0x1882, 0x2082, 0x2082, 0x28A2, 0x30A2,
  0x38C2, 0x4102, 0x5122, 0x6162, 0x7182, 0x6982, 0x6962, 0x6962, 0x7182, 0x79A2, 0x9202, 0xAA62, 0xB282, 0xBAC2, 0xC302, 0xCB02,
  0xEBA2, 0xFC42, 0xFC63, 0xFD03, 0xFEA6, 0xFFEF, 0xFFF2, 0xFF89, 0xFE03, 0xFC83, 0xFBE2, 0xFB82, 0xFB41, 0xFB41, 0xFB61, 0xFAE1,
  0xFA81, 0xFA61, 0xFA40, 0xFA20, 0xFA20, 0xFA00, 0xFA00, 0xF9E0, 0xFA00, 0x60C0, 0x2040, 0x3060, 0x3060, 0x2840, 0x4060, 0xE9C0,
  0xF9E0, 0xFA00, 0xF1E0, 0xE1C0, 0xF9E0, 0xF9E0, 0xF9E0, 0xF1E0, 0xFA00, 0x9920, 0x0800, 0x2020, 0x1820, 0x1820, 0x1820, 0x1820,
  0x1820, 0x1820, 0x0800, 0x0800, 0x0800, 0x0800, 0x0800, 0x0800, 0x0800, 0x0800, 0x1000, 0x1000, 0x1000, 0x1000, 0x0800, 0x0800,
  0x0800, 0x2020, 0x48A0, 0x8120, 0xB9A0, 0xEA20, 0xFA80, 0xB9C0, 0x1020, 0x8940, 0x60C0, 0x60C0, 0xCA00, 0xFA80, 0x48A0, 0x2060,
  0xCA61, 0xA1E0, 0x30A0, 0x1860, 0x71C1, 0xE362, 0xDBC1, 0xD442, 0xD62B, 0xDF32, 0xCD88, 0xAC01, 0x8B63, 0x72C2, 0x6A62, 0x6A62,
  0x7282, 0x72C2, 0x6242, 0x4162, 0x28E2, 0x20A2, 0x2082, 0x1882, 0x1862, 0x1882, 0x1882, 0x1062, 0x1062, 0x1062, 0x1062, 0x1062,
  0x1062, 0x1062, 0x1062, 0x0862, 0x0862, 0x0862, 0x0862, 0x0862, 0x0862, 0x0862, 0x0862, 0x0862, 0x0862, 0x0862, 0x0862, 0x0862,
  0x0862, 0x0862, 0x0862, 0x0862, 0x0862, 0x0862, 0x0862, 0x0862, 0x0862, 0x0862, 0x0862, 0x0862, 0x0862, 0x0862, 0x0862, 0x0862,
  0x0862, 0x0862, 0x0862, 0x0862, 0x0862, 0x0862, 0x0862, 0x0862, 0x0862, 0x0862, 0x0862, 0x0862, 0x0862, 0x0862, 0x0862, 0x0862,
  0x0862, 0x0862, 0x0862, 0x0862, 0x0862, 0x0862, 0x0862, 0x0862, 0x0862, 0x0862, 0x0862, 0x0862, 0x0862, 0x0862, 0x0862, 0x0862,
  0x0862, 0x0862, 0x0862, 0x0862, 0x0862, 0x0862, 0x0862, 0x0862, 0x0862, 0x0862, 0x0862, 0x0862, 0x0862, 0x0862, 0x0862, 0x0862,
  0x0862, 0x0862, 0x0862, 0x0862, 0x0862, 0x0862, 0x0862, 0x0862, 0x0862, 0x0862, 0x0862, 0x0862, 0x0862, 0x0862, 0x0862, 0x0862,
  0x0862, 0x0862, 0x0862, 0x0862, 0x0862, 0x0862, 0x0862, 0x0862, 0x0862, 0x0862, 0x0862, 0x0862, 0x0862, 0x0862, 0x0862, 0x0862,
  0x0862, 0x0862, 0x0862, 0x0862, 0x0862, 0x0862, 0x0862, 0x0862, 0x0862, 0x0862, 0x0862, 0x0862, 0x0862, 0x0862, 0x0862, 0x0862,
  0x0862, 0x0862, 0x0862, 0x0862, 0x0862, 0x0862, 0x0862, 0x0862, 0x0862, 0x0862, 0x0862, 0x0862, 0x0862, 0x0862, 0x0862, 0x0862,
  0x0862, 0x0862, 0x0862, 0x0862, 0x0862, 0x0862, 0x0862, 0x0862, 0x0862, 0x0862, 0x0862, 0x0862, 0x0862, 0x0862, 0x0862, 0x0862,
  0x0862, 0x0862, 0x1062, 0x1062, 0x1062, 0x1062, 0x1062, 0x1862, 0x1862, 0x1862, 0x1862, 0x1882, 0x2082, 0x2082, 0x2082, 0x2082,
  0x2082, 0x2082, 0x1882, 0x1882, 0x1862, 0x1862, 0x1862, 0x1862, 0x1862, 0x1862, 0x1882, 0x2082, 0x2882, 0x28A2, 0x30A2, 0x38C2,
  0x40E2, 0x5122, 0x6142, 0x6982, 0x6982, 0x6982, 0x6982, 0x7182, 0x79A2, 0x89E2, 0xA242, 0xB282, 0xBAC2, 0xCB02, 0xCB22, 0xE382,
  0xFC42, 0xFC63, 0xFD03, 0xFE66, 0xFFCC, 0xFFEC, 0xFF05, 0xFDA3, 0xFC43, 0xFBC2, 0xFB62, 0xFB21, 0xFB41, 0xFB41, 0xFAA1, 0xFA61,
  0xFA40, 0xFA40, 0xFA20, 0xFA00, 0xFA00, 0xFA00, 0xF9E0, 0xF9E0, 0xF9E0, 0x4880, 0x1820, 0x2040, 0x2840, 0x1820, 0xB160, 0xFA20,
  0xE9C0, 0xA140, 0x3860, 0x4880, 0xF9E0, 0xF9E0, 0xF9E0, 0xF1E0, 0xFA00, 0xB960, 0x1000, 0x1820, 0x1820, 0x1820, 0x1820, 0x1820,
  0x1020, 0x1820, 0x60C0, 0x7900, 0x8100, 0x8100, 0x7900, 0x70E0, 0x60C0, 0x48A0, 0x3860, 0x2040, 0x1000, 0x0800, 0x0800, 0x0800,
  0x1000, 0x1000, 0x0800, 0x0800, 0x0800, 0x3060, 0x7100, 0xC1E0, 0xEA20, 0xEA20, 0x48A0, 0x0000, 0x0800, 0x7100, 0x8120, 0x0000,
  0x8140, 0xFB01, 0xE2A1, 0x6920, 0xA9E0, 0xA221, 0xAAA1, 0xDBC2, 0xD421, 0xD567, 0xDF53, 0xD64C, 0xB442, 0x9382, 0x72C2, 0x6262,
  0x6242, 0x6A62, 0x72A2, 0x6A62, 0x4182, 0x28E2, 0x20A2, 0x1882, 0x1862, 0x1862, 0x1862, 0x1882, 0x1062, 0x1062, 0x1062, 0x1062,
  0x1062, 0x1062, 0x1062, 0x0862, 0x0862, 0x0862, 0x0862, 0x0862, 0x0862, 0x0862, 0x0862, 0x0862, 0x0862, 0x0862, 0x0862, 0x0862,
  0x0862, 0x0862, 0x0862, 0x0862, 0x0862, 0x0862, 0x0862, 0x0862, 0x0862, 0x0862, 0x0862, 0x0862, 0x0862, 0x0862, 0x0862, 0x0862,
  0x0862, 0x0862, 0x0862, 0x0862, 0x0862, 0x0862, 0x0862, 0x0862, 0x0862, 0x0862, 0x0862, 0x0862, 0x0862, 0x0862, 0x0862, 0x0862,
  0x0862, 0x0862, 0x0862, 0x0862, 0x0862, 0x0862, 0x0862, 0x0862, 0x0862, 0x0862, 0x0862, 0x0862, 0x0862, 0x0862, 0x0862, 0x0862,
  0x0862, 0x0862, 0x0862, 0x0862, 0x0862, 0x0862, 0x0862, 0x0862, 0x0862, 0x0862, 0x0862, 0x0862, 0x0862, 0x0862, 0x0862, 0x0862,
  0x0862, 0x0862, 0x0862, 0x0862, 0x0862, 0x0862, 0x0862, 0x0862, 0x0862, 0x0862, 0x0862, 0x0862, 0x0862, 0x0862, 0x0862, 0x0862,
  0x0862, 0x0862, 0x0862, 0x0862, 0x0862, 0x0862, 0x0862, 0x0862, 0x0862, 0x0862, 0x0862, 0x0862, 0x0862, 0x0862, 0x0862, 0x0862,
  0x0862, 0x0862, 0x0862, 0x0862, 0x0862, 0x0862, 0x0862, 0x0862, 0x0862, 0x0862, 0x0862, 0x0862, 0x0862, 0x0862, 0x0862, 0x0862,
  0x0862, 0x0862, 0x0862, 0x0862, 0x0862, 0x0862, 0x0862, 0x0862, 0x0862, 0x0862, 0x0862, 0x0862, 0x0862, 0x0862, 0x0862, 0x0862,
  0x0862, 0x0862, 0x0862, 0x0862, 0x0862, 0x0862, 0x0862, 0x0862, 0x0862, 0x0862, 0x0862, 0x0862, 0x0862, 0x0862, 0x0862, 0x0862,
  0x0862, 0x1062, 0x1062, 0x1062, 0x1062, 0x1062, 0x1862, 0x1862, 0x1862, 0x1862, 0x1882, 0x1882, 0x2082, 0x2082, 0x2082, 0x2082,
  0x2082, 0x2082, 0x1882, 0x1882, 0x1862, 0x1862, 0x1862, 0x1862, 0x1862, 0x1882, 0x2082, 0x2882, 0x2882, 0x30A2, 0x38C2, 0x40E2,
  0x4902, 0x5142, 0x6162, 0x7182, 0x7182, 0x6982, 0x6982, 0x7182, 0x81C2, 0x9A22, 0xBAA2, 0xC2C2, 0xCB02, 0xD322, 0xE362, 0xFC42,
  0xFC83, 0xFCE3, 0xFE45, 0xFFC9, 0xFFA8, 0xFE84, 0xFD43, 0xFC43, 0xFBA2, 0xFB61, 0xFB01, 0xFB41, 0xFB41, 0xFA81, 0xFA61, 0xFA40,
  0xFA20, 0xFA00, 0xFA00, 0xFA00, 0xF9E0, 0xF9E0, 0xF9E0, 0xF1E0, 0xF9E0, 0xC180, 0x58A0, 0x3860, 0x2040, 0x1820, 0x8900, 0x9920,
  0x3060, 0x0800, 0x0800, 0x1000, 0xB960, 0xFA00, 0xF1E0, 0xF1E0, 0xFA00, 0xD1C0, 0x1820, 0x1020, 0x1020, 0x1000, 0x1020, 0x1020,
  0x1000, 0x2840, 0xFA20, 0xFA40, 0xFA40, 0xFA40, 0xFA40, 0xFA40, 0xFA40, 0xFA40, 0xF220, 0xE200, 0xC9C0, 0xA160, 0x7900, 0x48A0,
  0x2840, 0x0800, 0x0000, 0x0800, 0x1000, 0x1000, 0x0800, 0x1000, 0x48A0, 0xA180, 0xF260, 0xC9E0, 0x50C0, 0x0000, 0x48A0, 0x2840,
  0x3880, 0xF260, 0xFAA1, 0xFB21, 0xCA40, 0x2860, 0x6140, 0x69C1, 0xD382, 0xD401, 0xCCE4, 0xD712, 0xD6CF, 0xBCA3, 0x9382, 0x72E2,
  0x6242, 0x6242, 0x6242, 0x6A62, 0x6A62, 0x49A2, 0x28E2, 0x20A2, 0x1882, 0x1862, 0x1062, 0x1862, 0x1062, 0x1062, 0x1062, 0x1062,
  0x1062, 0x1062, 0x1062, 0x1062, 0x0862, 0x0862, 0x0862, 0x0862, 0x0862, 0x0862, 0x0862, 0x0862, 0x0862, 0x0862, 0x0862, 0x0862,
  0x0862, 0x0862, 0x0862, 0x0862, 0x0862, 0x0862, 0x0862, 0x0862, 0x0862, 0x0862, 0x0862, 0x0862, 0x0862, 0x0862, 0x0862, 0x0862,
  0x0862, 0x0862, 0x0862, 0x0862, 0x0862, 0x0862, 0x0862, 0x0862, 0x0862, 0x0862, 0x0862, 0x0862, 0x0862, 0x0862, 0x0862, 0x0862,
  0x0862, 0x0862, 0x0862, 0x0862, 0x0862, 0x0862, 0x0862, 0x0862, 0x0862, 0x0862, 0x0862, 0x0862, 0x0862, 0x0862, 0x0862, 0x0862,
  0x0862, 0x0862, 0x0862, 0x0862, 0x0862, 0x0862, 0x0862, 0x0862, 0x0862, 0x0862, 0x0862, 0x0862, 0x0862, 0x0862, 0x0862, 0x0862,
  0x0862, 0x0862, 0x0862, 0x0862, 0x0862, 0x0862, 0x0862, 0x0862, 0x0862, 0x0862, 0x0862, 0x0862, 0x0862, 0x0862, 0x0862, 0x0862,
  0x0862, 0x0862, 0x0862, 0x0862, 0x0862, 0x0862, 0x0862, 0x0862, 0x0862, 0x0862, 0x0862, 0x0862, 0x0862, 0x0862, 0x0862, 0x0862,
  0x0862, 0x0862, 0x0862, 0x0862, 0x0862, 0x0862, 0x0862, 0x0862, 0x0862, 0x0862, 0x0862, 0x0862, 0x0862, 0x0862, 0x0862, 0x0862,
  0x0862, 0x0862, 0x0862, 0x0862, 0x0862, 0x0862, 0x0862, 0x0862, 0x0862, 0x0862, 0x0862, 0x0862, 0x0862, 0x0862, 0x0862, 0x0862,
  0x0862, 0x0862, 0x0862, 0x0862, 0x0862, 0x0862, 0x0862, 0x0862, 0x0862, 0x0862, 0x0862, 0x0862, 0x0862, 0x0862, 0x0862, 0x0862,
  0x0862, 0x1062, 0x1062, 0x1062, 0x1062, 0x1062, 0x1862, 0x1862, 0x1862, 0x1862, 0x1882, 0x2082, 0x2082, 0x2082, 0x2082, 0x2082,
  0x2082, 0x1882, 0x1882, 0x1862, 0x1862, 0x1862, 0x1862, 0x1862, 0x1882, 0x2082, 0x2082, 0x2082, 0x28A2, 0x38C2, 0x38C2, 0x40E2,
  0x5122, 0x6162, 0x7182, 0x7182, 0x6982, 0x6982, 0x7182, 0x79A2, 0x9202, 0xB282, 0xC2E2, 0xD322, 0xD342, 0xDB62, 0xFC22, 0xFC83,
  0xFCE3, 0xFE04, 0xFFA7, 0xFF66, 0xFE04, 0xFCE3, 0xFC42, 0xFB82, 0xFB41, 0xFB01, 0xFB41, 0xFB21, 0xFA81, 0xFA60, 0xFA40, 0xFA20,
  0xFA00, 0xFA00, 0xFA00, 0xFA00, 0xF9E0, 0xF9E0, 0xF9E0, 0xF9E0, 0xF1E0, 0xF9E0, 0xFA00, 0xE9C0, 0x3040, 0x1820, 0x1820, 0x1000,
  0x1000, 0x2840, 0x4060, 0x0800, 0x58A0, 0xFA00, 0xFA00, 0xFA00, 0xFA00, 0xE9E0, 0x2840, 0x0800, 0x1000, 0x1000, 0x1000, 0x1000,
  0x0800, 0x2840, 0xEA00, 0xFA20, 0xF220, 0xF220, 0xF220, 0xF220, 0xF220, 0xF220, 0xFA40, 0xFA60, 0xFA60, 0xFA60, 0xFA60, 0xFA40,
  0xEA20, 0xC1C0, 0x8940, 0x50A0, 0x2020, 0x0800, 0x0800, 0x1000, 0x0800, 0x0800, 0x3060, 0xA180, 0xF280, 0xC1E0, 0x6900, 0x3880,
  0x0800, 0xCA20, 0xFAA0, 0xEA80, 0x5100, 0x20A0, 0x7960, 0x28A0, 0x4940, 0xBB22, 0xDC01, 0xCC82, 0xD6CF, 0xD732, 0xC504, 0x9BA2,
  0x72E3, 0x6242, 0x5A22, 0x5A22, 0x6242, 0x6262, 0x49A2, 0x28E2, 0x20A2, 0x1882, 0x1862, 0x1062, 0x1062, 0x1062, 0x1062, 0x1062,
  0x1062, 0x1062, 0x1062, 0x1062, 0x0862, 0x0862, 0x0862, 0x0862, 0x0862, 0x0862, 0x0862, 0x0862, 0x0862, 0x0862, 0x0862, 0x0862,
  0x0862, 0x0862, 0x0862, 0x0862, 0x0862, 0x0862, 0x0862, 0x0862, 0x0862, 0x0862, 0x0862, 0x0862, 0x0862, 0x0862, 0x0862, 0x0862,
  0x0862, 0x0862, 0x0862, 0x0862, 0x0862, 0x0862, 0x0862, 0x0862, 0x0862, 0x0862, 0x0862, 0x0862, 0x0862, 0x0862, 0x0862, 0x0862,
  0x0862, 0x0862, 0x0862, 0x0862, 0x0862, 0x0862, 0x0862, 0x0862, 0x0862, 0x0862, 0x0862, 0x0862, 0x0862, 0x0862, 0x0862, 0x0862,
  0x0862, 0x0862, 0x0862, 0x0862, 0x0862, 0x0862, 0x0862, 0x0862, 0x0862, 0x0862, 0x0862, 0x0862, 0x0862, 0x0862, 0x0862, 0x0862,
  0x0862, 0x0862, 0x0862, 0x0862, 0x0862, 0x0862, 0x0862, 0x0862, 0x0862, 0x0862, 0x0862, 0x0862, 0x0862, 0x0862, 0x0862, 0x0862,
  0x0862, 0x0862, 0x0862, 0x0862, 0x0862, 0x0862, 0x0862, 0x0862, 0x0862, 0x0862, 0x0862, 0x0862, 0x0862, 0x0862, 0x0862, 0x0862,
  0x0862, 0x0862, 0x0862, 0x0862, 0x0862, 0x0862, 0x0862, 0x0862, 0x0862, 0x0862, 0x0862, 0x0862, 0x0862, 0x0862, 0x0862, 0x0862,
  0x0862, 0x0862, 0x0862, 0x0862, 0x0862, 0x0862, 0x0862, 0x0862, 0x0862, 0x0862, 0x0862, 0x0862, 0x0862, 0x0862, 0x0862, 0x0862,
  0x0862, 0x0862, 0x0862, 0x0862, 0x0862, 0x0862, 0x0862, 0x0862, 0x0862, 0x0862, 0x0862, 0x0862, 0x0862, 0x0862, 0x0862, 0x0862,
  0x1062, 0x1062, 0x1062, 0x1062, 0x1062, 0x1862, 0x1862, 0x1862, 0x1862, 0x1882, 0x1882, 0x2082, 0x2082, 0x2082, 0x2082, 0x2082,
  0x2082, 0x1882, 0x1882, 0x1882, 0x1862, 0x1862, 0x1882, 0x1882, 0x2082, 0x2082, 0x2082, 0x28A2, 0x30A2, 0x38C2, 0x38E2, 0x4902,
  0x5942, 0x6982, 0x7182, 0x7182, 0x6982, 0x7182, 0x79A2, 0x89E2, 0xA242, 0xCAE2, 0xD322, 0xDB42, 0xDB42, 0xFBE2, 0xFC83, 0xFCC3,
  0xFDC4, 0xFF86, 0xFF05, 0xFDA4, 0xFCA3, 0xFC22, 0xFB82, 0xFB21, 0xFAE1, 0xFB41, 0xFB01, 0xFA61, 0xFA60, 0xFA40, 0xFA20, 0xFA00,
  0xFA00, 0xF9E0, 0xF9E0, 0xF9E0, 0xF9E0, 0xF9E0, 0xF9E0, 0xF9E0, 0xFA00, 0xF9E0, 0xC180, 0x68C0, 0x2040, 0x1820, 0x1820, 0x1820,
  0x1000, 0x4060, 0xD9A0, 0x1820, 0x1000, 0xD1A0, 0xFA20, 0xF200, 0xFA00, 0xFA00, 0x4080, 0x0800, 0x1020, 0x1000, 0x1000, 0x1000,
  0x0800, 0x2040, 0xEA00, 0xFA20, 0xF220, 0xFA20, 0xFA40, 0xFA40, 0xF240, 0xFA40, 0xEA20, 0xC1C0, 0xEA20, 0xFA60, 0xFA60, 0xFA60,
  0xFA60, 0xFA60, 0xFA80, 0xFA60, 0xE220, 0xA9A0, 0x68E0, 0x2840, 0x0800, 0x0800, 0x0800, 0x0000, 0x3060, 0xA9A0, 0xFAA0, 0xC200,
  0x1820, 0x7920, 0xFAE1, 0x7920, 0x0800, 0x5900, 0xF301, 0xA1E0, 0x2080, 0x3100, 0xA2C1, 0xDC02, 0xCC41, 0xCE6D, 0xD774, 0xC525,
  0x9BA2, 0x72E3, 0x6242, 0x5A02, 0x5A22, 0x5A22, 0x6242, 0x49A2, 0x28E2, 0x20A2, 0x1882, 0x1062, 0x1062, 0x1062, 0x1062, 0x1062,
  0x0862, 0x0862, 0x0862, 0x1062, 0x0862, 0x0862, 0x0862, 0x0862, 0x0862, 0x0862, 0x0862, 0x0862, 0x0862, 0x0862, 0x0862, 0x0862,
  0x0862, 0x0862, 0x0862, 0x0862, 0x0862, 0x0862, 0x0862, 0x0862, 0x0862, 0x0862, 0x0862, 0x0862, 0x0862, 0x0862, 0x0862, 0x0862,
  0x0862, 0x0862, 0x0862, 0x0862, 0x0862, 0x0862, 0x0862, 0x0862, 0x0862, 0x0862, 0x0862, 0x0862, 0x0862, 0x0862, 0x0862, 0x0862,
  0x0862, 0x0862, 0x0862, 0x0862, 0x0862, 0x0862, 0x0862, 0x0862, 0x0862, 0x0862, 0x0862, 0x0862, 0x0862, 0x0862, 0x0862, 0x0862,
  0x0862, 0x0862, 0x0862, 0x0862, 0x0862, 0x0862, 0x0862, 0x0862, 0x0862, 0x0862, 0x0862, 0x0862, 0x0862, 0x0862, 0x0862, 0x0862,
  0x0862, 0x0862, 0x0862, 0x0862, 0x0862, 0x0862, 0x0862, 0x0862, 0x0862, 0x0862, 0x0862, 0x0862, 0x0862, 0x0862, 0x0862, 0x0862,
  0x0862, 0x0862, 0x0862, 0x0862, 0x0862, 0x0862, 0x0862, 0x0862, 0x0862, 0x0862, 0x0862, 0x0862, 0x0862, 0x0862, 0x0862, 0x0862,
  0x0862, 0x0862, 0x0862, 0x0862, 0x0862, 0x0862, 0x0862, 0x0862, 0x0862, 0x0862, 0x0862, 0x0862, 0x0862, 0x0862, 0x0862, 0x0862,
  0x0862, 0x0862, 0x0862, 0x0862, 0x0862, 0x0862, 0x0862, 0x0862, 0x0862, 0x0862, 0x0862, 0x0862, 0x0862, 0x0862, 0x0862, 0x0862,
  0x0862, 0x0862, 0x0862, 0x0862, 0x0862, 0x0862, 0x0862, 0x0862, 0x0862, 0x0862, 0x0862, 0x0862, 0x0862, 0x0862, 0x0862, 0x0862,
  0x1062, 0x1062, 0x1062, 0x1062, 0x1062, 0x1862, 0x1862, 0x1862, 0x1862, 0x1882, 0x2082, 0x2082, 0x2082, 0x2082, 0x2082, 0x2082,
  0x2082, 0x1882, 0x1882, 0x1882, 0x1862, 0x1882, 0x1882, 0x1882, 0x2082, 0x2882, 0x28A2, 0x28A2, 0x30A2, 0x38C2, 0x4902, 0x5142,
  0x6162, 0x6982, 0x7182, 0x7182, 0x7182, 0x71A2, 0x81C2, 0x9222, 0xC2C2, 0xDB22, 0xDB42, 0xDB42, 0xF3C2, 0xFC83, 0xFCC3, 0xFD84,
  0xFF25, 0xFEC5, 0xFD63, 0xFC83, 0xFC02, 0xFB82, 0xFB21, 0xFAE1, 0xFB21, 0xFB01, 0xFA61, 0xFA60, 0xFA40, 0xFA20, 0xFA00, 0xFA00,
  0xF9E0, 0xF9E0, 0xF9E0, 0xF9E0, 0xF9E0, 0xF9E0, 0xF9E0, 0xF9E0, 0xB960, 0x58A0, 0x1820, 0x0800, 0x1820, 0x1820, 0x1820, 0x1820,
  0x1820, 0x0000, 0xB980, 0x78E0, 0x0000, 0x60C0, 0xFA20, 0xF200, 0xF200, 0xFA20, 0x60C0, 0x0000, 0x1020, 0x1000, 0x1000, 0x1000,
  0x0800, 0x2040, 0xE200, 0xFA40, 0xF240, 0xFA40, 0xFA40, 0xFA40, 0xF240, 0xFA60, 0xB1A0, 0x0000, 0x2040, 0x50C0, 0x9140, 0xC9E0,
  0xF240, 0xFA80, 0xFA80, 0xFA60, 0xFA60, 0xFA80, 0xFAA0, 0xEA60, 0xB1C0, 0x6900, 0x2040, 0x0800, 0x0000, 0x0000, 0x4080, 0xC200,
  0xEA80, 0xA9C0, 0xFAC1, 0x58E0, 0x1000, 0xD240, 0xFB01, 0xFB21, 0xC261, 0x38A0, 0x20C0, 0x8A61, 0xDC02, 0xCC41, 0xCE2C, 0xCF94,
  0xC546, 0x9BA1, 0x72E3, 0x5A42, 0x5202, 0x5202, 0x5202, 0x5A22, 0x49C2, 0x28E2, 0x20A2, 0x1882, 0x1062, 0x1062, 0x1062, 0x1062,
  0x0862, 0x0862, 0x0862, 0x0862, 0x0862, 0x0862, 0x0862, 0x0862, 0x0862, 0x0862, 0x0862, 0x0862, 0x0862, 0x0862, 0x0862, 0x0862,
  0x0862, 0x0862, 0x0862, 0x0862, 0x0862, 0x0862, 0x0862, 0x0862, 0x0862, 0x0862, 0x0862, 0x0862, 0x0862, 0x0862, 0x0862, 0x0862,
  0x0862, 0x0862, 0x0862, 0x0862, 0x0862, 0x0862, 0x0862, 0x0862, 0x0862, 0x0862, 0x0862, 0x0862, 0x0862, 0x0862, 0x0862, 0x0862,
  0x0862, 0x0862, 0x0862, 0x0862, 0x0862, 0x0862, 0x0862, 0x0862, 0x0862, 0x0862, 0x0862, 0x0862, 0x0862, 0x0862, 0x0862, 0x0862,
  0x0862, 0x0862, 0x0862, 0x0862, 0x0862, 0x0862, 0x0862, 0x0862, 0x0862, 0x0862, 0x0862, 0x0862, 0x0862, 0x0862, 0x0862, 0x0862,
  0x0862, 0x0862, 0x0862, 0x0862, 0x0862, 0x0862, 0x0862, 0x0862, 0x0862, 0x0862, 0x0862, 0x0862, 0x0862, 0x0862, 0x0862, 0x0862,
  0x0862, 0x0862, 0x0862, 0x0862, 0x0862, 0x0862, 0x0862, 0x0862, 0x0862, 0x0862, 0x0862, 0x0862, 0x0862, 0x0862, 0x0862, 0x0862,
  0x0862, 0x0862, 0x0862, 0x0862, 0x0862, 0x0862, 0x0862, 0x0862, 0x0862, 0x0862, 0x0862, 0x0862, 0x0862, 0x0862, 0x0862, 0x0862,
  0x0862, 0x0862, 0x0862, 0x0862, 0x0862, 0x0862, 0x0862, 0x0862, 0x0862, 0x0862, 0x0862, 0x0862, 0x0862, 0x0862, 0x0862, 0x0862,
  0x0862, 0x0862, 0x0862, 0x0862, 0x0862, 0x0862, 0x0862, 0x0862, 0x0862, 0x0862, 0x0862, 0x0862, 0x0862, 0x0862, 0x0862, 0x0862,
  0x1062, 0x1062, 0x1062, 0x1062, 0x1862, 0x1862, 0x1862, 0x1862, 0x1862, 0x1882, 0x2082, 0x2082, 0x2082, 0x2082, 0x2082, 0x2082,
  0x2082, 0x1882, 0x1882, 0x1882, 0x1882, 0x1882, 0x1882, 0x2082, 0x2882, 0x2882, 0x2882, 0x30A2, 0x38C2, 0x40E2, 0x4902, 0x5942,
  0x6982, 0x7182, 0x7182, 0x7182, 0x7182, 0x79A2, 0x8A02, 0xB282, 0xDB22, 0xE362, 0xDB62, 0xEB82, 0xFC63, 0xFCC3, 0xFD43, 0xFEC5,
  0xFE85, 0xFD23, 0xFC83, 0xFBE2, 0xFB82, 0xFB21, 0xFAE1, 0xFB21, 0xFB01, 0xFA61, 0xFA40, 0xFA20, 0xFA20, 0xFA00, 0xFA00, 0xF9E0,
  0xF9E0, 0xF9E0, 0xF9E0, 0xF9E0, 0xF1E0, 0xF9E0, 0xF1E0, 0x50A0, 0x1000, 0x0800, 0x1000, 0x1820, 0x1820, 0x1820, 0x1020, 0x1820,
  0x1820, 0x0000, 0x50A0, 0xD1A0, 0x0800, 0x4080, 0xF200, 0xFA20, 0xF200, 0xFA40, 0x8920, 0x0000, 0x1020, 0x0800, 0x0800, 0x1000,
  0x0800, 0x1820, 0xE200, 0xFA40, 0xF240, 0xFA40, 0xFA40, 0xFA40, 0xF240, 0xFA80, 0x8940, 0x0000, 0x1820, 0x0000, 0x0000, 0x0000,
  0x3060, 0x7100, 0xB9C0, 0xEA60, 0xFAA0, 0xFAA0, 0xF280, 0xF280, 0xFAA0, 0xFAA0, 0xE260, 0x9180, 0x3060, 0x0000, 0x0000, 0x0800,
  0x6900, 0xEA61, 0xFB01, 0x9180, 0x0000, 0x60E0, 0xE281, 0xFAE1, 0xFB21, 0xDAA1, 0x5100, 0x28A0, 0x8241, 0xCBC2, 0xCC41, 0xCDEA,
  0xCF95, 0xC547, 0x93A1, 0x72E3, 0x5A22, 0x51E2, 0x51E2, 0x49E2, 0x5202, 0x49A2, 0x20E2, 0x18A2, 0x1882, 0x1062, 0x1062, 0x1062,
  0x1062, 0x0862, 0x0862, 0x0862, 0x0862, 0x0862, 0x0862, 0x0862, 0x0862, 0x0862, 0x0862, 0x0862, 0x0862, 0x0862, 0x0862, 0x0862,
  0x0862, 0x0862, 0x0862, 0x0862, 0x0862, 0x0862, 0x0862, 0x0862, 0x0862, 0x0862, 0x0862, 0x0862, 0x0862, 0x0862, 0x0862, 0x0862,
  0x0862, 0x0862, 0x0862, 0x0862, 0x0862, 0x0862, 0x0862, 0x0862, 0x0862, 0x0862, 0x0862, 0x0862, 0x0862, 0x0862, 0x0862, 0x0862,
  0x0862, 0x0862, 0x0862, 0x0862, 0x0862, 0x0862, 0x0862, 0x0862, 0x0862, 0x0862, 0x0862, 0x0862, 0x0862, 0x0862, 0x0862, 0x0862,
  0x0862, 0x0862, 0x0862, 0x0862, 0x0862, 0x0862, 0x0862, 0x0862, 0x0862, 0x0862, 0x0862, 0x0862, 0x0862, 0x0862, 0x0862, 0x0862,
  0x0862, 0x0862, 0x0862, 0x0862, 0x0862, 0x0862, 0x0862, 0x0862, 0x0862, 0x0862, 0x0862, 0x0862, 0x0862, 0x0862, 0x0862, 0x0862,
  0x0862, 0x0862, 0x0862, 0x0862, 0x0862, 0x0862, 0x0862, 0x0862, 0x0862, 0x0862, 0x0862, 0x0862, 0x0862, 0x0862, 0x0862, 0x0862,
  0x0862, 0x0862, 0x0862, 0x0862, 0x0862, 0x0862, 0x0862, 0x0862, 0x0862, 0x0862, 0x0862, 0x0862, 0x0862, 0x0862, 0x0862, 0x0862,
  0x0862, 0x0862, 0x0862, 0x0862, 0x0862, 0x0862, 0x0862, 0x0862, 0x0862, 0x0862, 0x0862, 0x0862, 0x0862, 0x0862, 0x0862, 0x0862,
  0x0862, 0x0862, 0x0862, 0x0862, 0x0862, 0x0862, 0x0862, 0x0862, 0x0862, 0x0862, 0x0862, 0x0862, 0x0862, 0x0862, 0x0862, 0x1062,
  0x1062, 0x1062, 0x1062, 0x1062, 0x1862, 0x1862, 0x1862, 0x1862, 0x1882, 0x1882, 0x2082, 0x2082, 0x2882, 0x2082, 0x2082, 0x2082,
  0x2082, 0x1882, 0x1882, 0x1882, 0x1882, 0x1882, 0x2082, 0x2082, 0x2082, 0x2082, 0x30A2, 0x38C2, 0x40E2, 0x4902, 0x5122, 0x6162,
  0x6982, 0x71A2, 0x7182, 0x7182, 0x79A2, 0x89E2, 0xA242, 0xCAE2, 0xEB62, 0xE382, 0xE362, 0xFC22, 0xFCE3, 0xFD23, 0xFE85, 0xFE85,
  0xFCE3, 0xFC63, 0xFBC2, 0xFB82, 0xFB41, 0xFAE1, 0xFB01, 0xFB21, 0xFA61, 0xFA60, 0xFA20, 0xFA20, 0xFA00, 0xFA00, 0xF9E0, 0xF9E0,
  0xF9E0, 0xF9E0, 0xF9E0, 0xF1E0, 0xFA00, 0xFA00, 0xFA00, 0x60C0, 0x0800, 0x4060, 0x78E0, 0x1820, 0x1020, 0x1020, 0x1000, 0x1000,
  0x1000, 0x1020, 0x0800, 0xB980, 0xC9A0, 0xEA00, 0xFA20, 0xF220, 0xF220, 0xFA40, 0xA960, 0x0000, 0x1000, 0x0800, 0x0800, 0x0800,
  0x0800, 0x1820, 0xE200, 0xFA40, 0xF240, 0xFA40, 0xFA40, 0xFA40, 0xF240, 0xFA80, 0x6900, 0x0000, 0xA180, 0xCA00, 0x7920, 0x3060,
  0x0000, 0x0000, 0x0000, 0x2860, 0x7120, 0xB9E0, 0xFA80, 0xFAC0, 0xFAA0, 0xF280, 0xFAA0, 0xFAC1, 0xF280, 0x8960, 0x1820, 0x0000,
  0x0000, 0x1840, 0x99A0, 0xF2A1, 0x6100, 0x0000, 0x3060, 0xCA41, 0xFAE1, 0xFB61, 0xA201, 0x2060, 0x28A0, 0xB2E1, 0xDC02, 0xCC21,
  0xCDEA, 0xD774, 0xBD26, 0x9382, 0x72C3, 0x5202, 0x49C2, 0x49C2, 0x49C2, 0x51E2, 0x41A2, 0x20C2, 0x18A2, 0x1082, 0x1062, 0x1062,
  0x1062, 0x0862, 0x0862, 0x0862, 0x0862, 0x0862, 0x0862, 0x0862, 0x0862, 0x0862, 0x0862, 0x0862, 0x0862, 0x0862, 0x0862, 0x0862,
  0x0862, 0x0862, 0x0862, 0x0862, 0x0862, 0x0862, 0x0862, 0x0862, 0x0862, 0x0862, 0x0862, 0x0862, 0x0862, 0x0862, 0x0862, 0x0862,
  0x0862, 0x0862, 0x0862, 0x0862, 0x0862, 0x0862, 0x0862, 0x0862, 0x0862, 0x0862, 0x0862, 0x0862, 0x0862, 0x0862, 0x0862, 0x0862,
  0x0862, 0x0862, 0x0862, 0x0862, 0x0862, 0x0862, 0x0862, 0x0862, 0x0862, 0x0862, 0x0862, 0x0862, 0x0862, 0x0862, 0x0862, 0x0862,
  0x0862, 0x0862, 0x0862, 0x0862, 0x0862, 0x0862, 0x0862, 0x0862, 0x0862, 0x0862, 0x0862, 0x0862, 0x0862, 0x0862, 0x0862, 0x0862,
  0x0862, 0x0862, 0x0862, 0x0862, 0x0862, 0x0862, 0x0862, 0x0862, 0x0862, 0x0862, 0x0862, 0x0862, 0x0862, 0x0862, 0x0862, 0x0862,
  0x0862, 0x0862, 0x0862, 0x0862, 0x0862, 0x0862, 0x0862, 0x0862, 0x0862, 0x0862, 0x0862, 0x0862, 0x0862, 0x0862, 0x0862, 0x0862,
  0x0862, 0x0862, 0x0862, 0x0862, 0x0862, 0x0862, 0x0862, 0x0862, 0x0862, 0x0862, 0x0862, 0x0862, 0x0862, 0x0862, 0x0862, 0x0862,
  0x0862, 0x0862, 0x0862, 0x0862, 0x0862, 0x0862, 0x0862, 0x0862, 0x0862, 0x0862, 0x0862, 0x0862, 0x0862, 0x0862, 0x0862, 0x0862,
  0x0862, 0x0862, 0x0862, 0x0862, 0x0862, 0x0862, 0x0862, 0x0862, 0x0862, 0x0862, 0x0862, 0x0862, 0x0862, 0x0862, 0x0862, 0x1062,
  0x1062, 0x1062, 0x1062, 0x1062, 0x1862, 0x1862, 0x1862, 0x1862, 0x1882, 0x2082, 0x2082, 0x2082, 0x28A2, 0x2082, 0x2082, 0x2082,
  0x2082, 0x1882, 0x1882, 0x1882, 0x1882, 0x2082, 0x2082, 0x2082, 0x2082, 0x28A2, 0x30A2, 0x38C2, 0x40E2, 0x4902, 0x5942, 0x6962,
  0x71A2, 0x79A2, 0x7182, 0x71A2, 0x81C2, 0x9222, 0xB282, 0xE362, 0xF3A2, 0xE362, 0xF3E2, 0xFCC3, 0xFD03, 0xFE24, 0xFE85, 0xFCE3,
  0xFC43, 0xFBC2, 0xFB62, 0xFB41, 0xFAE1, 0xFB01, 0xFB21, 0xFA81, 0xFA40, 0xFA40, 0xFA00, 0xFA00, 0xFA00, 0xFA00, 0xF9E0, 0xF9E0,
  0xF9E0, 0xF1E0, 0xF9E0, 0xFA00, 0xD1A0, 0xA120, 0xFA00, 0xC980, 0x1000, 0x4060, 0xFA00, 0x4080, 0x0800, 0x1020, 0x1000, 0x1000,
  0x1000, 0x1020, 0x0000, 0x58A0, 0xFA40, 0xFA20, 0xFA20, 0xFA20, 0xF220, 0xFA40, 0xC9C0, 0x0800, 0x0800, 0x0800, 0x0800, 0x0800,
  0x0800, 0x1820, 0xE220, 0xFA60, 0xF240, 0xFA60, 0xFA60, 0xFA60, 0xF260, 0xFA60, 0x40A0, 0x0000, 0xCA00, 0xFAA0, 0xFAA0, 0xF280,
  0xC200, 0x7940, 0x3060, 0x0000, 0x0000, 0x0000, 0x3880, 0x9180, 0xE260, 0xFAC1, 0xFAA1, 0xF281, 0xFAA1, 0xFAE1, 0xDA60, 0x50E0,
  0x0800, 0x0800, 0x0000, 0x58E0, 0xEAA1, 0xA1C0, 0x0000, 0x1020, 0xC221, 0xB200, 0x30C0, 0x20A0, 0x99E0, 0xBA81, 0x8221, 0xD3E2,
  0xCC41, 0xCDEA, 0xD754, 0xBD06, 0x8B82, 0x6AC3, 0x5202, 0x49A2, 0x49A2, 0x41A2, 0x49E2, 0x41A2, 0x20C2, 0x18A2, 0x1082, 0x1062,
  0x1062, 0x1062, 0x0862, 0x0862, 0x0862, 0x0862, 0x0862, 0x0862, 0x0862, 0x0862, 0x0862, 0x0862, 0x0862, 0x0862, 0x0862, 0x0862,
  0x0862, 0x0862, 0x0862, 0x0862, 0x0862, 0x0862, 0x0862, 0x0862, 0x0862, 0x0862, 0x0862, 0x0862, 0x0862, 0x0862, 0x0862, 0x0862,
  0x0862, 0x0862, 0x0862, 0x0862, 0x0862, 0x0862, 0x0862, 0x0862, 0x0862, 0x0862, 0x0862, 0x0862, 0x0862, 0x0862, 0x0862, 0x0862,
  0x0862, 0x0862, 0x0862, 0x0862, 0x0862, 0x0862, 0x0862, 0x0862, 0x0862, 0x0862, 0x0862, 0x0862, 0x0862, 0x0862, 0x0862, 0x0862,
  0x0862, 0x0862, 0x0862, 0x0862, 0x0862, 0x0862, 0x0862, 0x0862, 0x0862, 0x0862, 0x0862, 0x0862, 0x0862, 0x0862, 0x0862, 0x0862,
  0x0862, 0x0862, 0x0862, 0x0862, 0x0862, 0x0862, 0x0862, 0x0862, 0x0862, 0x0862, 0x0862, 0x0862, 0x0862, 0x0862, 0x0862, 0x0862,
  0x0862, 0x0862, 0x0862, 0x0862, 0x0862, 0x0862, 0x0862, 0x0862, 0x0862, 0x0862, 0x0862, 0x0862, 0x0862, 0x0862, 0x0862, 0x0862,
  0x0862, 0x0862, 0x0862, 0x0862, 0x0862, 0x0862, 0x0862, 0x0862, 0x0862, 0x0862, 0x0862, 0x0862, 0x0862, 0x0862, 0x0862, 0x0862,
  0x0862, 0x0862, 0x0862, 0x0862, 0x0862, 0x0862, 0x0862, 0x0862, 0x0862, 0x0862, 0x0862, 0x0862, 0x0862, 0x0862, 0x0862, 0x0862,
  0x0862, 0x0862, 0x0862, 0x0862, 0x0862, 0x0862, 0x0862, 0x0862, 0x0862, 0x0862, 0x0862, 0x0862, 0x0862, 0x0862, 0x0862, 0x1062,
  0x1062, 0x1062, 0x1062, 0x1862, 0x1862, 0x1862, 0x1862, 0x1882, 0x1882, 0x2082, 0x2082, 0x2082, 0x28A2, 0x2082, 0x2082, 0x2082,
  0x2082, 0x1882, 0x1882, 0x2082, 0x2082, 0x1882, 0x2082, 0x2082, 0x2882, 0x30A2, 0x38C2, 0x38C2, 0x40E2, 0x5122, 0x6162, 0x6982,
  0x79A2, 0x71A2, 0x79A2, 0x81C2, 0x89E2, 0x9A42, 0xCB02, 0xFBC2, 0xEB82, 0xF3A2, 0xFCA3, 0xFD03, 0xFDE4, 0xFEA5, 0xFCE3, 0xFC22,
  0xFBE2, 0xFB61, 0xFB41, 0xFB01, 0xFAE1, 0xFB21, 0xFAA1, 0xFA40, 0xFA40, 0xFA20, 0xFA00, 0xFA00, 0xFA00, 0xF9E0, 0xF9E0, 0xF9E0,
  0xF1E0, 0xFA00, 0xFA00, 0x9920, 0x2040, 0x1020, 0xD1A0, 0xFA00, 0x50A0, 0x0000, 0xB980, 0xB980, 0x0000, 0x1020, 0x1000, 0x1000,
  0x1000, 0x1000, 0x1000, 0x0800, 0xC9C0, 0xFA40, 0xF220, 0xFA20, 0xF220, 0xFA40, 0xE200, 0x1820, 0x0000, 0x0800, 0x0800, 0x0800,
  0x0000, 0x1020, 0xDA00, 0xFA60, 0xF260, 0xFA60, 0xFA60, 0xF260, 0xFA80, 0xEA60, 0x2040, 0x1020, 0xE240, 0xFA80, 0xF280, 0xFA80,
  0xFAA0, 0xFAA0, 0xF280, 0xB9E0, 0x6900, 0x2040, 0x0000, 0x0000, 0x1840, 0x7120, 0xD240, 0xFAC1, 0xFAC1, 0xF2A1, 0xFAC1, 0xFAE1,
  0x91A0, 0x1020, 0x0800, 0x0800, 0x2040, 0xC240, 0xCA40, 0x1020, 0x3880, 0x3880, 0x0000, 0xAA41, 0xB241, 0x40C0, 0x4100, 0x7221,
  0xDC02, 0xCC41, 0xD60A, 0xD753, 0xB4E4, 0x8B62, 0x62A2, 0x49E2, 0x41A2, 0x41A2, 0x4182, 0x49C2, 0x3982, 0x18A2, 0x18A2, 0x1082,
  0x1062, 0x0862, 0x0862, 0x0862, 0x0862, 0x0862, 0x0862, 0x0862, 0x0862, 0x0862, 0x0862, 0x0862, 0x0862, 0x0862, 0x0862, 0x0862,
  0x0862, 0x0862, 0x0862, 0x0862, 0x0862, 0x0862, 0x0862, 0x0862, 0x0862, 0x0862, 0x0862, 0x0862, 0x0862, 0x0862, 0x0862, 0x0862,
  0x0862, 0x0862, 0x0862, 0x0862, 0x0862, 0x0862, 0x0862, 0x0862, 0x0862, 0x0862, 0x0862, 0x0862, 0x0862, 0x0862, 0x0862, 0x0862,
  0x0862, 0x0862, 0x0862, 0x0862, 0x0862, 0x0862, 0x0862, 0x0862, 0x0862, 0x0862, 0x0862, 0x0862, 0x0862, 0x0862, 0x0862, 0x0862,
  0x0862, 0x0862, 0x0862, 0x0862, 0x0862, 0x0862, 0x0862, 0x0862, 0x0862, 0x0862, 0x0862, 0x0862, 0x0862, 0x0862, 0x0862, 0x0862,
  0x0862, 0x0862, 0x0862, 0x0862, 0x0862, 0x0862, 0x0862, 0x0862, 0x0862, 0x0862, 0x0862, 0x0862, 0x0862, 0x0862, 0x0862, 0x0862,
  0x0862, 0x0862, 0x0862, 0x0862, 0x0862, 0x0862, 0x0862, 0x0862, 0x0862, 0x0862, 0x0862, 0x0862, 0x0862, 0x0862, 0x0862, 0x0862,
  0x0862, 0x0862, 0x0862, 0x0862, 0x0862, 0x0862, 0x0862, 0x0862, 0x0862, 0x0862, 0x0862, 0x0862, 0x0862, 0x0862, 0x0862, 0x0862,
  0x0862, 0x0862, 0x0862, 0x0862, 0x0862, 0x0862, 0x0862, 0x0862, 0x0862, 0x0862, 0x0862, 0x0862, 0x0862, 0x0862, 0x0862, 0x0862,
  0x0862, 0x0862, 0x0862, 0x0862, 0x0862, 0x0862, 0x0862, 0x0862, 0x0862, 0x0862, 0x0862, 0x0862, 0x0862, 0x0862, 0x1062, 0x1062,
  0x1062, 0x1062, 0x1062, 0x1862, 0x1862, 0x1862, 0x1862, 0x1882, 0x1882, 0x2082, 0x2082, 0x28A2, 0x2882, 0x2082, 0x2082, 0x2082,
  0x1882, 0x1882, 0x2082, 0x1882, 0x1882, 0x2082, 0x2082, 0x2882, 0x28A2, 0x30A2, 0x38C2, 0x40E2, 0x4902, 0x5942, 0x6982, 0x7182,
  0x79A2, 0x79A2, 0x79C2, 0x81E2, 0x9202, 0xB282, 0xEB82, 0xFBC2, 0xF3A2, 0xFC42, 0xFD03, 0xFD84, 0xFEA5, 0xFD23, 0xFC02, 0xFBE2,
  0xFB62, 0xFB21, 0xFB01, 0xFAE1, 0xFB21, 0xFAC1, 0xFA40, 0xFA40, 0xFA20, 0xFA00, 0xFA00, 0xFA00, 0xF9E0, 0xF9E0, 0xF9E0, 0xF1E0,
  0xFA00, 0xD1A0, 0x5080, 0x1000, 0x1820, 0x0800, 0x60A0, 0xFA20, 0xB160, 0x0000, 0x4880, 0xFA00, 0x3060, 0x0800, 0x1000, 0x1000,
  0x1000, 0x1000, 0x1020, 0x0000, 0x68E0, 0xFA40, 0xF220, 0xFA40, 0xF240, 0xFA40, 0xF240, 0x3060, 0x0000, 0x0800, 0x0800, 0x0800,
  0x0800, 0x1020, 0xDA00, 0xFA60, 0xF260, 0xFA60, 0xFA60, 0xF260, 0xFA80, 0xD220, 0x0000, 0x3880, 0xFA80, 0xFA80, 0xF280, 0xFAA0,
  0xFAA0, 0xFAA0, 0xF280, 0xFAA0, 0xFAC1, 0xE260, 0x99A0, 0x40A0, 0x0000, 0x0000, 0x0800, 0x6100, 0xD240, 0xFAE1, 0xFAC1, 0xF2C1,
  0xFB01, 0xCA40, 0x3060, 0x0000, 0x1000, 0x0800, 0x91A0, 0xD261, 0x5900, 0x2040, 0x91A0, 0xB201, 0x20A0, 0x4100, 0x40E0, 0x28C0,
  0xCB21, 0xDC02, 0xCC41, 0xD64C, 0xD6F1, 0xAC83, 0x8342, 0x6262, 0x49C2, 0x4182, 0x4182, 0x3962, 0x41C2, 0x3962, 0x18A2, 0x1082,
  0x1062, 0x0862, 0x0862, 0x0862, 0x0862, 0x0862, 0x0862, 0x0862, 0x0862, 0x0862, 0x0862, 0x0862, 0x0862, 0x0862, 0x0862, 0x0862,
  0x0862, 0x0862, 0x0862, 0x0862, 0x0862, 0x0862, 0x0862, 0x0862, 0x0862, 0x0862, 0x0862, 0x0862, 0x0862, 0x0862, 0x0862, 0x0862,
  0x0862, 0x0862, 0x0862, 0x0862, 0x0862, 0x0862, 0x0862, 0x0862, 0x0862, 0x0862, 0x0862, 0x0862, 0x0862, 0x0862, 0x0862, 0x0862,
  0x0862, 0x0862, 0x0862, 0x0862, 0x0862, 0x0862, 0x0862, 0x0862, 0x0862, 0x0862, 0x0862, 0x0862, 0x0862, 0x0862, 0x0862, 0x0862,
  0x0862, 0x0862, 0x0862, 0x0862, 0x0862, 0x0862, 0x0862, 0x0862, 0x0862, 0x0862, 0x0862, 0x0862, 0x0862, 0x0862, 0x0862, 0x0862,
  0x0862, 0x0862, 0x0862, 0x0862, 0x0862, 0x0862, 0x0862, 0x0862, 0x0862, 0x0862, 0x0862, 0x0862, 0x0862, 0x0862, 0x0862, 0x0862,
  0x0862, 0x0862, 0x0862, 0x0862, 0x0862, 0x0862, 0x0862, 0x0862, 0x0862, 0x0862, 0x0862, 0x0862, 0x0862, 0x0862, 0x0862, 0x0862,
  0x0862, 0x0862, 0x0862, 0x0862, 0x0862, 0x0862, 0x0862, 0x0862, 0x0862, 0x0862, 0x0862, 0x0862, 0x0862, 0x0862, 0x0862, 0x0862,
  0x0862, 0x0862, 0x0862, 0x0862, 0x0862, 0x0862, 0x0862, 0x0862, 0x0862, 0x0862, 0x0862, 0x0862, 0x0862, 0x0862, 0x0862, 0x0862,
  0x0862, 0x0862, 0x0862, 0x0862, 0x0862, 0x0862, 0x0862, 0x0862, 0x0862, 0x0862, 0x0862, 0x0862, 0x0862, 0x0862, 0x1062, 0x1062,
  0x1062, 0x1062, 0x1862, 0x1862, 0x1862, 0x1862, 0x1862, 0x1882, 0x2082, 0x2082, 0x2082, 0x28A2, 0x28A2, 0x2082, 0x2082, 0x2082,
  0x2082, 0x2082, 0x1882, 0x1882, 0x2082, 0x2082, 0x2882, 0x2882, 0x30A2, 0x30C2, 0x38C2, 0x40E2, 0x5122, 0x6162, 0x6982, 0x71A2,
  0x79A2, 0x79C2, 0x81C2, 0x89E2, 0xA242, 0xCB02, 0xFBE2, 0xF3C2, 0xFBE2, 0xFCE3, 0xFD43, 0xFE64, 0xFD84, 0xF3E2, 0xEBC2, 0xFB82,
  0xFB21, 0xFB01, 0xFAE1, 0xFB01, 0xF2E1, 0xFA60, 0xFA40, 0xFA20, 0xFA00, 0xFA00, 0xFA00, 0xFA00, 0xF9E0, 0xF9E0, 0xF9E0, 0xFA00,
  0xA140, 0x2020, 0x1020, 0x1820, 0x1000, 0x1820, 0x1000, 0xC180, 0xFA20, 0x3060, 0x0800, 0xE1E0, 0x9940, 0x0000, 0x1020, 0x1000,
  0x0800, 0x0800, 0x1000, 0x0800, 0x1020, 0xDA00, 0xFA40, 0xF240, 0xFA40, 0xF240, 0xFA60, 0x50A0, 0x0000, 0x0800, 0x0800, 0x0800,
  0x0800, 0x1020, 0xDA20, 0xFA80, 0xF260, 0xFA80, 0xFA80, 0xF280, 0xFAA0, 0xB9E0, 0x0000, 0x58E0, 0xFAA1, 0xF280, 0xFAA0, 0xE260,
  0xA9C0, 0xEA80, 0xFAC1, 0xFAC1, 0xFAA1, 0xFAC1, 0xFAE1, 0xFAC1, 0xC220, 0x6100, 0x0820, 0x0000, 0x1000, 0x7140, 0xE2A1, 0xFB01,
  0xF2C1, 0xFAE1, 0xEAC1, 0x50E0, 0x0000, 0x1020, 0x0000, 0x6120, 0xDAA1, 0xAA00, 0x99C0, 0x1020, 0x1020, 0xA241, 0x5960, 0x1840,
  0xCAE1, 0xEBC2, 0xD402, 0xCC61, 0xD66C, 0xD6AE, 0xA422, 0x7B22, 0x5A42, 0x41A2, 0x3982, 0x3982, 0x3962, 0x41C2, 0x3142, 0x18A2,
  0x1082, 0x1062, 0x0862, 0x0862, 0x0862, 0x0862, 0x0862, 0x0862, 0x0862, 0x0862, 0x0862, 0x0862, 0x0862, 0x0862, 0x0862, 0x0862,
  0x0862, 0x0862, 0x0862, 0x0862, 0x0862, 0x0862, 0x0862, 0x0862, 0x0862, 0x0862, 0x0862, 0x0862, 0x0862, 0x0862, 0x0862, 0x0862,
  0x0862, 0x0862, 0x0862, 0x0862, 0x0862, 0x0862, 0x0862, 0x0862, 0x0862, 0x0862, 0x0862, 0x0862, 0x0862, 0x0862, 0x0862, 0x0862,
  0x0862, 0x0862, 0x0862, 0x0862, 0x0862, 0x0862, 0x0862, 0x0862, 0x0862, 0x0862, 0x0862, 0x0862, 0x0862, 0x0862, 0x0862, 0x0862,
  0x0862, 0x0862, 0x0862, 0x0862, 0x0862, 0x0862, 0x0862, 0x0862, 0x0862, 0x0862, 0x0862, 0x0862, 0x0862, 0x0862, 0x0862, 0x0862,
  0x0862, 0x0862, 0x0862, 0x0862, 0x0862, 0x0862, 0x0862, 0x0862, 0x0862, 0x0862, 0x0862, 0x0862, 0x0862, 0x0862, 0x0862, 0x0862,
  0x0862, 0x0862, 0x0862, 0x0862, 0x0862, 0x0862, 0x0862, 0x0862, 0x0862, 0x0862, 0x0862, 0x0862, 0x0862, 0x0862, 0x0862, 0x0862,
  0x0862, 0x0862, 0x0862, 0x0862, 0x0862, 0x0862, 0x0862, 0x0862, 0x0862, 0x0862, 0x0862, 0x0862, 0x0862, 0x0862, 0x0862, 0x0862,
  0x0862, 0x0862, 0x0862, 0x0862, 0x0862, 0x0862, 0x0862, 0x0862, 0x0862, 0x0862, 0x0862, 0x0862, 0x0862, 0x0862, 0x0862, 0x0862,
  0x0862, 0x0862, 0x0862, 0x0862, 0x0862, 0x0862, 0x0862, 0x0862, 0x0862, 0x0862, 0x0862, 0x0862, 0x0862, 0x0862, 0x1062, 0x1062,
  0x1062, 0x1062, 0x1862, 0x1862, 0x1862, 0x1862, 0x1882, 0x1882, 0x2082, 0x2082, 0x2882, 0x28A2, 0x2082, 0x2082, 0x2082, 0x2082,
  0x2082, 0x1882, 0x1882, 0x1882, 0x2082, 0x2082, 0x2882, 0x2882, 0x30A2, 0x38C2, 0x40E2, 0x4902, 0x5942, 0x6162, 0x6982, 0x81A2,
  0x81C2, 0x81C2, 0x81C2, 0x9222, 0xB282, 0xEB82, 0xFC02, 0xFBC2, 0xFC83, 0xFD43, 0xFE04, 0xFDE4, 0xF402, 0xE3A2, 0xFB82, 0xFB21,
  0xFB01, 0xFAE1, 0xFAE1, 0xFB21, 0xFA80, 0xFA40, 0xFA20, 0xFA00, 0xFA00, 0xFA00, 0xF9E0, 0xFA00, 0xF1E0, 0xFA00, 0xFA00, 0x78E0,
  0x1000, 0x1820, 0x1000, 0x3860, 0x4080, 0x1000, 0x0800, 0x4880, 0xFA20, 0xC1A0, 0xC9C0, 0xFA20, 0xEA00, 0x2040, 0x0800, 0x0800,
  0x0800, 0x0800, 0x0000, 0x0800, 0x0000, 0x7920, 0xFA60, 0xF240, 0xFA40, 0xF240, 0xFA80, 0x7100, 0x0000, 0x0800, 0x0800, 0x0800,
  0x0000, 0x0800, 0xD200, 0xFA80, 0xF260, 0xFA80, 0xFA80, 0xF280, 0xFAA1, 0x9180, 0x0000, 0x8160, 0xFAC1, 0xF281, 0xFAC1, 0x99A0,
  0x0000, 0x2060, 0x6100, 0xA9E0, 0xE280, 0xF2C1, 0xF2A1, 0xF2C1, 0xFAE1, 0xFAE1, 0xD261, 0x6920, 0x1020, 0x0000, 0x2040, 0xA1E0,
  0xFB01, 0xFAE1, 0xFAE1, 0xFB01, 0x6940, 0x0000, 0x1020, 0x0000, 0x40A0, 0xEAC1, 0x3880, 0x0000, 0x99E0, 0xFB41, 0x69A1, 0x2080,
  0xCAA1, 0xF381, 0xDBA2, 0xCC02, 0xCCA2, 0xDEAD, 0xCE2B, 0x9BE2, 0x7302, 0x5202, 0x4182, 0x3962, 0x3962, 0x3142, 0x41A2, 0x2922,
  0x10A2, 0x1082, 0x1062, 0x0862, 0x0862, 0x0862, 0x0862, 0x0862, 0x0862, 0x0862, 0x0862, 0x0862, 0x0862, 0x0862, 0x0862, 0x0862,
  0x0862, 0x0862, 0x0862, 0x0862, 0x0862, 0x0862, 0x0862, 0x0862, 0x0862, 0x0862, 0x0862, 0x0862, 0x0862, 0x0862, 0x0862, 0x0862,
  0x0862, 0x0862, 0x0862, 0x0862, 0x0862, 0x0862, 0x0862, 0x0862, 0x0862, 0x0862, 0x0862, 0x0862, 0x0862, 0x0862, 0x0862, 0x0862,
  0x0862, 0x0862, 0x0862, 0x0862, 0x0862, 0x0862, 0x0862, 0x0862, 0x0862, 0x0862, 0x0862, 0x0862, 0x0862, 0x0862, 0x0862, 0x0862,
  0x0862, 0x0862, 0x0862, 0x0862, 0x0862, 0x0862, 0x0862, 0x0862, 0x0862, 0x0862, 0x0862, 0x0862, 0x0862, 0x0862, 0x0862, 0x0862,
  0x0862, 0x0862, 0x0862, 0x0862, 0x0862, 0x0862, 0x0862, 0x0862, 0x0862, 0x0862, 0x0862, 0x0862, 0x0862, 0x0862, 0x0862, 0x0862,
  0x0862, 0x0862, 0x0862, 0x0862, 0x0862, 0x0862, 0x0862, 0x0862, 0x0862, 0x0862, 0x0862, 0x0862, 0x0862, 0x0862, 0x0862, 0x0862,
  0x0862, 0x0862, 0x0862, 0x0862, 0x0862, 0x0862, 0x0862, 0x0862, 0x0862, 0x0862, 0x0862, 0x0862, 0x0862, 0x0862, 0x0862, 0x0862,
  0x0862, 0x0862, 0x0862, 0x0862, 0x0862, 0x0862, 0x0862, 0x0862, 0x0862, 0x0862, 0x0862, 0x0862, 0x0862, 0x0862, 0x0862, 0x0862,
  0x0862, 0x0862, 0x0862, 0x0862, 0x0862, 0x0862, 0x0862, 0x0862, 0x0862, 0x0862, 0x0862, 0x0862, 0x0862, 0x0862, 0x1062, 0x1062,
  0x1062, 0x1062, 0x1862, 0x1862, 0x1862, 0x1862, 0x1882, 0x1882, 0x2082, 0x2082, 0x28A2, 0x28A2, 0x2082, 0x2082, 0x2082, 0x2082,
  0x2082, 0x1882, 0x1882, 0x2082, 0x2082, 0x2082, 0x2882, 0x28A2, 0x30C2, 0x38C2, 0x40E2, 0x5122, 0x5962, 0x6162, 0x71A2, 0x81C2,
  0x81C2, 0x79C2, 0x8A02, 0x9A42, 0xC2E2, 0xFC02, 0xFC02, 0xFC02, 0xFD23, 0xFDA4, 0xFE24, 0xFC43, 0xDB82, 0xEB82, 0xFB41, 0xFAE1,
  0xFAE1, 0xFAE1, 0xFB41, 0xD241, 0xD200, 0xFA40, 0xFA00, 0xFA00, 0xFA00, 0xFA00, 0xF9E0, 0xF1E0, 0xFA00, 0xF1E0, 0x60C0, 0x1000,
  0x2020, 0x0800, 0x4060, 0xE9E0, 0xD1A0, 0x0800, 0x1000, 0x0800, 0xA960, 0xFA40, 0xFA20, 0xF220, 0xFA40, 0x7900, 0x0000, 0x1000,
  0x0800, 0x1020, 0x48A0, 0x0800, 0x0000, 0x1840, 0xEA20, 0xFA60, 0xF240, 0xF240, 0xFA80, 0x9960, 0x0000, 0x0800, 0x0800, 0x0800,
  0x0000, 0x0800, 0xD220, 0xFA80, 0xF280, 0xFA80, 0xFA80, 0xF280, 0xFAA0, 0x6900, 0x0000, 0xA9C0, 0xFAC0, 0xF280, 0xFAC1, 0x58E0,
  0x0000, 0x0800, 0x0000, 0x0000, 0x1020, 0xA9E0, 0xFAE1, 0xFAC1, 0xFAE1, 0xFAC1, 0xFAE1, 0xFB01, 0xD261, 0x6120, 0x0000, 0x0000,
  0x5900, 0xEAC1, 0xFB01, 0xF2E1, 0xFB21, 0x8180, 0x0000, 0x1020, 0x0000, 0x3080, 0xB201, 0xB221, 0xFB21, 0xFB21, 0x5920, 0x30E0,
  0xD2C1, 0xF341, 0xF381, 0xE3E2, 0xCC22, 0xCCE3, 0xDECE, 0xC588, 0x8B82, 0x6AC2, 0x49E2, 0x3962, 0x3162, 0x3142, 0x3142, 0x41A2,
  0x20E2, 0x1082, 0x1082, 0x0862, 0x0862, 0x0862, 0x0862, 0x0862, 0x0862, 0x0862, 0x0862, 0x0862, 0x0862, 0x0862, 0x0862, 0x0862,
  0x0862, 0x0862, 0x0862, 0x0862, 0x0862, 0x0862, 0x0862, 0x0862, 0x0862, 0x0862, 0x0862, 0x0862, 0x0862, 0x0862, 0x0862, 0x0862,
  0x0862, 0x0862, 0x0862, 0x0862, 0x0862, 0x0862, 0x0862, 0x0862, 0x0862, 0x0862, 0x0862, 0x0862, 0x0862, 0x0862, 0x0862, 0x0862,
  0x0862, 0x0862, 0x0862, 0x0862, 0x0862, 0x0862, 0x0862, 0x0862, 0x0862, 0x0862, 0x0862, 0x0862, 0x0862, 0x0862, 0x0862, 0x0862,
  0x0862, 0x0862, 0x0862, 0x0862, 0x0862, 0x0862, 0x0862, 0x0862, 0x0862, 0x0862, 0x0862, 0x0862, 0x0862, 0x0862, 0x0862, 0x0862,
  0x0862, 0x0862, 0x0862, 0x0862, 0x0862, 0x0862, 0x0862, 0x0862, 0x0862, 0x0862, 0x0862, 0x0862, 0x0862, 0x0862, 0x0862, 0x0862,
  0x0862, 0x0862, 0x0862, 0x0862, 0x0862, 0x0862, 0x0862, 0x0862, 0x0862, 0x0862, 0x0862, 0x0862, 0x0862, 0x0862, 0x0862, 0x0862,
  0x0862, 0x0862, 0x0862, 0x0862, 0x0862, 0x0862, 0x0862, 0x0862, 0x0862, 0x0862, 0x0862, 0x0862, 0x0862, 0x0862, 0x0862, 0x0862,
  0x0862, 0x0862, 0x0862, 0x0862, 0x0862, 0x0862, 0x0862, 0x0862, 0x0862, 0x0862, 0x0862, 0x0862, 0x0862, 0x0862, 0x0862, 0x0862,
  0x0862, 0x0862, 0x0862, 0x0862, 0x0862, 0x0862, 0x0862, 0x0862, 0x0862, 0x0862, 0x0862, 0x0862, 0x0862, 0x1062, 0x1062, 0x1062,
  0x1062, 0x1862, 0x1862, 0x1862, 0x1862, 0x1862, 0x1882, 0x2082, 0x2082, 0x2082, 0x28A2, 0x28A2, 0x2082, 0x2082, 0x2082, 0x2082,
  0x2082, 0x1882, 0x2082, 0x2082, 0x2082, 0x2082, 0x2882, 0x30A2, 0x38C2, 0x40E2, 0x4902, 0x5142, 0x6162, 0x6982, 0x79C2, 0x89E2,
  0x79C2, 0x81E2, 0x9222, 0xAA82, 0xE362, 0xFC42, 0xFBE2, 0xFCC3, 0xFD84, 0xFE04, 0xFCA3, 0xDB82, 0xDB62, 0xFB61, 0xFAE1, 0xFAC1,
  0xFAC1, 0xFB21, 0xEAC1, 0x6120, 0x40E0, 0xD1C0, 0xFA00, 0xF200, 0xFA00, 0xFA00, 0xF1E0, 0xFA00, 0xE9E0, 0x50A0, 0x1000, 0x2040,
  0x0800, 0x58A0, 0xF200, 0xFA00, 0xFA20, 0x8100, 0x0800, 0x0000, 0x58C0, 0xFA40, 0xF220, 0xF220, 0xFA40, 0xD9E0, 0x1020, 0x0000,
  0x1820, 0xD1E0, 0xFA60, 0x3880, 0x0000, 0x0000, 0x9160, 0xFA80, 0xF240, 0xF260, 0xFA80, 0xB9C0, 0x0000, 0x0800, 0x0800, 0x0800,
  0x0000, 0x0800, 0xD220, 0xFAA0, 0xF280, 0xFA80, 0xFA80, 0xF280, 0xFAA0, 0x40A0, 0x0000, 0xCA20, 0xFAC1, 0xFAA1, 0xEA81, 0x1840,
  0x0000, 0x0800, 0x0800, 0x0800, 0x0000, 0xCA41, 0xFB21, 0x99A0, 0x6920, 0xF2C1, 0xFB01, 0xF2C1, 0xFB01, 0xFB01, 0xB220, 0x2860,
  0x0000, 0x2880, 0xCA61, 0xFB21, 0xF2E1, 0xFB41, 0x91C0, 0x0000, 0x1020, 0x0800, 0x2860, 0xDAC1, 0xFB21, 0xFB21, 0x48E0, 0x1860,
  0xDB21, 0xFB81, 0xB281, 0x7201, 0xDBE2, 0xCC42, 0xCD24, 0xDEAD, 0xB4E5, 0x8342, 0x5A62, 0x41A2, 0x3142, 0x3142, 0x3142, 0x3142,
  0x3982, 0x18C2, 0x1082, 0x1062, 0x0862, 0x0862, 0x0862, 0x0862, 0x0862, 0x0862, 0x0862, 0x0862, 0x0862, 0x0862, 0x0862, 0x0862,
  0x0862, 0x0862, 0x0862, 0x0862, 0x0862, 0x0862, 0x0862, 0x0862, 0x0862, 0x0862, 0x0862, 0x0862, 0x0862, 0x0862, 0x0862, 0x0862,
  0x0862, 0x0862, 0x0862, 0x0862, 0x0862, 0x0862, 0x0862, 0x0862, 0x0862, 0x0862, 0x0862, 0x0862, 0x0862, 0x0862, 0x0862, 0x0862,
  0x0862, 0x0862, 0x0862, 0x0862, 0x0862, 0x0862, 0x0862, 0x0862, 0x0862, 0x0862, 0x0862, 0x0862, 0x0862, 0x0862, 0x0862, 0x0862,
  0x0862, 0x0862, 0x0862, 0x0862, 0x0862, 0x0862, 0x0862, 0x0862, 0x0862, 0x0862, 0x0862, 0x0862, 0x0862, 0x0862, 0x0862, 0x0862,
  0x0862, 0x0862, 0x0862, 0x0862, 0x0862, 0x0862, 0x0862, 0x0862, 0x0862, 0x0862, 0x0862, 0x0862, 0x0862, 0x0862, 0x0862, 0x0862,
  0x0862, 0x0862, 0x0862, 0x0862, 0x0862, 0x0862, 0x0862, 0x0862, 0x0862, 0x0862, 0x0862, 0x0862, 0x0862, 0x0862, 0x0862, 0x0862,
  0x0862, 0x0862, 0x0862, 0x0862, 0x0862, 0x0862, 0x0862, 0x0862, 0x0862, 0x0862, 0x0862, 0x0862, 0x0862, 0x0862, 0x0862, 0x0862,
  0x0862, 0x0862, 0x0862, 0x0862, 0x0862, 0x0862, 0x0862, 0x0862, 0x0862, 0x0862, 0x0862, 0x0862, 0x0862, 0x0862, 0x0862, 0x0862,
  0x0862, 0x0862, 0x0862, 0x0862, 0x0862, 0x0862, 0x0862, 0x0862, 0x0862, 0x0862, 0x0862, 0x0862, 0x0862, 0x1062, 0x1062, 0x1062,
  0x1062, 0x1862, 0x1862, 0x1862, 0x1862, 0x1882, 0x1882, 0x2082, 0x2082, 0x2882, 0x28A2, 0x28A2, 0x28A2, 0x2082, 0x2082, 0x2082,
  0x2082, 0x2082, 0x2082, 0x2082, 0x2082, 0x2882, 0x28A2, 0x30C2, 0x38C2, 0x40E2, 0x4902, 0x5942, 0x6982, 0x7182, 0x81C2, 0x81C2,
  0x81C2, 0x8A02, 0x9A22, 0xC2C2, 0xF3E2, 0xFC22, 0xFC42, 0xFD43, 0xFDE4, 0xFD43, 0xEBA2, 0xCB42, 0xFB62, 0xFB01, 0xFAC1, 0xFAC1,
  0xFAE1, 0xF301, 0x7980, 0x38C0, 0x7100, 0xEA00, 0xFA00, 0xFA00, 0xFA00, 0xF200, 0xFA00, 0xE9E0, 0x50A0, 0x1000, 0x2040, 0x0800,
  0x68C0, 0xFA20, 0xFA00, 0xFA20, 0xF200, 0x60C0, 0x0000, 0x48A0, 0xEA00, 0xFA20, 0xF220, 0xFA20, 0xF220, 0xFA60, 0x60E0, 0x0000,
  0x0000, 0xB1A0, 0xFA80, 0xA180, 0x0000, 0x0000, 0x2860, 0xF260, 0xFA60, 0xF260, 0xFA80, 0xDA20, 0x0800, 0x0000, 0x0000, 0x0000,
  0x0000, 0x0000, 0xCA20, 0xFAA0, 0xF280, 0xFAA0, 0xF2A0, 0xFAA0, 0xF280, 0x2040, 0x1020, 0xEA81, 0xFAC1, 0xFAC1, 0xB1E0, 0x0000,
  0x0800, 0x0800, 0x0800, 0x0000, 0x3880, 0xFAE1, 0xF2C1, 0x2860, 0x0000, 0x3080, 0xBA21, 0xFB21, 0xFAE1, 0xF2E1, 0xFB21, 0xEAE1,
  0x50E0, 0x0000, 0x1020, 0xB220, 0xFB41, 0xF301, 0xFB41, 0xA1E0, 0x0000, 0x1020, 0x0800, 0x2040, 0xD2A1, 0xFB41, 0x40C0, 0x1820,
  0xDB21, 0x9A61, 0x2060, 0x1060, 0x92A1, 0xE442, 0xC442, 0xD586, 0xDE6B, 0xA443, 0x7302, 0x5222, 0x3982, 0x3142, 0x3142, 0x2922,
  0x3162, 0x3162, 0x10A2, 0x1082, 0x0862, 0x0862, 0x0862, 0x0862, 0x0862, 0x0862, 0x0862, 0x0862, 0x0862, 0x0862, 0x0862, 0x0862,
  0x0862, 0x0862, 0x0862, 0x0862, 0x0862, 0x0862, 0x0862, 0x0862, 0x0862, 0x0862, 0x0862, 0x0862, 0x0862, 0x0862, 0x0862, 0x0862,
  0x0862, 0x0862, 0x0862, 0x0862, 0x0862, 0x0862, 0x0862, 0x0862, 0x0862, 0x0862, 0x0862, 0x0862, 0x0862, 0x0862, 0x0862, 0x0862,
  0x0862, 0x0862, 0x0862, 0x0862, 0x0862, 0x0862, 0x0862, 0x0862, 0x0862, 0x0862, 0x0862, 0x0862, 0x0862, 0x0862, 0x0862, 0x0862,
  0x0862, 0x0862, 0x0862, 0x0862, 0x0862, 0x0862, 0x0862, 0x0862, 0x0862, 0x0862, 0x0862, 0x0862, 0x0862, 0x0862, 0x0862, 0x0862,
  0x0862, 0x0862, 0x0862, 0x0862, 0x0862, 0x0862, 0x0862, 0x0862, 0x0862, 0x0862, 0x0862, 0x0862, 0x0862, 0x0862, 0x0862, 0x0862,
  0x0862, 0x0862, 0x0862, 0x0862, 0x0862, 0x0862, 0x0862, 0x0862, 0x0862, 0x0862, 0x0862, 0x0862, 0x0862, 0x0862, 0x0862, 0x0862,
  0x0862, 0x0862, 0x0862, 0x0862, 0x0862, 0x0862, 0x0862, 0x0862, 0x0862, 0x0862, 0x0862, 0x0862, 0x0862, 0x0862, 0x0862, 0x0862,
  0x0862, 0x0862, 0x0862, 0x0862, 0x0862, 0x0862, 0x0862, 0x0862, 0x0862, 0x0862, 0x0862, 0x0862, 0x0862, 0x0862, 0x0862, 0x0862,
  0x0862, 0x0862, 0x0862, 0x0862, 0x0862, 0x0862, 0x0862, 0x0862, 0x0862, 0x0862, 0x0862, 0x0862, 0x0862, 0x1062, 0x1062, 0x1062,
  0x1062, 0x1862, 0x1862, 0x1862, 0x1862, 0x1882, 0x1882, 0x2082, 0x2082, 0x28A2, 0x28A2, 0x28A2, 0x2082, 0x2082, 0x2082, 0x2082,
  0x2082, 0x2082, 0x2082, 0x2082, 0x2082, 0x2882, 0x30A2, 0x38C2, 0x40E2, 0x4102, 0x5122, 0x6162, 0x6982, 0x79A2, 0x81C2, 0x81C2,
  0x89E2, 0x9202, 0xAA62, 0xDB42, 0xFC42, 0xFC22, 0xFCE3, 0xFDC4, 0xFDA4, 0xF402, 0xCB42, 0xEB42, 0xFB41, 0xFAC1, 0xFAC1, 0xFAC1,
  0xFB21, 0x9A01, 0x40E0, 0x6900, 0xFA20, 0xFA00, 0xFA00, 0xF1E0, 0xF1E0, 0xFA00, 0xF200, 0x5080, 0x1020, 0x2040, 0x0800, 0x70E0,
  0xFA20, 0xF200, 0xFA20, 0xE1E0, 0x4080, 0x0000, 0x50A0, 0xF220, 0xFA40, 0xF220, 0xFA40, 0xF240, 0xF240, 0xFA60, 0xC9E0, 0x0800,
  0x0000, 0x4080, 0xFA60, 0xF240, 0x2840, 0x0000, 0x0000, 0xA9A0, 0xFA80, 0xF260, 0xFA80, 0xF260, 0x2040, 0x0000, 0x0800, 0x0000,
  0x0000, 0x0000, 0xCA20, 0xFAA0, 0xF2A0, 0xFAA0, 0xF2A0, 0xFAC1, 0xDA60, 0x0000, 0x3880, 0xFAC1, 0xF2A1, 0xFAE1, 0x7140, 0x0000,
  0x0800, 0x0000, 0x0800, 0x0000, 0x7140, 0xFB41, 0x91A0, 0x0000, 0x1020, 0x0000, 0x0000, 0x7960, 0xF301, 0xFB21, 0xF2E1, 0xFB21,
  0xFB21, 0x6120, 0x0000, 0x0800, 0xA1E0, 0xFB41, 0xF301, 0xFB61, 0xA200, 0x0000, 0x1020, 0x0800, 0x2860, 0xDAE1, 0x3080, 0x2860,
  0x7160, 0x20C0, 0x28C0, 0x6980, 0xDB41, 0xE3C2, 0xD422, 0xCC82, 0xDDE8, 0xCDC8, 0x93C2, 0x6AC2, 0x49E2, 0x3142, 0x2922, 0x2922,
  0x2902, 0x3982, 0x2922, 0x1082, 0x1082, 0x0862, 0x0862, 0x0862, 0x0862, 0x0862, 0x0862, 0x0862, 0x0862, 0x0862, 0x0862, 0x0862,
  0x0862, 0x0862, 0x0862, 0x0862, 0x0862, 0x0862, 0x0862, 0x0862, 0x0862, 0x0862, 0x0862, 0x0862, 0x0862, 0x0862, 0x0862, 0x0862,
  0x0862, 0x0862, 0x0862, 0x0862, 0x0862, 0x0862, 0x0862, 0x0862, 0x0862, 0x0862, 0x0862, 0x0862, 0x0862, 0x0862, 0x0862, 0x0862,
  0x0862, 0x0862, 0x0862, 0x0862, 0x0862, 0x0862, 0x0862, 0x0862, 0x0862, 0x0862, 0x0862, 0x0862, 0x0862, 0x0862, 0x0862, 0x0862,
  0x0862, 0x0862, 0x0862, 0x0862, 0x0862, 0x0862, 0x0862, 0x0862, 0x0862, 0x0862, 0x0862, 0x0862, 0x0862, 0x0862, 0x0862, 0x0862,
  0x0862, 0x0862, 0x0862, 0x0862, 0x0862, 0x0862, 0x0862, 0x0862, 0x0862, 0x0862, 0x0862, 0x0862, 0x0862, 0x0862, 0x0862, 0x0862,
  0x0862, 0x0862, 0x0862, 0x0862, 0x0862, 0x0862, 0x0862, 0x0862, 0x0862, 0x0862, 0x0862, 0x0862, 0x0862, 0x0862, 0x0862, 0x0862,
  0x0862, 0x0862, 0x0862, 0x0862, 0x0862, 0x0862, 0x0862, 0x0862, 0x0862, 0x0862, 0x0862, 0x0862, 0x0862, 0x0862, 0x0862, 0x0862,
  0x0862, 0x0862, 0x0862, 0x0862, 0x0862, 0x0862, 0x0862, 0x0862, 0x0862, 0x0862, 0x0862, 0x0862, 0x0862, 0x0862, 0x0862, 0x0862,
  0x0862, 0x0862, 0x0862, 0x0862, 0x0862, 0x0862, 0x0862, 0x0862, 0x0862, 0x0862, 0x0862, 0x0862, 0x0862, 0x1062, 0x1062, 0x1062,
  0x1062, 0x1862, 0x1862, 0x1862, 0x1862, 0x1882, 0x1882, 0x2082, 0x2082, 0x28A2, 0x28A2, 0x28A2, 0x2082, 0x2082, 0x2082, 0x2082,
  0x2082, 0x2082, 0x2082, 0x2082, 0x2882, 0x2882, 0x30A2, 0x38C2, 0x40E2, 0x4902, 0x5942, 0x6182, 0x6982, 0x79C2, 0x89E2, 0x89E2,
  0x89E2, 0x9A22, 0xBAC2, 0xF3A2, 0xFC43, 0xFC63, 0xFD84, 0xFDE4, 0xFC83, 0xD362, 0xD322, 0xFB62, 0xFAE1, 0xFAC1, 0xFAA1, 0xFB01,
  0xBA81, 0x5120, 0x6100, 0xA980, 0xC1A0, 0xFA20, 0xE9E0, 0x70E0, 0xF200, 0xFA20, 0x60C0, 0x0800, 0x2040, 0x0800, 0x7900, 0xFA20,
  0xF200, 0xFA20, 0xD1C0, 0x3060, 0x0000, 0x60C0, 0xFA20, 0xFA20, 0xFA20, 0xFA40, 0xC9E0, 0xFA40, 0xFA40, 0xF240, 0xFA60, 0x50C0,
  0x0000, 0x0000, 0xB9C0, 0xFAA0, 0x8940, 0x0000, 0x0000, 0x3880, 0xFA80, 0xF260, 0xF280, 0xFAA0, 0x40A0, 0x0000, 0x0800, 0x0000,
  0x0000, 0x0000, 0xCA20, 0xFAC0, 0xF2A0, 0xFAA0, 0xF2A1, 0xFAC1, 0xBA00, 0x0000, 0x6100, 0xFAE1, 0xF2C1, 0xF2C1, 0x3080, 0x0000,
  0x0000, 0x0800, 0x0800, 0x0000, 0xBA20, 0xF2E1, 0x2060, 0x0000, 0x0800, 0x0800, 0x0800, 0x0000, 0x38A0, 0xCA81, 0xFB41, 0xF301,
  0xFB01, 0xFB41, 0x7160, 0x0000, 0x0000, 0x91C0, 0xFB61, 0xF301, 0xFB61, 0xA200, 0x0000, 0x1020, 0x0000, 0x40C0, 0x5900, 0x2860,
  0x40C0, 0x2060, 0xB2E1, 0xFBA1, 0xF381, 0xEBA1, 0xDBE2, 0xD442, 0xCCC3, 0xD5E8, 0xB4E5, 0x8362, 0x5A62, 0x39A2, 0x2922, 0x2902,
  0x2902, 0x2902, 0x3982, 0x20E2, 0x1082, 0x1082, 0x0862, 0x0862, 0x0862, 0x0862, 0x0862, 0x0862, 0x0862, 0x0862, 0x0862, 0x0862,
  0x0862, 0x0862, 0x0862, 0x0862, 0x0862, 0x0862, 0x0862, 0x0862, 0x0862, 0x0862, 0x0862, 0x0862, 0x0862, 0x0862, 0x0862, 0x0862,
  0x0862, 0x0862, 0x0862, 0x0862, 0x0862, 0x0862, 0x0862, 0x0862, 0x0862, 0x0862, 0x0862, 0x0862, 0x0862, 0x0862, 0x0862, 0x0862,
  0x0862, 0x0862, 0x0862, 0x0862, 0x0862, 0x0862, 0x0862, 0x0862, 0x0862, 0x0862, 0x0862, 0x0862, 0x0862, 0x0862, 0x0862, 0x0862,
  0x0862, 0x0862, 0x0862, 0x0862, 0x0862, 0x0862, 0x0862, 0x0862, 0x0862, 0x0862, 0x0862, 0x0862, 0x0862, 0x0862, 0x0862, 0x0862,
  0x0862, 0x0862, 0x0862, 0x0862, 0x0862, 0x0862, 0x0862, 0x0862, 0x0862, 0x0862, 0x0862, 0x0862, 0x0862, 0x0862, 0x0862, 0x0862,
  0x0862, 0x0862, 0x0862, 0x0862, 0x0862, 0x0862, 0x0862, 0x0862, 0x0862, 0x0862, 0x0862, 0x0862, 0x0862, 0x0862, 0x0862, 0x0862,
  0x0862, 0x0862, 0x0862, 0x0862, 0x0862, 0x0862, 0x0862, 0x0862, 0x0862, 0x0862, 0x0862, 0x0862, 0x0862, 0x0862, 0x0862, 0x0862,
  0x0862, 0x0862, 0x0862, 0x0862, 0x0862, 0x0862, 0x0862, 0x0862, 0x0862, 0x0862, 0x0862, 0x0862, 0x0862, 0x0862, 0x0862, 0x0862,
  0x0862, 0x0862, 0x0862, 0x0862, 0x0862, 0x0862, 0x0862, 0x0862, 0x0862, 0x0862, 0x0862, 0x0862, 0x1062, 0x1062, 0x1062, 0x1062,
  0x1062, 0x1862, 0x1862, 0x1862, 0x1882, 0x1882, 0x2082, 0x2082, 0x2082, 0x28A2, 0x28A2, 0x28A2, 0x2082, 0x2082, 0x2082, 0x2082,
  0x2082, 0x2082, 0x2082, 0x2082, 0x2882, 0x30A2, 0x38C2, 0x38C2, 0x40E2, 0x5122, 0x6162, 0x6982, 0x7182, 0x81C2, 0x8A02, 0x89E2,
  0x9202, 0xA262, 0xCB22, 0xFC02, 0xFC63, 0xFD03, 0xFE44, 0xFD43, 0xE3A2, 0xC322, 0xF341, 0xFB21, 0xFAC1, 0xFAA1, 0xFAC1, 0xDAE1,
  0x6181, 0x5900, 0xB1A0, 0x48A0, 0x2040, 0xD1C0, 0x58C0, 0x3060, 0xFA20, 0x78E0, 0x0800, 0x2020, 0x0800, 0x7900, 0xFA20, 0xF200,
  0xFA40, 0xC1A0, 0x2040, 0x0000, 0x60C0, 0xFA40, 0xF220, 0xFA40, 0xF240, 0x68E0, 0x0800, 0xC1C0, 0xFA60, 0xF240, 0xFA80, 0xB9C0,
  0x0000, 0x0000, 0x50C0, 0xFA80, 0xE240, 0x1820, 0x0000, 0x0000, 0xB9E0, 0xFAC0, 0xF260, 0xFAA0, 0x6100, 0x0000, 0x0800, 0x0000,
  0x0000, 0x0000, 0xC200, 0xFAC1, 0xF2A1, 0xFAA1, 0xF2A1, 0xFAE1, 0x91A0, 0x0000, 0x8980, 0xFAE1, 0xFAE1, 0xD261, 0x0000, 0x2060,
  0x2860, 0x0000, 0x0000, 0x1840, 0xFB01, 0x91A0, 0x0000, 0x0800, 0x0800, 0x0800, 0x0800, 0x0800, 0x0000, 0x1020, 0x91E1, 0xFB41,
  0xFB21, 0xF321, 0xFB41, 0x7980, 0x0000, 0x0000, 0x91C0, 0xFB61, 0xF321, 0xFB61, 0x91E0, 0x0000, 0x1020, 0x0000, 0x48E0, 0x6940,
  0x79A0, 0xDAE1, 0xFBA1, 0xEBC2, 0xEB61, 0xEB81, 0xE3C2, 0xDC02, 0xCC62, 0xD504, 0xCDA7, 0xA443, 0x7302, 0x5202, 0x3162, 0x2902,
  0x2902, 0x2102, 0x2922, 0x3162, 0x18C2, 0x1082, 0x0862, 0x0862, 0x0862, 0x0862, 0x0862, 0x0862, 0x0862, 0x0862, 0x0862, 0x0862,
  0x0862, 0x0862, 0x0862, 0x0862, 0x0862, 0x0862, 0x0862, 0x0862, 0x0862, 0x0862, 0x0862, 0x0862, 0x0862, 0x0862, 0x0862, 0x0862,
  0x0862, 0x0862, 0x0862, 0x0862, 0x0862, 0x0862, 0x0862, 0x0862, 0x0862, 0x0862, 0x0862, 0x0862, 0x0862, 0x0862, 0x0862, 0x0862,
  0x0862, 0x0862, 0x0862, 0x0862, 0x0862, 0x0862, 0x0862, 0x0862, 0x0862, 0x0862, 0x0862, 0x0862, 0x0862, 0x0862, 0x0862, 0x0862,
  0x0862, 0x0862, 0x0862, 0x0862, 0x0862, 0x0862, 0x0862, 0x0862, 0x0862, 0x0862, 0x0862, 0x0862, 0x0862, 0x0862, 0x0862, 0x0862,
  0x0862, 0x0862, 0x0862, 0x0862, 0x0862, 0x0862, 0x0862, 0x0862, 0x0862, 0x0862, 0x0862, 0x0862, 0x0862, 0x0862, 0x0862, 0x0862,
  0x0862, 0x0862, 0x0862, 0x0862, 0x0862, 0x0862, 0x0862, 0x0862, 0x0862, 0x0862, 0x0862, 0x0862, 0x0862, 0x0862, 0x0862, 0x0862,
  0x0862, 0x0862, 0x0862, 0x0862, 0x0862, 0x0862, 0x0862, 0x0862, 0x0862, 0x0862, 0x0862, 0x0862, 0x0862, 0x0862, 0x0862, 0x0862,
  0x0862, 0x0862, 0x0862, 0x0862, 0x0862, 0x0862, 0x0862, 0x0862, 0x0862, 0x0862, 0x0862, 0x0862, 0x0862, 0x0862, 0x0862, 0x0862,
  0x0862, 0x0862, 0x0862, 0x0862, 0x0862, 0x0862, 0x0862, 0x0862, 0x0862, 0x0862, 0x0862, 0x0862, 0x1062, 0x1062, 0x1062, 0x1062,
  0x1862, 0x1862, 0x1862, 0x1862, 0x1882, 0x1882, 0x2082, 0x2082, 0x28A2, 0x28A2, 0x28A2, 0x28A2, 0x2082, 0x2082, 0x2082, 0x2082,
  0x2082, 0x2082, 0x2082, 0x2882, 0x2882, 0x30A2, 0x38C2, 0x38C2, 0x4902, 0x5142, 0x6182, 0x6982, 0x7182, 0x89E2, 0x8A02, 0x89E2,
  0x9222, 0xB2A2, 0xE362, 0xFC42, 0xFCA3, 0xFDE4, 0xFE64, 0xFC22, 0xCB42, 0xDB22, 0xFB41, 0xFAE1, 0xFAA1, 0xFAA1, 0xF2E1, 0x8A01,
  0x5100, 0xA180, 0x7100, 0x1820, 0x70E0, 0x7900, 0x0800, 0x58A0, 0x9940, 0x1000, 0x2020, 0x0800, 0x78E0, 0xFA20, 0xF200, 0xFA40,
  0xC1A0, 0x1820, 0x0000, 0x68E0, 0xFA40, 0xF220, 0xFA60, 0xD200, 0x3880, 0x0000, 0x0000, 0x3880, 0xFA60, 0xF260, 0xF260, 0xFA60,
  0x3880, 0x0000, 0x0800, 0xCA00, 0xFAC0, 0x7120, 0x0000, 0x0000, 0x40A0, 0xB9E0, 0xF280, 0xFAC0, 0x8960, 0x0000, 0x0800, 0x0000,
  0x0000, 0x0000, 0xC220, 0xFAC1, 0xF2A1, 0xFAC1, 0xF2A1, 0xFAE1, 0x6920, 0x0000, 0xB200, 0xFAE1, 0xFB01, 0x91A0, 0x0000, 0xA1E0,
  0xF301, 0xBA20, 0x6940, 0x8180, 0xF2E1, 0x2040, 0x0000, 0x0800, 0x0000, 0x0800, 0x0000, 0x0800, 0x0000, 0x0000, 0x0000, 0x6120,
  0xEB01, 0xFB41, 0xF321, 0xFB61, 0x81A0, 0x0000, 0x0000, 0x99E0, 0xFB81, 0xF321, 0xFB81, 0x81A0, 0x0000, 0x1020, 0x0000, 0x81A0,
  0xFBA1, 0xFB61, 0xF341, 0xF3A2, 0xF3C2, 0xF381, 0xEBA1, 0xE3E2, 0xD422, 0xCC82, 0xD545, 0xBD25, 0x8BA2, 0x62A2, 0x41C2, 0x2922,
  0x2902, 0x2102, 0x20E2, 0x2922, 0x2942, 0x1082, 0x1082, 0x0862, 0x0862, 0x0862, 0x0862, 0x0862, 0x0862, 0x0862, 0x0862, 0x0862,
  0x0862, 0x0862, 0x0862, 0x0862, 0x0862, 0x0862, 0x0862, 0x0862, 0x0862, 0x0862, 0x0862, 0x0862, 0x0862, 0x0862, 0x0862, 0x0862,
  0x0862, 0x0862, 0x0862, 0x0862, 0x0862, 0x0862, 0x0862, 0x0862, 0x0862, 0x0862, 0x0862, 0x0862, 0x0862, 0x0862, 0x0862, 0x0862,
  0x0862, 0x0862, 0x0862, 0x0862, 0x0862, 0x0862, 0x0862, 0x0862, 0x0862, 0x0862, 0x0862, 0x0862, 0x0862, 0x0862, 0x0862, 0x0862,
  0x0862, 0x0862, 0x0862, 0x0862, 0x0862, 0x0862, 0x0862, 0x0862, 0x0862, 0x0862, 0x0862, 0x0862, 0x0862, 0x0862, 0x0862, 0x0862,
  0x0862, 0x0862, 0x0862, 0x0862, 0x0862, 0x0862, 0x0862, 0x0862, 0x0862, 0x0862, 0x0862, 0x0862, 0x0862, 0x0862, 0x0862, 0x0862,
  0x0862, 0x0862, 0x0862, 0x0862, 0x0862, 0x0862, 0x0862, 0x0862, 0x0862, 0x0862, 0x0862, 0x0862, 0x0862, 0x0862, 0x0862, 0x0862,
  0x0862, 0x0862, 0x0862, 0x0862, 0x0862, 0x0862, 0x0862, 0x0862, 0x0862, 0x0862, 0x0862, 0x0862, 0x0862, 0x0862, 0x0862, 0x0862,
  0x0862, 0x0862, 0x0862, 0x0862, 0x0862, 0x0862, 0x0862, 0x0862, 0x0862, 0x0862, 0x0862, 0x0862, 0x0862, 0x0862, 0x0862, 0x0862,
  0x0862, 0x0862, 0x0862, 0x0862, 0x0862, 0x0862, 0x0862, 0x0862, 0x0862, 0x0862, 0x0862, 0x0862, 0x1062, 0x1062, 0x1062, 0x1062,
  0x1862, 0x1862, 0x1862, 0x1862, 0x1882, 0x1882, 0x2082, 0x2082, 0x28A2, 0x28A2, 0x28A2, 0x28A2, 0x2082, 0x2082, 0x2082, 0x2082,
  0x2082, 0x2082, 0x2082, 0x2882, 0x28A2, 0x30A2, 0x38C2, 0x40E2, 0x4902, 0x5942, 0x6182, 0x6162, 0x71A2, 0x9202, 0x89E2, 0x9202,
  0x9A42, 0xC2E2, 0xF3C2, 0xFC83, 0xFD23, 0xFEC5, 0xFD43, 0xDB62, 0xC322, 0xFB21, 0xFB21, 0xFAC1, 0xFAA1, 0xFAA1, 0xDAC1, 0x5960,
  0x9180, 0xB1A0, 0x1020, 0x58C0, 0x9940, 0x1820, 0x3040, 0x9120, 0x2020, 0x2020, 0x0800, 0x68E0, 0xFA20, 0xF220, 0xFA40, 0xB9A0,
  0x1820, 0x0000, 0x68E0, 0xFA40, 0xF220, 0xFA60, 0xB9C0, 0x1820, 0x0000, 0x0800, 0x0800, 0x0000, 0x9160, 0xFA80, 0xF260, 0xFA80,
  0xA1A0, 0x0000, 0x0000, 0x6100, 0xFAC0, 0xD220, 0x0820, 0x0000, 0x0000, 0x0000, 0xCA20, 0xFAE1, 0xA9C0, 0x0000, 0x0800, 0x0000,
  0x0000, 0x0000, 0xBA00, 0xFAE1, 0xF2C1, 0xFAC1, 0xF2C1, 0xFAE1, 0x48C0, 0x0000, 0xD261, 0xFAE1, 0xFB01, 0x48C0, 0x0000, 0xDA81,
  0xFB01, 0xFB21, 0xFB21, 0xFB41, 0x89A0, 0x0000, 0x0800, 0x0000, 0x0000, 0x0000, 0x0800, 0x0000, 0x48C0, 0x81A0, 0x1840, 0x0000,
  0x3080, 0xD2A1, 0xFB61, 0xF321, 0xFB81, 0x89C0, 0x0000, 0x0000, 0xA221, 0xFB81, 0xF341, 0xFB81, 0x7180, 0x0000, 0x1000, 0x1020,
  0xCAC1, 0xFB81, 0xF361, 0xF381, 0xF3E2, 0xF3A1, 0xEBA1, 0xEBC2, 0xDC02, 0xD442, 0xCCC3, 0xCD45, 0xAC84, 0x7B42, 0x5242, 0x3962,
  0x2902, 0x20E2, 0x20E2, 0x18E2, 0x3162, 0x2102, 0x1082, 0x0882, 0x0862, 0x0862, 0x0862, 0x0862, 0x0862, 0x0862, 0x0862, 0x0862,
  0x0862, 0x0862, 0x0862, 0x0862, 0x0862, 0x0862, 0x0862, 0x0862, 0x0862, 0x0862, 0x0862, 0x0862, 0x0862, 0x0862, 0x0862, 0x0862,
  0x0862, 0x0862, 0x0862, 0x0862, 0x0862, 0x0862, 0x0862, 0x0862, 0x0862, 0x0862, 0x0862, 0x0862, 0x0862, 0x0862, 0x0862, 0x0862,
  0x0862, 0x0862, 0x0862, 0x0862, 0x0862, 0x0862, 0x0862, 0x0862, 0x0862, 0x0862, 0x0862, 0x0862, 0x0862, 0x0862, 0x0862, 0x0862,
  0x0862, 0x0862, 0x0862, 0x0862, 0x0862, 0x0862, 0x0862, 0x0862, 0x0862, 0x0862, 0x0862, 0x0862, 0x0862, 0x0862, 0x0862, 0x0862,
  0x0862, 0x0862, 0x0862, 0x0862, 0x0862, 0x0862, 0x0862, 0x0862, 0x0862, 0x0862, 0x0862, 0x0862, 0x0862, 0x0862, 0x0862, 0x0862,
  0x0862, 0x0862, 0x0862, 0x0862, 0x0862, 0x0862, 0x0862, 0x0862, 0x0862, 0x0862, 0x0862, 0x0862, 0x0862, 0x0862, 0x0862, 0x0862,
  0x0862, 0x0862, 0x0862, 0x0862, 0x0862, 0x0862, 0x0862, 0x0862, 0x0862, 0x0862, 0x0862, 0x0862, 0x0862, 0x0862, 0x0862, 0x0862,
  0x0862, 0x0862, 0x0862, 0x0862, 0x0862, 0x0862, 0x0862, 0x0862, 0x0862, 0x0862, 0x0862, 0x0862, 0x0862, 0x0862, 0x0862, 0x0862,
  0x0862, 0x0862, 0x0862, 0x0862, 0x0862, 0x0862, 0x0862, 0x0862, 0x0862, 0x0862, 0x0862, 0x0862, 0x1062, 0x1062, 0x1062, 0x1062,
  0x1862, 0x1862, 0x1862, 0x1882, 0x1882, 0x1882, 0x2082, 0x2082, 0x28A2, 0x28A2, 0x28A2, 0x28A2, 0x2882, 0x2082, 0x2082, 0x2082,
  0x2082, 0x2082, 0x2082, 0x2882, 0x30A2, 0x30C2, 0x38C2, 0x40E2, 0x5122, 0x6162, 0x6162, 0x6962, 0x79C2, 0x9202, 0x9202, 0x9222,
  0xAA62, 0xD322, 0xFC02, 0xFCA3, 0xFE24, 0xFEC5, 0xF402, 0xC322, 0xE301, 0xFB41, 0xFAE1, 0xFAA1, 0xFA81, 0xFAE1, 0xDAC1, 0x5100,
  0x6120, 0xB180, 0x9940, 0xA140, 0x3060, 0x1820, 0x9940, 0x4080, 0x1020, 0x1000, 0x58A0, 0xFA20, 0xF220, 0xFA40, 0xC1A0, 0x1820,
  0x0000, 0x60E0, 0xFA40, 0xF240, 0xFA60, 0xB1A0, 0x0800, 0x0000, 0x3060, 0xC1E0, 0x3880, 0x0000, 0x1020, 0xDA20, 0xFA80, 0xF260,
  0xF260, 0x2860, 0x0000, 0x1020, 0xDA40, 0xFAC1, 0x58E0, 0x0000, 0x0800, 0x0000, 0x6100, 0xFAE1, 0xCA20, 0x0000, 0x0000, 0x0000,
  0x0000, 0x0000, 0xBA00, 0xFAE1, 0xF2C1, 0xF2C1, 0xFAE1, 0xF2C1, 0x2060, 0x1040, 0xEAC1, 0xFB01, 0xE2A1, 0x0820, 0x30A0, 0xFB01,
  0xFB01, 0xF301, 0xF301, 0xEAE1, 0x2040, 0x0000, 0x0000, 0x0000, 0x0000, 0x0800, 0x0000, 0x1840, 0xE2E1, 0xFB81, 0xE2E1, 0x6940,
  0x0000, 0x0820, 0xB241, 0xFB81, 0xF341, 0xFB81, 0x89E0, 0x0000, 0x0820, 0xB261, 0xFBA1, 0xF341, 0xFB81, 0x5920, 0x0800, 0x0000,
  0x40C0, 0xFB81, 0xF381, 0xF381, 0xF3A2, 0xEBE2, 0xEBA1, 0xEBC2, 0xE3E2, 0xDC22, 0xCC62, 0xCCE3, 0xBCE4, 0x93E3, 0x6AC2, 0x41E2,
  0x2942, 0x20E2, 0x20E2, 0x18E2, 0x20E2, 0x3162, 0x10C2, 0x1082, 0x0862, 0x0862, 0x0862, 0x0862, 0x0862, 0x0862, 0x0862, 0x0862,
  0x0862, 0x0862, 0x0862, 0x0862, 0x0862, 0x0862, 0x0862, 0x0862, 0x0862, 0x0862, 0x0862, 0x0862, 0x0862, 0x0862, 0x0862, 0x0862,
  0x0862, 0x0862, 0x0862, 0x0862, 0x0862, 0x0862, 0x0862, 0x0862, 0x0862, 0x0862, 0x0862, 0x0862, 0x0862, 0x0862, 0x0862, 0x0862,
  0x0862, 0x0862, 0x0862, 0x0862, 0x0862, 0x0862, 0x0862, 0x0862, 0x0862, 0x0862, 0x0862, 0x0862, 0x0862, 0x0862, 0x0862, 0x0862,
  0x0862, 0x0862, 0x0862, 0x0862, 0x0862, 0x0862, 0x0862, 0x0862, 0x0862, 0x0862, 0x0862, 0x0862, 0x0862, 0x0862, 0x0862, 0x0862,
  0x0862, 0x0862, 0x0862, 0x0862, 0x0862, 0x0862, 0x0862, 0x0862, 0x0862, 0x0862, 0x0862, 0x0862, 0x0862, 0x0862, 0x0862, 0x0862,
  0x0862, 0x0862, 0x0862, 0x0862, 0x0862, 0x0862, 0x0862, 0x0862, 0x0862, 0x0862, 0x0862, 0x0862, 0x0862, 0x0862, 0x0862, 0x0862,
  0x0862, 0x0862, 0x0862, 0x0862, 0x0862, 0x0862, 0x0862, 0x0862, 0x0862, 0x0862, 0x0862, 0x0862, 0x0862, 0x0862, 0x0862, 0x0862,
  0x0862, 0x0862, 0x0862, 0x0862, 0x0862, 0x0862, 0x0862, 0x0862, 0x0862, 0x0862, 0x0862, 0x0862, 0x0862, 0x0862, 0x0862, 0x0862,
  0x0862, 0x0862, 0x0862, 0x0862, 0x0862, 0x0862, 0x0862, 0x0862, 0x0862, 0x0862, 0x0862, 0x0862, 0x1062, 0x1062, 0x1062, 0x1062,
  0x1862, 0x1862, 0x1862, 0x1882, 0x1882, 0x2082, 0x2082, 0x2082, 0x28A2, 0x28A2, 0x28A2, 0x28A2, 0x2082, 0x2082, 0x2082, 0x2082,
  0x2082, 0x2082, 0x2882, 0x2882, 0x30A2, 0x38C2, 0x40E2, 0x4902, 0x5942, 0x6162, 0x6162, 0x6982, 0x81C2, 0x9202, 0x9202, 0x9A22,
  0xB2A2, 0xE362, 0xFC42, 0xFD43, 0xFF05, 0xFD84, 0xDB42, 0xC302, 0xFB21, 0xFB01, 0xFAC1, 0xFAA1, 0xEA81, 0xE2E1, 0xF2C1, 0x5900,
  0x30A0, 0x3060, 0x9120, 0x50A0, 0x0800, 0x8100, 0x70E0, 0x1000, 0x1000, 0x4080, 0xF200, 0xFA20, 0xFA40, 0xC9C0, 0x2020, 0x0000,
  0x58C0, 0xFA40, 0xF240, 0xFA60, 0xB1A0, 0x0800, 0x0000, 0x58C0, 0xEA40, 0xFAA0, 0xC1E0, 0x0000, 0x0000, 0x58C0, 0xFA80, 0xF260,
  0xFAA0, 0x9180, 0x0000, 0x0000, 0x7940, 0xFAE1, 0xC200, 0x0000, 0x0820, 0x6100, 0xCA20, 0xFAC1, 0xE281, 0x1840, 0x0000, 0x0000,
  0x0000, 0x0000, 0xBA00, 0xFB01, 0xF2C1, 0xF2E1, 0xFB01, 0xDAA1, 0x0000, 0x38A0, 0xFB01, 0xFB21, 0xB220, 0x0000, 0x7980, 0xFB41,
  0xF301, 0xF301, 0xFB41, 0x89A0, 0x0000, 0x0800, 0x0000, 0x0000, 0x0000, 0x0000, 0x0000, 0xBA61, 0xFB61, 0xF321, 0xFB41, 0xFB61,
  0xAA41, 0x1020, 0x0000, 0x9201, 0xFB81, 0xF341, 0xFBA1, 0x89E0, 0x0000, 0x1040, 0xCAE1, 0xFBA1, 0xFBA1, 0xE301, 0x1840, 0x0800,
  0x0000, 0x9A21, 0xFBC2, 0xF381, 0xF381, 0xF3E2, 0xEBE2, 0xEBA1, 0xEBC2, 0xE402, 0xD442, 0xCCA3, 0xCCE3, 0xAC83, 0x8362, 0x5A42,
  0x3982, 0x2902, 0x20E2, 0x18E2, 0x18C2, 0x2922, 0x2942, 0x1082, 0x0882, 0x0862, 0x0862, 0x0862, 0x0862, 0x0862, 0x0862, 0x0862,
  0x0862, 0x0862, 0x0862, 0x0862, 0x0862, 0x0862, 0x0862, 0x0862, 0x0862, 0x0862, 0x0862, 0x0862, 0x0862, 0x0862, 0x0862, 0x0862,
  0x0862, 0x0862, 0x0862, 0x0862, 0x0862, 0x0862, 0x0862, 0x0862, 0x0862, 0x0862, 0x0862, 0x0862, 0x0862, 0x0862, 0x0862, 0x0862,
  0x0862, 0x0862, 0x0862, 0x0862, 0x0862, 0x0862, 0x0862, 0x0862, 0x0862, 0x0862, 0x0862, 0x0862, 0x0862, 0x0862, 0x0862, 0x0862,
  0x0862, 0x0862, 0x0862, 0x0862, 0x0862, 0x0862, 0x0862, 0x0862, 0x0862, 0x0862, 0x0862, 0x0862, 0x0862, 0x0862, 0x0862, 0x0862,
  0x0862, 0x0862, 0x0862, 0x0862, 0x0862, 0x0862, 0x0862, 0x0862, 0x0862, 0x0862, 0x0862, 0x0862, 0x0862, 0x0862, 0x0862, 0x0862,
  0x0862, 0x0862, 0x0862, 0x0862, 0x0862, 0x0862, 0x0862, 0x0862, 0x0862, 0x0862, 0x0862, 0x0862, 0x0862, 0x0862, 0x0862, 0x0862,
  0x0862, 0x0862, 0x0862, 0x0862, 0x0862, 0x0862, 0x0862, 0x0862, 0x0862, 0x0862, 0x0862, 0x0862, 0x0862, 0x0862, 0x0862, 0x0862,
  0x0862, 0x0862, 0x0862, 0x0862, 0x0862, 0x0862, 0x0862, 0x0862, 0x0862, 0x0862, 0x0862, 0x0862, 0x0862, 0x0862, 0x0862, 0x0862,
  0x0862, 0x0862, 0x0862, 0x0862, 0x0862, 0x0862, 0x0862, 0x0862, 0x0862, 0x0862, 0x0862, 0x1062, 0x1062, 0x1062, 0x1062, 0x1062,
  0x1862, 0x1862, 0x1862, 0x1882, 0x1882, 0x2082, 0x2082, 0x2082, 0x28A2, 0x28A2, 0x28A2, 0x28A2, 0x2082, 0x2082, 0x2082, 0x2082,
  0x2082, 0x2082, 0x2882, 0x2882, 0x30A2, 0x38C2, 0x40E2, 0x4902, 0x5942, 0x5962, 0x6162, 0x7182, 0x89E2, 0x9A22, 0x9222, 0xA262,
  0xBAE2, 0xF3C2, 0xFC83, 0xFE45, 0xFF05, 0xF422, 0xC322, 0xE301, 0xFB21, 0xFAE1, 0xFAA1, 0xFAA1, 0xA201, 0x71E1, 0xB1E0, 0xDA00,
  0x7120, 0x2040, 0x1820, 0x1020, 0x50A0, 0xA160, 0x1000, 0x1820, 0x2840, 0xE1E0, 0xFA20, 0xFA40, 0xDA00, 0x2840, 0x0000, 0x50A0,
  0xF240, 0xF240, 0xFA60, 0xC9E0, 0x1020, 0x0000, 0x8140, 0xFA80, 0xFA60, 0xF260, 0xFAA0, 0x7100, 0x0000, 0x0000, 0xA9C0, 0xFAA0,
  0xEA60, 0x40A0, 0x0000, 0x0000, 0x1840, 0xEA60, 0xFAA0, 0x99A0, 0xD240, 0xFAE1, 0xFAC1, 0xF2A1, 0xFAC1, 0x3080, 0x0000, 0x0000,
  0x0000, 0x0000, 0xB200, 0xFB01, 0xF2E1, 0xF2E1, 0xFB01, 0xC240, 0x0000, 0x6120, 0xFB21, 0xFB21, 0x6940, 0x0000, 0xC261, 0xFB21,
  0xF301, 0xFB21, 0xEAE1, 0x1840, 0x0000, 0x0800, 0x0000, 0x0000, 0x0800, 0x0000, 0x89C0, 0xFB81, 0xF321, 0xFB41, 0xFB41, 0xFB61,
  0xFB81, 0xCAC1, 0x1840, 0x0000, 0x81C0, 0xFBA1, 0xF361, 0xFBA1, 0x89E0, 0x0000, 0x2880, 0xE321, 0xAA61, 0x2880, 0x0800, 0x1020,
  0x0000, 0x0800, 0xDB21, 0xFBA1, 0xF381, 0xF3C1, 0xEC02, 0xEBC2, 0xEBC2, 0xE3E2, 0xDC22, 0xD462, 0xCCC3, 0xB4A3, 0x9C03, 0x6AE2,
  0x49E2, 0x2942, 0x20E2, 0x18C2, 0x18C2, 0x18C2, 0x3142, 0x18E2, 0x0882, 0x0882, 0x0862, 0x0862, 0x0862, 0x0862, 0x0862, 0x0862,
  0x0862, 0x0862, 0x0862, 0x0862, 0x0862, 0x0862, 0x0862, 0x0862, 0x0862, 0x0862, 0x0862, 0x0862, 0x0862, 0x0862, 0x0862, 0x0862,
  0x0862, 0x0862, 0x0862, 0x0862, 0x0862, 0x0862, 0x0862, 0x0862, 0x0862, 0x0862, 0x0862, 0x0862, 0x0862, 0x0862, 0x0862, 0x0862,
  0x0862, 0x0862, 0x0862, 0x0862, 0x0862, 0x0862, 0x0862, 0x0862, 0x0862, 0x0862, 0x0862, 0x0862, 0x0862, 0x0862, 0x0862, 0x0862,
  0x0862, 0x0862, 0x0862, 0x0862, 0x0862, 0x0862, 0x0862, 0x0862, 0x0862, 0x0862, 0x0862, 0x0862, 0x0862, 0x0862, 0x0862, 0x0862,
  0x0862, 0x0862, 0x0862, 0x0862, 0x0862, 0x0862, 0x0862, 0x0862, 0x0862, 0x0862, 0x0862, 0x0862, 0x0862, 0x0862, 0x0862, 0x0862,
  0x0862, 0x0862, 0x0862, 0x0862, 0x0862, 0x0862, 0x0862, 0x0862, 0x0862, 0x0862, 0x0862, 0x0862, 0x0862, 0x0862, 0x0862, 0x0862,
  0x0862, 0x0862, 0x0862, 0x0862, 0x0862, 0x0862, 0x0862, 0x0862, 0x0862, 0x0862, 0x0862, 0x0862, 0x0862, 0x0862, 0x0862, 0x0862,
  0x0862, 0x0862, 0x0862, 0x0862, 0x0862, 0x0862, 0x0862, 0x0862, 0x0862, 0x0862, 0x0862, 0x0862, 0x0862, 0x0862, 0x0862, 0x0862,
  0x0862, 0x0862, 0x0862, 0x0862, 0x0862, 0x0862, 0x0862, 0x0862, 0x0862, 0x0862, 0x0862, 0x1062, 0x1062, 0x1062, 0x1062, 0x1062,
  0x1862, 0x1862, 0x1882, 0x1882, 0x1882, 0x2082, 0x2082, 0x2882, 0x28A2, 0x28A2, 0x28A2, 0x28A2, 0x2082, 0x2082, 0x2082, 0x2082,
  0x2082, 0x2882, 0x2882, 0x28A2, 0x30C2, 0x38C2, 0x40E2, 0x5122, 0x5942, 0x6162, 0x6982, 0x71A2, 0x9202, 0x9A22, 0x9A22, 0xA262,
  0xCB22, 0xFC02, 0xFCE3, 0xFF47, 0xFE04, 0xE362, 0xC322, 0xFB21, 0xFB21, 0xFAC1, 0xFAA1, 0xEA61, 0x79C1, 0x69A1, 0x48E0, 0x6920,
  0xC9C0, 0xA960, 0x3060, 0x2040, 0xB980, 0x3060, 0x1020, 0x1820, 0xC1A0, 0xFA40, 0xF220, 0xF220, 0x4080, 0x0000, 0x48A0, 0xF240,
  0xFA40, 0xFA60, 0xE220, 0x2040, 0x0000, 0xA180, 0xFA80, 0xF260, 0xF260, 0xF260, 0xFA80, 0xEA60, 0x2860, 0x0000, 0x2860, 0xEA80,
  0xFAA0, 0x50C0, 0x0000, 0x0000, 0x0000, 0xA9E0, 0xFAC1, 0xFAC1, 0xFAC1, 0xF2A1, 0xFAE1, 0xFAE1, 0xFAE1, 0x50E0, 0x0000, 0x0800,
  0x0000, 0x0000, 0xB200, 0xFB01, 0xF2E1, 0xF2E1, 0xFB21, 0x99E0, 0x0000, 0x91C0, 0xFB21, 0xF2E1, 0x2060, 0x1840, 0xF301, 0xFB21,
  0xF301, 0xFB41, 0x81A0, 0x0000, 0x0000, 0x0000, 0x0000, 0x0800, 0x0000, 0x5920, 0xFB61, 0xF341, 0xF341, 0xFB61, 0xF341, 0xDAE1,
  0xFB61, 0xFBA1, 0xC2A1, 0x0800, 0x0000, 0x89E0, 0xFBA1, 0xF361, 0xFBA1, 0x81C0, 0x0000, 0x1860, 0x0000, 0x0000, 0x0800, 0x0000,
  0x2880, 0xA241, 0xF381, 0xFBA1, 0xF3A1, 0xF3A1, 0xF3E2, 0xEC02, 0xEBC2, 0xEBE2, 0xE422, 0xD442, 0xD4A2, 0xC4A3, 0xA443, 0x8382,
  0x5A62, 0x3982, 0x2102, 0x18C2, 0x18C2, 0x18C2, 0x20E2, 0x2942, 0x10A2, 0x0882, 0x0862, 0x0862, 0x0862, 0x0862, 0x0862, 0x0862,
  0x0862, 0x0862, 0x0862, 0x0862, 0x0862, 0x0862, 0x0862, 0x0862, 0x0862, 0x0862, 0x0862, 0x0862, 0x0862, 0x0862, 0x0862, 0x0862,
  0x0862, 0x0862, 0x0862, 0x0862, 0x0862, 0x0862, 0x0862, 0x0862, 0x0862, 0x0862, 0x0862, 0x0862, 0x0862, 0x0862, 0x0862, 0x0862,
  0x0862, 0x0862, 0x0862, 0x0862, 0x0862, 0x0862, 0x0862, 0x0862, 0x0862, 0x0862, 0x0862, 0x0862, 0x0862, 0x0862, 0x0862, 0x0862,
  0x0862, 0x0862, 0x0862, 0x0862, 0x0862, 0x0862, 0x0862, 0x0862, 0x0862, 0x0862, 0x0862, 0x0862, 0x0862, 0x0862, 0x0862, 0x0862,
  0x0862, 0x0862, 0x0862, 0x0862, 0x0862, 0x0862, 0x0862, 0x0862, 0x0862, 0x0862, 0x0862, 0x0862, 0x0862, 0x0862, 0x0862, 0x0862,
  0x0862, 0x0862, 0x0862, 0x0862, 0x0862, 0x0862, 0x0862, 0x0862, 0x0862, 0x0862, 0x0862, 0x0862, 0x0862, 0x0862, 0x0862, 0x0862,
  0x0862, 0x0862, 0x0862, 0x0862, 0x0862, 0x0862, 0x0862, 0x0862, 0x0862, 0x0862, 0x0862, 0x0862, 0x0862, 0x0862, 0x0862, 0x0862,
  0x0862, 0x0862, 0x0862, 0x0862, 0x0862, 0x0862, 0x0862, 0x0862, 0x0862, 0x0862, 0x0862, 0x0862, 0x0862, 0x0862, 0x0862, 0x0862,
  0x0862, 0x0862, 0x0862, 0x0862, 0x0862, 0x0862, 0x0862, 0x0862, 0x0862, 0x0862, 0x0862, 0x1062, 0x1062, 0x1062, 0x1062, 0x1862,
  0x1862, 0x1862, 0x1882, 0x1882, 0x1882, 0x2082, 0x2082, 0x28A2, 0x28A2, 0x28A2, 0x28A2, 0x28A2, 0x2082, 0x2082, 0x2082, 0x2082,
  0x2882, 0x2882, 0x2882, 0x30A2, 0x38C2, 0x38E2, 0x4902, 0x5122, 0x5962, 0x6162, 0x6962, 0x71A2, 0x9222, 0x9A42, 0x9A42, 0xAA82,
  0xDB62, 0xFC22, 0xFDC5, 0xFFA7, 0xFCA3, 0xCB22, 0xE321, 0xFB21, 0xFB01, 0xFAA1, 0xFA81, 0xFAA1, 0xEAE1, 0x99E0, 0x48E0, 0x2880,
  0x2040, 0x9140, 0xC9C0, 0xB180, 0x68E0, 0x1000, 0x1000, 0x9140, 0xFA60, 0xF220, 0xFA40, 0x68E0, 0x0000, 0x3880, 0xEA20, 0xFA60,
  0xF240, 0xF260, 0x4080, 0x0000, 0x9980, 0xFAA1, 0xFA80, 0xFA80, 0xFA80, 0xF280, 0xF260, 0xFAA0, 0xB1C0, 0x0000, 0x0000, 0x7120,
  0xFAE1, 0xC200, 0x1020, 0x5900, 0xC220, 0xF2A1, 0xF2A1, 0xF2A1, 0xFAE1, 0xFB01, 0xCA40, 0x5900, 0xD260, 0x8180, 0x0000, 0x0800,
  0x0000, 0x0000, 0xB200, 0xFB21, 0xF2E1, 0xF2E1, 0xFB21, 0x7160, 0x0000, 0xB241, 0xFB41, 0xC261, 0x0000, 0x5920, 0xFB41, 0xF301,
  0xFB21, 0xEB01, 0x1840, 0x0000, 0x0000, 0x0000, 0x0000, 0x0000, 0x30A0, 0xF341, 0xFB41, 0xF341, 0xFB61, 0xF361, 0x5100, 0x1020,
  0xDB01, 0xFB61, 0xFBA1, 0x9201, 0x0000, 0x0000, 0xA221, 0xFBC1, 0xF361, 0xFBC1, 0x71A0, 0x0000, 0x0800, 0x0000, 0x1860, 0x8A01,
  0xF381, 0xFBE2, 0xFBA1, 0xF3A1, 0xF3A2, 0xF3A2, 0xF3C2, 0xEC22, 0xEBE2, 0xEBE2, 0xEC02, 0xDC22, 0xD462, 0xCCA3, 0xAC63, 0x9BE3,
  0x6AE2, 0x49E2, 0x2942, 0x20E2, 0x18C2, 0x18C2, 0x10A2, 0x2922, 0x2102, 0x0882, 0x0882, 0x0862, 0x0862, 0x0862, 0x0862, 0x0862,
  0x0862, 0x0862, 0x0862, 0x0862, 0x0862, 0x0862, 0x0862, 0x0862, 0x0862, 0x0862, 0x0862, 0x0862, 0x0862, 0x0862, 0x0862, 0x0862,
  0x0862, 0x0862, 0x0862, 0x0862, 0x0862, 0x0862, 0x0862, 0x0862, 0x0862, 0x0862, 0x0862, 0x0862, 0x0862, 0x0862, 0x0862, 0x0862,
  0x0862, 0x0862, 0x0862, 0x0862, 0x0862, 0x0862, 0x0862, 0x0862, 0x0862, 0x0862, 0x0862, 0x0862, 0x0862, 0x0862, 0x0862, 0x0862,
  0x0862, 0x0862, 0x0862, 0x0862, 0x0862, 0x0862, 0x0862, 0x0862, 0x0862, 0x0862, 0x0862, 0x0862, 0x0862, 0x0862, 0x0862, 0x0862,
  0x0862, 0x0862, 0x0862, 0x0862, 0x0862, 0x0862, 0x0862, 0x0862, 0x0862, 0x0862, 0x0862, 0x0862, 0x0862, 0x0862, 0x0862, 0x0862,
  0x0862, 0x0862, 0x0862, 0x0862, 0x0862, 0x0862, 0x0862, 0x0862, 0x0862, 0x0862, 0x0862, 0x0862, 0x0862, 0x0862, 0x0862, 0x0862,
  0x0862, 0x0862, 0x0862, 0x0862, 0x0862, 0x0862, 0x0862, 0x0862, 0x0862, 0x0862, 0x0862, 0x0862, 0x0862, 0x0862, 0x0862, 0x0862,
  0x0862, 0x0862, 0x0862, 0x0862, 0x0862, 0x0862, 0x0862, 0x0862, 0x0862, 0x0862, 0x0862, 0x0862, 0x0862, 0x0862, 0x0862, 0x0862,
  0x0862, 0x0862, 0x0862, 0x0862, 0x0862, 0x0862, 0x0862, 0x0862, 0x0862, 0x0862, 0x0862, 0x1062, 0x1062, 0x1062, 0x1062, 0x1862,
  0x1862, 0x1862, 0x1882, 0x1882, 0x2082, 0x2082, 0x2082, 0x28A2, 0x28A2, 0x28A2, 0x28A2, 0x28A2, 0x2082, 0x2082, 0x2082, 0x2082,
  0x2882, 0x2882, 0x2882, 0x30A2, 0x38C2, 0x40E2, 0x4902, 0x5142, 0x5962, 0x6162, 0x6962, 0x79C2, 0x9A22, 0xA242, 0xA242, 0xB2C2,
  0xF3C2, 0xFC82, 0xFEC7, 0xFF27, 0xEBA2, 0xCB22, 0xFB21, 0xFB01, 0xFAE1, 0xFAA1, 0xFA81, 0xF2C1, 0xFAE1, 0xFAA1, 0xDA20, 0x7920,
  0x7100, 0x58C0, 0x9140, 0xC1A0, 0x1000, 0x1000, 0x58A0, 0xFA40, 0xF220, 0xFA60, 0xA180, 0x0000, 0x2840, 0xDA20, 0xFA60, 0xF240,
  0xFA80, 0x6900, 0x0000, 0x6100, 0xFAA0, 0xFA80, 0xD220, 0x48A0, 0xB9E0, 0xFAA0, 0xF280, 0xF280, 0xFAC0, 0x58E0, 0x0000, 0x0800,
  0xCA20, 0xFAC1, 0xDA60, 0xFAE1, 0xFAC1, 0xFAC1, 0xFAE1, 0xFAE1, 0xB200, 0x38A0, 0x1020, 0x0000, 0x99C0, 0xAA00, 0x0000, 0x0000,
  0x0000, 0x0000, 0xAA01, 0xFB21, 0xF2E1, 0xF301, 0xFB21, 0x48E0, 0x0000, 0xD2A1, 0xFB61, 0x81A0, 0x0000, 0xA221, 0xFB61, 0xF321,
  0xFB61, 0x81A0, 0x0000, 0x0000, 0x0000, 0x0000, 0x0000, 0x0820, 0xD2C1, 0xFB81, 0xF341, 0xFB61, 0xEB41, 0x48E0, 0x0000, 0x4900,
  0xE341, 0xFB81, 0xF361, 0xFBA1, 0x6960, 0x0000, 0x0820, 0xC2C1, 0xFBC1, 0xF381, 0xFBC2, 0x6160, 0x0820, 0x71C0, 0xE361, 0xFBE1,
  0xFBA1, 0xF3A1, 0xFBC2, 0xFBE2, 0xFBE2, 0xF3C2, 0xF3C2, 0xF402, 0xEC22, 0xEBE2, 0xEC02, 0xE422, 0xD442, 0xD4A3, 0xBC83, 0x9C23,
  0x8382, 0x5242, 0x3982, 0x2102, 0x18C2, 0x18A2, 0x18A2, 0x18C2, 0x3142, 0x10C2, 0x0882, 0x0862, 0x0862, 0x0862, 0x0862, 0x0862,
  0x0862, 0x0862, 0x0862, 0x0862, 0x0862, 0x0862, 0x0862, 0x0862, 0x0862, 0x0862, 0x0862, 0x0862, 0x0862, 0x0862, 0x0862, 0x0862,
  0x0862, 0x0862, 0x0862, 0x0862, 0x0862, 0x0862, 0x0862, 0x0862, 0x0862, 0x0862, 0x0862, 0x0862, 0x0862, 0x0862, 0x0862, 0x0862,
  0x0862, 0x0862, 0x0862, 0x0862, 0x0862, 0x0862, 0x0862, 0x0862, 0x0862, 0x0862, 0x0862, 0x0862, 0x0862, 0x0862, 0x0862, 0x0862,
  0x0862, 0x0862, 0x0862, 0x0862, 0x0862, 0x0862, 0x0862, 0x0862, 0x0862, 0x0862, 0x0862, 0x0862, 0x0862, 0x0862, 0x0862, 0x0862,
  0x0862, 0x0862, 0x0862, 0x0862, 0x0862, 0x0862, 0x0862, 0x0862, 0x0862, 0x0862, 0x0862, 0x0862, 0x0862, 0x0862, 0x0862, 0x0862,
  0x0862, 0x0862, 0x0862, 0x0862, 0x0862, 0x0862, 0x0862, 0x0862, 0x0862, 0x0862, 0x0862, 0x0862, 0x0862, 0x0862, 0x0862, 0x0862,
  0x0862, 0x0862, 0x0862, 0x0862, 0x0862, 0x0862, 0x0862, 0x0862, 0x0862, 0x0862, 0x0862, 0x0862, 0x0862, 0x0862, 0x0862, 0x0862,
  0x0862, 0x0862, 0x0862, 0x0862, 0x0862, 0x0862, 0x0862, 0x0862, 0x0862, 0x0862, 0x0862, 0x0862, 0x0862, 0x0862, 0x0862, 0x0862,
  0x0862, 0x0862, 0x0862, 0x0862, 0x0862, 0x0862, 0x0862, 0x0862, 0x0862, 0x0862, 0x0862, 0x1062, 0x1062, 0x1062, 0x1062, 0x1862,
  0x1862, 0x1862, 0x1882, 0x1882, 0x2082, 0x2082, 0x2082, 0x28A2, 0x28A2, 0x28A2, 0x28A2, 0x28A2, 0x2082, 0x2082, 0x2082, 0x2882,
  0x2882, 0x2882, 0x28A2, 0x30C2, 0x38C2, 0x4102, 0x4902, 0x5142, 0x6162, 0x6162, 0x6982, 0x81C2, 0xA242, 0xA262, 0xA262, 0xC302,
  0xFC02, 0xFD03, 0xFF88, 0xFE05, 0xDB42, 0xDB22, 0xFB01, 0xFB01, 0xFAC1, 0xFA81, 0xFA81, 0xFAE1, 0xFAE1, 0xEA41, 0xB9C0, 0x7900,
  0x4080, 0x1820, 0xA980, 0x4880, 0x1000, 0x2040, 0xDA00, 0xFA40, 0xFA40, 0xE200, 0x2040, 0x0800, 0xB9C0, 0xFA80, 0xF240, 0xFA80,
  0xA180, 0x0000, 0x2040, 0xEA60, 0xFA80, 0xFAA0, 0xB1C0, 0x0000, 0x1840, 0xD220, 0xFAA0, 0xF280, 0xFAA0, 0xE260, 0x1840, 0x0000,
  0x40A0, 0xFAC1, 0xFAC1, 0xFAC1, 0xFAE1, 0xF2C1, 0x99C0, 0x2880, 0x0820, 0x5900, 0xDAA1, 0x5900, 0x5900, 0xD261, 0x0000, 0x0000,
  0x0000, 0x0000, 0xAA01, 0xFB21, 0xF2E1, 0xFB01, 0xF301, 0x2060, 0x1840, 0xF301, 0xFB41, 0x38C0, 0x0000, 0xE2E1, 0xFB41, 0xFB41,
  0xEB01, 0x1840, 0x0000, 0x0000, 0x0000, 0x0000, 0x0000, 0xA241, 0xFBA1, 0xF341, 0xFB81, 0xE321, 0x38C0, 0x0000, 0x6140, 0xFB81,
  0xFB81, 0xFB81, 0xFB81, 0xF381, 0xFBA1, 0x5120, 0x0000, 0x2880, 0xEB81, 0xFBA1, 0xFBA1, 0xF381, 0xD321, 0xFBE1, 0xFBC1, 0xF3A1,
  0xFBE2, 0xFC02, 0xEBA1, 0x9A41, 0x81E1, 0xFBE2, 0xF3C2, 0xF3E2, 0xEC22, 0xEBE2, 0xEBE2, 0xE402, 0xDC42, 0xD482, 0xCCA3, 0xA423,
  0x93E3, 0x6AC2, 0x41E2, 0x2922, 0x18C2, 0x18A2, 0x18A2, 0x10A2, 0x2102, 0x2922, 0x1082, 0x0882, 0x0862, 0x0862, 0x0862, 0x0862,
  0x0862, 0x0862, 0x0862, 0x0862, 0x0862, 0x0862, 0x0862, 0x0862, 0x0862, 0x0862, 0x0862, 0x0862, 0x0862, 0x0862, 0x0862, 0x0862,
  0x0862, 0x0862, 0x0862, 0x0862, 0x0862, 0x0862, 0x0862, 0x0862, 0x0862, 0x0862, 0x0862, 0x0862, 0x0862, 0x0862, 0x0862, 0x0862,
  0x0862, 0x0862, 0x0862, 0x0862, 0x0862, 0x0862, 0x0862, 0x0862, 0x0862, 0x0862, 0x0862, 0x0862, 0x0862, 0x0862, 0x0862, 0x0862,
  0x0862, 0x0862, 0x0862, 0x0862, 0x0862, 0x0862, 0x0862, 0x0862, 0x0862, 0x0862, 0x0862, 0x0862, 0x0862, 0x0862, 0x0862, 0x0862,
  0x0862, 0x0862, 0x0862, 0x0862, 0x0862, 0x0862, 0x0862, 0x0862, 0x0862, 0x0862, 0x0862, 0x0862, 0x0862, 0x0862, 0x0862, 0x0862,
  0x0862, 0x0862, 0x0862, 0x0862, 0x0862, 0x0862, 0x0862, 0x0862, 0x0862, 0x0862, 0x0862, 0x0862, 0x0862, 0x0862, 0x0862, 0x0862,
  0x0862, 0x0862, 0x0862, 0x0862, 0x0862, 0x0862, 0x0862, 0x0862, 0x0862, 0x0862, 0x0862, 0x0862, 0x0862, 0x0862, 0x0862, 0x0862,
  0x0862, 0x0862, 0x0862, 0x0862, 0x0862, 0x0862, 0x0862, 0x0862, 0x0862, 0x0862, 0x0862, 0x0862, 0x0862, 0x0862, 0x0862, 0x0862,
  0x0862, 0x0862, 0x0862, 0x0862, 0x0862, 0x0862, 0x0862, 0x0862, 0x0862, 0x0862, 0x1062, 0x1062, 0x1062, 0x1062, 0x1062, 0x1862,
  0x1862, 0x1862, 0x1882, 0x1882, 0x2082, 0x2082, 0x2082, 0x28A2, 0x28A2, 0x28A2, 0x28A2, 0x28A2, 0x2082, 0x2082, 0x2882, 0x2882,
  0x2882, 0x2882, 0x30A2, 0x30C2, 0x40E2, 0x4102, 0x4902, 0x5942, 0x6162, 0x6162, 0x7182, 0x81E2, 0xAA62, 0xA262, 0xA262, 0xDB42,
  0xFC63, 0xFDC4, 0xFFC8, 0xFCC3, 0xD322, 0xF321, 0xFB01, 0xFB01, 0xFAA1, 0xFAA1, 0xFAA1, 0xDAA1, 0x99C0, 0x6100, 0x2880, 0x1840,
  0x1020, 0x8120, 0xA160, 0x1000, 0x1000, 0x9940, 0xFA60, 0xF220, 0xFA60, 0x68E0, 0x0000, 0x6900, 0xFA80, 0xF240, 0xFA80, 0xD200,
  0x1020, 0x0000, 0x9980, 0xFAA0, 0xF280, 0xF280, 0xFAC0, 0x9980, 0x0000, 0x2860, 0xEA80, 0xFAA0, 0xF280, 0xFAE1, 0xA1C0, 0x0000,
  0x0000, 0x99A0, 0xFAE1, 0xE280, 0x8980, 0x1840, 0x1040, 0x7160, 0xE2A1, 0xFB01, 0xFB41, 0x91A0, 0x2880, 0xE2A1, 0x0820, 0x0000,
  0x0800, 0x0000, 0xA201, 0xFB41, 0xF301, 0xFB21, 0xE2C1, 0x0000, 0x40C0, 0xFB41, 0xDAC1, 0x0000, 0x38C0, 0xFB41, 0xF321, 0xFB61,
  0x81A0, 0x0000, 0x0000, 0x0000, 0x0000, 0x0000, 0x7180, 0xFBA1, 0xF341, 0xFBA1, 0xD301, 0x2880, 0x0000, 0x71A0, 0xFBA1, 0xFB81,
  0xF381, 0xF381, 0xF381, 0xFBC1, 0xE361, 0x5940, 0x0800, 0x0000, 0x5120, 0xFBC2, 0xF3A1, 0xFBA1, 0xFBC2, 0xF3A1, 0xFBE2, 0xFBE1,
  0xCB01, 0x71A0, 0x1860, 0x0000, 0x0800, 0xDB61, 0xFBE2, 0xEBC2, 0xEC22, 0xF442, 0xEC02, 0xE402, 0xE422, 0xD462, 0xD4A3, 0xAC43,
  0x9C03, 0x8363, 0x5242, 0x3162, 0x20E2, 0x18A2, 0x10A2, 0x10A2, 0x10A2, 0x2942, 0x18C2, 0x0882, 0x0882, 0x0862, 0x0862, 0x0862,
  0x0862, 0x0862, 0x0862, 0x0862, 0x0862, 0x0862, 0x0862, 0x0862, 0x0862, 0x0862, 0x0862, 0x0862, 0x0862, 0x0862, 0x0862, 0x0862,
  0x0862, 0x0862, 0x0862, 0x0862, 0x0862, 0x0862, 0x0862, 0x0862, 0x0862, 0x0862, 0x0862, 0x0862, 0x0862, 0x0862, 0x0862, 0x0862,
  0x0862, 0x0862, 0x0862, 0x0862, 0x0862, 0x0862, 0x0862, 0x0862, 0x0862, 0x0862, 0x0862, 0x0862, 0x0862, 0x0862, 0x0862, 0x0862,
  0x0862, 0x0862, 0x0862, 0x0862, 0x0862, 0x0862, 0x0862, 0x0862, 0x0862, 0x0862, 0x0862, 0x0862, 0x0862, 0x0862, 0x0862, 0x0862,
  0x0862, 0x0862, 0x0862, 0x0862, 0x0862, 0x0862, 0x0862, 0x0862, 0x0862, 0x0862, 0x0862, 0x0862, 0x0862, 0x0862, 0x0862, 0x0862,
  0x0862, 0x0862, 0x0862, 0x0862, 0x0862, 0x0862, 0x0862, 0x0862, 0x0862, 0x0862, 0x0862, 0x0862, 0x0862, 0x0862, 0x0862, 0x0862,
  0x0862, 0x0862, 0x0862, 0x0862, 0x0862, 0x0862, 0x0862, 0x0862, 0x0862, 0x0862, 0x0862, 0x0862, 0x0862, 0x0862, 0x0862, 0x0862,
  0x0862, 0x0862, 0x0862, 0x0862, 0x0862, 0x0862, 0x0862, 0x0862, 0x0862, 0x0862, 0x0862, 0x0862, 0x0862, 0x0862, 0x0862, 0x0862,
  0x0862, 0x0862, 0x0862, 0x0862, 0x0862, 0x0862, 0x0862, 0x0862, 0x0862, 0x0862, 0x0862, 0x1062, 0x1062, 0x1062, 0x1062, 0x1862,
  0x1862, 0x1882, 0x1882, 0x1882, 0x2082, 0x2082, 0x2082, 0x28A2, 0x30A2, 0x30A2, 0x28A2, 0x28A2, 0x2082, 0x2882, 0x2882, 0x2882,
  0x2882, 0x2882, 0x30A2, 0x38C2, 0x40E2, 0x40E2, 0x5122, 0x5962, 0x6162, 0x6162, 0x7182, 0x89E2, 0xAA62, 0xA262, 0xAA82, 0xEBA2,
  0xFCC3, 0xFEC6, 0xFF67, 0xF3E2, 0xDB22, 0xFB21, 0xFB01, 0xFAE1, 0xFAA1, 0xD220, 0x89A0, 0x61A1, 0x40E0, 0x40C0, 0x50C0, 0x8940,
  0xC9E0, 0xEA00, 0x3060, 0x1000, 0x4080, 0xF240, 0xF240, 0xFA60, 0xC1C0, 0x0800, 0x2040, 0xE220, 0xFA60, 0xF260, 0xF260, 0x3880,
  0x0000, 0x1840, 0xEA60, 0xFAA0, 0xF280, 0xFA80, 0xF280, 0xFAC0, 0x8160, 0x0000, 0x40A0, 0xF2A1, 0xFAC1, 0xF2A1, 0xFAE1, 0x48C0,
  0x0000, 0x1840, 0xDA80, 0x2880, 0x0820, 0x91A0, 0xEAC1, 0xFB21, 0xFB01, 0xF2E1, 0xFB01, 0xC241, 0x1020, 0xDAA1, 0x2880, 0x0000,
  0x0800, 0x0000, 0xA200, 0xFB41, 0xF301, 0xFB41, 0xC261, 0x0000, 0x6940, 0xFB81, 0xA221, 0x0000, 0x89C0, 0xFB61, 0xFB41, 0xE301,
  0x1040, 0x0000, 0x0000, 0x0000, 0x0000, 0x40E0, 0xFB81, 0xF361, 0xFBA1, 0xCAC1, 0x1840, 0x0000, 0x81E1, 0xFBC1, 0xFB81, 0xF381,
  0xF381, 0xFBA1, 0xFBC1, 0x9A41, 0x1860, 0x0000, 0x0000, 0x1840, 0x9221, 0xFBC1, 0xFBC2, 0xFBC2, 0xF3A2, 0xFBE2, 0xBAC1, 0x38E0,
  0x0000, 0x0000, 0x1020, 0x1840, 0x0000, 0x8201, 0xFC22, 0xF3E2, 0xE3E2, 0xB362, 0xD3A2, 0xF422, 0xE422, 0xDC42, 0xDC82, 0xC483,
  0x93E3, 0x93C3, 0x6AC2, 0x41C2, 0x2922, 0x18C2, 0x10A2, 0x10A2, 0x1082, 0x2102, 0x2922, 0x1082, 0x0882, 0x0862, 0x0862, 0x0862,
  0x0862, 0x0862, 0x0862, 0x0862, 0x0862, 0x0862, 0x0862, 0x0862, 0x0862, 0x0862, 0x0862, 0x0862, 0x0862, 0x0862, 0x0862, 0x0862,
  0x0862, 0x0862, 0x0862, 0x0862, 0x0862, 0x0862, 0x0862, 0x0862, 0x0862, 0x0862, 0x0862, 0x0862, 0x0862, 0x0862, 0x0862, 0x0862,
  0x0862, 0x0862, 0x0862, 0x0862, 0x0862, 0x0862, 0x0862, 0x0862, 0x0862, 0x0862, 0x0862, 0x0862, 0x0862, 0x0862, 0x0862, 0x0862,
  0x0862, 0x0862, 0x0862, 0x0862, 0x0862, 0x0862, 0x0862, 0x0862, 0x0862, 0x0862, 0x0862, 0x0862, 0x0862, 0x0862, 0x0862, 0x0862,
  0x0862, 0x0862, 0x0862, 0x0862, 0x0862, 0x0862, 0x0862, 0x0862, 0x0862, 0x0862, 0x0862, 0x0862, 0x0862, 0x0862, 0x0862, 0x0862,
  0x0862, 0x0862, 0x0862, 0x0862, 0x0862, 0x0862, 0x0862, 0x0862, 0x0862, 0x0862, 0x0862, 0x0862, 0x0862, 0x0862, 0x0862, 0x0862,
  0x0862, 0x0862, 0x0862, 0x0862, 0x0862, 0x0862, 0x0862, 0x0862, 0x0862, 0x0862, 0x0862, 0x0862, 0x0862, 0x0862, 0x0862, 0x0862,
  0x0862, 0x0862, 0x0862, 0x0862, 0x0862, 0x0862, 0x0862, 0x0862, 0x0862, 0x0862, 0x0862, 0x0862, 0x0862, 0x0862, 0x0862, 0x0862,
  0x0862, 0x0862, 0x0862, 0x0862, 0x0862, 0x0862, 0x0862, 0x0862, 0x0862, 0x0862, 0x0862, 0x1062, 0x1062, 0x1062, 0x1062, 0x1862,
  0x1862, 0x1882, 0x1882, 0x1882, 0x2082, 0x2082, 0x2882, 0x28A2, 0x30A2, 0x30A2, 0x28A2, 0x28A2, 0x28A2, 0x2882, 0x2882, 0x2882,
  0x2882, 0x28A2, 0x30A2, 0x38C2, 0x40E2, 0x4102, 0x5142, 0x5962, 0x5962, 0x6182, 0x71A2, 0x9202, 0xB282, 0xA262, 0xBAC2, 0xF402,
  0xFD23, 0xFF86, 0xFE85, 0xE382, 0xEB42, 0xFB01, 0xFB01, 0xFAE1, 0xE261, 0x5100, 0x4940, 0x5960, 0x7140, 0xB9E0, 0xF240, 0xFA60,
  0xFA80, 0x8120, 0x1000, 0x1000, 0xB1A0, 0xFA60, 0xF240, 0xFA60, 0x50C0, 0x0000, 0x8940, 0xFAA0, 0xF260, 0xFAA0, 0x7920, 0x0000,
  0x0820, 0x0000, 0x40A0, 0xE240, 0xFAC0, 0xF280, 0xF280, 0xF2A0, 0xFAC1, 0x6920, 0x0000, 0x50E0, 0xFAC1, 0xF2C1, 0xFAE1, 0xDA60,
  0x1020, 0x0000, 0x7140, 0x91A0, 0x1040, 0xFB01, 0xFB01, 0xF2E1, 0xFAE1, 0xFAE1, 0xFB01, 0xEAE1, 0x1020, 0xC241, 0x5100, 0x0000,
  0x0800, 0x0000, 0x9A01, 0xFB41, 0xF301, 0xFB41, 0xA201, 0x0000, 0x91E1, 0xFBA1, 0x5920, 0x0000, 0xCAA1, 0xFB61, 0xFB81, 0x79A0,
  0x0000, 0x0000, 0x0000, 0x0000, 0x1860, 0xE321, 0xFB81, 0xFBA1, 0xBAA1, 0x1020, 0x0000, 0x9A21, 0xFBC1, 0xF381, 0xF381, 0xFBA1,
  0xFBE2, 0xDB21, 0x5120, 0x0000, 0x0000, 0x0000, 0x5940, 0xE361, 0xFC02, 0xFBC1, 0xFBC2, 0xFBC2, 0xF3A2, 0xFC02, 0xAAA1, 0x0000,
  0x4100, 0xA281, 0xEBC2, 0x5120, 0x0000, 0x30A0, 0xF3E2, 0xFC02, 0x5980, 0x2900, 0x4161, 0xB321, 0xF442, 0xDC42, 0xDC62, 0xD4A3,
  0x9BE3, 0x93E3, 0x7B22, 0x4A02, 0x3162, 0x20E2, 0x10A2, 0x1082, 0x1082, 0x10A2, 0x2942, 0x18C2, 0x0882, 0x0862, 0x0862, 0x0862,
  0x0862, 0x0862, 0x0862, 0x0862, 0x0862, 0x0862, 0x0862, 0x0862, 0x0862, 0x0862, 0x0862, 0x0862, 0x0862, 0x0862, 0x0862, 0x0862,
  0x0862, 0x0862, 0x0862, 0x0862, 0x0862, 0x0862, 0x0862, 0x0862, 0x0862, 0x0862, 0x0862, 0x0862, 0x0862, 0x0862, 0x0862, 0x0862,
  0x0862, 0x0862, 0x0862, 0x0862, 0x0862, 0x0862, 0x0862, 0x0862, 0x0862, 0x0862, 0x0862, 0x0862, 0x0862, 0x0862, 0x0862, 0x0862,
  0x0862, 0x0862, 0x0862, 0x0862, 0x0862, 0x0862, 0x0862, 0x0862, 0x0862, 0x0862, 0x0862, 0x0862, 0x0862, 0x0862, 0x0862, 0x0862,
  0x0862, 0x0862, 0x0862, 0x0862, 0x0862, 0x0862, 0x0862, 0x0862, 0x0862, 0x0862, 0x0862, 0x0862, 0x0862, 0x0862, 0x0862, 0x0862,
  0x0862, 0x0862, 0x0862, 0x0862, 0x0862, 0x0862, 0x0862, 0x0862, 0x0862, 0x0862, 0x0862, 0x0862, 0x0862, 0x0862, 0x0862, 0x0862,
  0x0862, 0x0862, 0x0862, 0x0862, 0x0862, 0x0862, 0x0862, 0x0862, 0x0862, 0x0862, 0x0862, 0x0862, 0x0862, 0x0862, 0x0862, 0x0862,
  0x0862, 0x0862, 0x0862, 0x0862, 0x0862, 0x0862, 0x0862, 0x0862, 0x0862, 0x0862, 0x0862, 0x0862, 0x0862, 0x0862, 0x0862, 0x0862,
  0x0862, 0x0862, 0x0862, 0x0862, 0x0862, 0x0862, 0x0862, 0x0862, 0x0862, 0x0862, 0x1062, 0x1062, 0x1062, 0x1062, 0x1062, 0x1862,
  0x1862, 0x1882, 0x1882, 0x1882, 0x2082, 0x2082, 0x2882, 0x28A2, 0x30C2, 0x30A2, 0x28A2, 0x28A2, 0x28A2, 0x2882, 0x28A2, 0x2882,
  0x2882, 0x28A2, 0x30C2, 0x40E2, 0x40E2, 0x4902, 0x5142, 0x5962, 0x6162, 0x6982, 0x71A2, 0x9222, 0xB282, 0xAA62, 0xCB02, 0xFC63,
  0xFDE4, 0xFFC6, 0xFD63, 0xE362, 0xF341, 0xFB01, 0xFAE1, 0xFAE1, 0x91A0, 0x5100, 0x89E1, 0xC221, 0xFAA1, 0xFAA0, 0xFA40, 0xFA40,
  0xE200, 0x2840, 0x1000, 0x4080, 0xFA40, 0xF240, 0xFA80, 0xB9C0, 0x0800, 0x2040, 0xEA40, 0xFA80, 0xFA80, 0xC1E0, 0x0000, 0x0800,
  0x0800, 0x0800, 0x0000, 0x1840, 0xBA00, 0xFAC0, 0xF2A0, 0xF2A1, 0xFAA1, 0xFAC1, 0x50E0, 0x0000, 0x7120, 0xFAE1, 0xF2C1, 0xFB01,
  0x91A0, 0x0000, 0x0000, 0xC240, 0x30A0, 0x5900, 0xFB21, 0xF2E1, 0xFB01, 0xFB01, 0xFB01, 0xFB21, 0x2880, 0x91C0, 0x7980, 0x0000,
  0x0820, 0x0000, 0x99E1, 0xFB61, 0xF301, 0xFB61, 0x7980, 0x0000, 0xC281, 0xFB41, 0x1040, 0x2060, 0xF341, 0xFB61, 0xE301, 0x1040,
  0x0000, 0x0000, 0x0000, 0x0000, 0xBAA1, 0xFBA1, 0xFBA1, 0xAA61, 0x0000, 0x0000, 0xAA61, 0xFBE1, 0xF381, 0xF381, 0xFBC1, 0xFBC1,
  0x9221, 0x1040, 0x0000, 0x0000, 0x28A0, 0xB2A1, 0xFBE2, 0xFBC2, 0xF3A1, 0xF3C1, 0xF3C1, 0xFBE2, 0xFC02, 0xFC22, 0xFBE2, 0xB2C1,
  0xB2E1, 0x8A21, 0x4900, 0x1040, 0x0800, 0x0000, 0xBB01, 0xFC02, 0x1860, 0x28C0, 0x4181, 0x3920, 0xDC02, 0xE442, 0xDC62, 0xDCA3,
  0xAC22, 0x8BA3, 0x8BA3, 0x5A82, 0x39A2, 0x2102, 0x18A2, 0x1082, 0x1082, 0x1082, 0x2102, 0x2942, 0x1082, 0x0882, 0x0862, 0x0862,
  0x0862, 0x0862, 0x0862, 0x0862, 0x0862, 0x0862, 0x0862, 0x0862, 0x0862, 0x0862, 0x0862, 0x0862, 0x0862, 0x0862, 0x0862, 0x0862,
  0x0862, 0x0862, 0x0862, 0x0862, 0x0862, 0x0862, 0x0862, 0x0862, 0x0862, 0x0862, 0x0862, 0x0862, 0x0862, 0x0862, 0x0862, 0x0862,
  0x0862, 0x0862, 0x0862, 0x0862, 0x0862, 0x0862, 0x0862, 0x0862, 0x0862, 0x0862, 0x0862, 0x0862, 0x0862, 0x0862, 0x0862, 0x0862,
  0x0862, 0x0862, 0x0862, 0x0862, 0x0862, 0x0862, 0x0862, 0x0862, 0x0862, 0x0862, 0x0862, 0x0862, 0x0862, 0x0862, 0x0862, 0x0862,
  0x0862, 0x0862, 0x0862, 0x0862, 0x0862, 0x0862, 0x0862, 0x0862, 0x0862, 0x0862, 0x0862, 0x0862, 0x0862, 0x0862, 0x0862, 0x0862,
  0x0862, 0x0862, 0x0862, 0x0862, 0x0862, 0x0862, 0x0862, 0x0862, 0x0862, 0x0862, 0x0862, 0x0862, 0x0862, 0x0862, 0x0862, 0x0862,
  0x0862, 0x0862, 0x0862, 0x0862, 0x0862, 0x0862, 0x0862, 0x0862, 0x0862, 0x0862, 0x0862, 0x0862, 0x0862, 0x0862, 0x0862, 0x0862,
  0x0862, 0x0862, 0x0862, 0x0862, 0x0862, 0x0862, 0x0862, 0x0862, 0x0862, 0x0862, 0x0862, 0x0862, 0x0862, 0x0862, 0x0862, 0x0862,
  0x0862, 0x0862, 0x0862, 0x0862, 0x0862, 0x0862, 0x0862, 0x0862, 0x0862, 0x0862, 0x1062, 0x1062, 0x1062, 0x1062, 0x1062, 0x1862,
  0x1862, 0x1882, 0x1882, 0x2082, 0x2082, 0x2082, 0x28A2, 0x28A2, 0x30C2, 0x30A2, 0x28A2, 0x28A2, 0x28A2, 0x28A2, 0x2882, 0x2882,
  0x28A2, 0x28A2, 0x38C2, 0x38E2, 0x40E2, 0x4902, 0x5942, 0x5962, 0x6162, 0x6982, 0x71A2, 0x9A22, 0xB2A2, 0xAA82, 0xDB62, 0xFCC3,
  0xFEA5, 0xFF46, 0xFCA3, 0xEB62, 0xFB21, 0xFB01, 0xFB01, 0xF2A1, 0x8180, 0x89A0, 0x81C1, 0x6140, 0x9980, 0xD220, 0xFA60, 0xFA80,
  0x8920, 0x1000, 0x1000, 0x9960, 0xFA80, 0xF240, 0xFA60, 0x50C0, 0x0000, 0x8140, 0xFAA0, 0xF280, 0xF280, 0x2860, 0x0000, 0x0800,
  0x0800, 0x0800, 0x0800, 0x0000, 0x0000, 0x8980, 0xFAC1, 0xFAC1, 0xF2A1, 0xFAC1, 0xF2A1, 0x38A0, 0x0000, 0x8180, 0xFB01, 0xF2C1,
  0xFAE1, 0x40A0, 0x0000, 0x38A0, 0xCA61, 0x0000, 0xC241, 0xFB21, 0xF301, 0xFB01, 0xF301, 0xFB41, 0x5920, 0x5920, 0xA201, 0x0000,
  0x0820, 0x0000, 0x99E1, 0xFB61, 0xF321, 0xFB61, 0x4900, 0x0000, 0xEB21, 0xCAA1, 0x0000, 0x6960, 0xFB81, 0xFB81, 0x79A0, 0x0000,
  0x0800, 0x0000, 0x0000, 0x89E1, 0xFBA1, 0xFBA2, 0x9A21, 0x0000, 0x0820, 0xBAA1, 0xFBE1, 0xF381, 0xFBA1, 0xFBE2, 0xCB01, 0x40E0,
  0x0000, 0x0000, 0x0820, 0x79E1, 0xF3A2, 0xFC02, 0xF3C2, 0xFBC2, 0xFC02, 0xFC02, 0xFC02, 0xEBA1, 0xBAE1, 0x8201, 0x4900, 0x2080,
  0x0000, 0x0000, 0x0000, 0x0000, 0x0800, 0x0000, 0x4920, 0x69A0, 0x1020, 0x1860, 0x49A1, 0x28E0, 0xA2E1, 0xF462, 0xDC42, 0xDCA2,
  0xC463, 0x8B83, 0x93C3, 0x72E2, 0x49E2, 0x2922, 0x18C2, 0x1082, 0x1082, 0x1082, 0x10A2, 0x2942, 0x18C2, 0x0882, 0x0862, 0x0862,
  0x0862, 0x0862, 0x0862, 0x0862, 0x0862, 0x0862, 0x0862, 0x0862, 0x0862, 0x0862, 0x0862, 0x0862, 0x0862, 0x0862, 0x0862, 0x0862,
  0x0862, 0x0862, 0x0862, 0x0862, 0x0862, 0x0862, 0x0862, 0x0862, 0x0862, 0x0862, 0x0862, 0x0862, 0x0862, 0x0862, 0x0862, 0x0862,
  0x0862, 0x0862, 0x0862, 0x0862, 0x0862, 0x0862, 0x0862, 0x0862, 0x0862, 0x0862, 0x0862, 0x0862, 0x0862, 0x0862, 0x0862, 0x0862,
  0x0862, 0x0862, 0x0862, 0x0862, 0x0862, 0x0862, 0x0862, 0x0862, 0x0862, 0x0862, 0x0862, 0x0862, 0x0862, 0x0862, 0x0862, 0x0862,
  0x0862, 0x0862, 0x0862, 0x0862, 0x0862, 0x0862, 0x0862, 0x0862, 0x0862, 0x0862, 0x0862, 0x0862, 0x0862, 0x0862, 0x0862, 0x0862,
  0x0862, 0x0862, 0x0862, 0x0862, 0x0862, 0x0862, 0x0862, 0x0862, 0x0862, 0x0862, 0x0862, 0x0862, 0x0862, 0x0862, 0x0862, 0x0862,
  0x0862, 0x0862, 0x0862, 0x0862, 0x0862, 0x0862, 0x0862, 0x0862, 0x0862, 0x0862, 0x0862, 0x0862, 0x0862, 0x0862, 0x0862, 0x0862,
  0x0862, 0x0862, 0x0862, 0x0862, 0x0862, 0x0862, 0x0862, 0x0862, 0x0862, 0x0862, 0x0862, 0x0862, 0x0862, 0x0862, 0x0862, 0x0862,
  0x0862, 0x0862, 0x0862, 0x0862, 0x0862, 0x0862, 0x0862, 0x0862, 0x0862, 0x0862, 0x1062, 0x1062, 0x1062, 0x1062, 0x1062, 0x1862,
  0x1862, 0x1882, 0x1882, 0x2082, 0x2082, 0x2082, 0x28A2, 0x28A2, 0x30C2, 0x30C2, 0x28A2, 0x28A2, 0x28A2, 0x2882, 0x2882, 0x2882,
  0x28A2, 0x30A2, 0x38C2, 0x38E2, 0x40E2, 0x4922, 0x5962, 0x5962, 0x6162, 0x6982, 0x79C2, 0x9A42, 0xBAA2, 0xB2A2, 0xEBA2, 0xFD43,
  0xFF26, 0xFE64, 0xFC22, 0xF362, 0xFB21, 0xFB01, 0xFAE1, 0xEA81, 0xDA41, 0x91C0, 0x5981, 0x38C0, 0x30A0, 0x38A0, 0x6900, 0xDA00,
  0x3880, 0x1000, 0x2040, 0xDA00, 0xFA60, 0xFA80, 0xC9E0, 0x0800, 0x1820, 0xDA20, 0xFA80, 0xFAA0, 0x7120, 0x0000, 0x0800, 0x0800,
  0x0800, 0x0800, 0x0800, 0x0800, 0x0800, 0x0000, 0x5900, 0xEAA1, 0xFAE1, 0xF2A1, 0xFAE1, 0xE2A1, 0x2060, 0x0000, 0xA1E0, 0xFB01,
  0xFB01, 0xCA61, 0x0820, 0x0000, 0x99C0, 0x7160, 0x2060, 0xFB21, 0xFB01, 0xFB01, 0xF301, 0xFB41, 0x91C0, 0x30A0, 0xBA41, 0x0000,
  0x0000, 0x0000, 0x91E1, 0xFB61, 0xF321, 0xFB41, 0x2060, 0x1840, 0xFB81, 0x79A0, 0x0000, 0xAA61, 0xFBA1, 0xE301, 0x1040, 0x0000,
  0x0000, 0x0000, 0x5940, 0xFBA2, 0xFBA2, 0x81E1, 0x0000, 0x1860, 0xCAE1, 0xFBC2, 0xF381, 0xFBE2, 0xF3A1, 0x79E1, 0x0820, 0x0000,
  0x0000, 0x4900, 0xCB21, 0xFC02, 0xFBC2, 0xF3C2, 0xFC02, 0xEBA1, 0xC301, 0x8A01, 0x4920, 0x1860, 0x0000, 0x0000, 0x0000, 0x0000,
  0x0800, 0x1020, 0x0800, 0x0800, 0x0800, 0x0800, 0x0000, 0x0000, 0x0800, 0x1040, 0x3940, 0x3941, 0x8281, 0xF462, 0xDC42, 0xDC82,
  0xD4A3, 0x93A2, 0x8BA3, 0x8363, 0x5242, 0x3162, 0x20E2, 0x1082, 0x1082, 0x1082, 0x1082, 0x2102, 0x2922, 0x0882, 0x0882, 0x0862,
  0x0862, 0x0862, 0x0862, 0x0862, 0x0862, 0x0862, 0x0862, 0x0862, 0x0862, 0x0862, 0x0862, 0x0862, 0x0862, 0x0862, 0x0862, 0x0862,
  0x0862, 0x0862, 0x0862, 0x0862, 0x0862, 0x0862, 0x0862, 0x0862, 0x0862, 0x0862, 0x0862, 0x0862, 0x0862, 0x0862, 0x0862, 0x0862,
  0x0862, 0x0862, 0x0862, 0x0862, 0x0862, 0x0862, 0x0862, 0x0862, 0x0862, 0x0862, 0x0862, 0x0862, 0x0862, 0x0862, 0x0862, 0x0862,
  0x0862, 0x0862, 0x0862, 0x0862, 0x0862, 0x0862, 0x0862, 0x0862, 0x0862, 0x0862, 0x0862, 0x0862, 0x0862, 0x0862, 0x0862, 0x0862,
  0x0862, 0x0862, 0x0862, 0x0862, 0x0862, 0x0862, 0x0862, 0x0862, 0x0862, 0x0862, 0x0862, 0x0862, 0x0862, 0x0862, 0x0862, 0x0862,
  0x0862, 0x0862, 0x0862, 0x0862, 0x0862, 0x0862, 0x0862, 0x0862, 0x0862, 0x0862, 0x0862, 0x0862, 0x0862, 0x0862, 0x0862, 0x0862,
  0x0862, 0x0862, 0x0862, 0x0862, 0x0862, 0x0862, 0x0862, 0x0862, 0x0862, 0x0862, 0x0862, 0x0862, 0x0862, 0x0862, 0x0862, 0x0862,
  0x0862, 0x0862, 0x0862, 0x0862, 0x0862, 0x0862, 0x0862, 0x0862, 0x0862, 0x0862, 0x0862, 0x0862, 0x0862, 0x0862, 0x0862, 0x0862,
  0x0862, 0x0862, 0x0862, 0x0862, 0x0862, 0x0862, 0x0862, 0x0862, 0x0862, 0x0862, 0x1062, 0x1062, 0x1062, 0x1062, 0x1862, 0x1862,
  0x1862, 0x1882, 0x1882, 0x2082, 0x2082, 0x2082, 0x28A2, 0x28A2, 0x30C2, 0x30C2, 0x28A2, 0x28A2, 0x28A2, 0x28A2, 0x2882, 0x28A2,
  0x28A2, 0x30A2, 0x38C2, 0x38E2, 0x4102, 0x4922, 0x5942, 0x6162, 0x6162, 0x6982, 0x79C2, 0x9A42, 0xBAA2, 0xBAC2, 0xF402, 0xFDC4,
  0xFF66, 0xFD84, 0xFC02, 0xFB62, 0xFB01, 0xFB01, 0xFAE1, 0x89A0, 0x6920, 0xAA01, 0xC261, 0xA9C0, 0x7940, 0x3080, 0x50A0, 0xA180,
  0x1820, 0x1000, 0x58C0, 0xFA80, 0xF260, 0xFA80, 0x6900, 0x0000, 0x6900, 0xFAA0, 0xFA80, 0xCA20, 0x0000, 0x0000, 0x0800, 0x0800,
  0x0800, 0x0800, 0x0000, 0x0800, 0x0800, 0x0800, 0x0000, 0x2880, 0xCA60, 0xFB01, 0xF2C1, 0xFB01, 0xD280, 0x1040, 0x0000, 0xBA20,
  0xFB01, 0xFB21, 0x8180, 0x0000, 0x1020, 0xD281, 0x1840, 0x89A0, 0xFB41, 0xF301, 0xF321, 0xFB41, 0xC281, 0x1040, 0xBA61, 0x0800,
  0x0000, 0x0000, 0x89E1, 0xFB61, 0xFB41, 0xE301, 0x0000, 0x40E0, 0xFB81, 0x30A0, 0x0820, 0xE321, 0xFBC1, 0x71A0, 0x0000, 0x0800,
  0x0000, 0x2880, 0xF381, 0xFBC2, 0x71A0, 0x0000, 0x2080, 0xD321, 0xFBC2, 0xF3A2, 0xFBE2, 0xBAE1, 0x30C0, 0x0000, 0x0000, 0x2060,
  0x9A61, 0xFBE2, 0xFBE2, 0xF3C2, 0xFBE2, 0xE381, 0x5140, 0x1860, 0x0000, 0x0000, 0x0000, 0x0000, 0x0800, 0x1020, 0x0800, 0x0800,
  0x0800, 0x0800, 0x0800, 0x0800, 0x0800, 0x0800, 0x0800, 0x0820, 0x38C0, 0x1860, 0x1060, 0x3961, 0xAB21, 0xF462, 0xE442, 0xDC62,
  0xDCC3, 0xA403, 0x8363, 0x8BA3, 0x62A2, 0x39A2, 0x2902, 0x18A2, 0x1082, 0x1062, 0x1082, 0x18A2, 0x3142, 0x18C2, 0x0882, 0x0862,
  0x0862, 0x0862, 0x0862, 0x0862, 0x0862, 0x0862, 0x0862, 0x0862, 0x0862, 0x0862, 0x0862, 0x0862, 0x0862, 0x0862, 0x0862, 0x0862,
  0x0862, 0x0862, 0x0862, 0x0862, 0x0862, 0x0862, 0x0862, 0x0862, 0x0862, 0x0862, 0x0862, 0x0862, 0x0862, 0x0862, 0x0862, 0x0862,
  0x0862, 0x0862, 0x0862, 0x0862, 0x0862, 0x0862, 0x0862, 0x0862, 0x0862, 0x0862, 0x0862, 0x0862, 0x0862, 0x0862, 0x0862, 0x0862,
  0x0862, 0x0862, 0x0862, 0x0862, 0x0862, 0x0862, 0x0862, 0x0862, 0x0862, 0x0862, 0x0862, 0x0862, 0x0862, 0x0862, 0x0862, 0x0862,
  0x0862, 0x0862, 0x0862, 0x0862, 0x0862, 0x0862, 0x0862, 0x0862, 0x0862, 0x0862, 0x0862, 0x0862, 0x0862, 0x0862, 0x0862, 0x0862,
  0x0862, 0x0862, 0x0862, 0x0862, 0x0862, 0x0862, 0x0862, 0x0862, 0x0862, 0x0862, 0x0862, 0x0862, 0x0862, 0x0862, 0x0862, 0x0862,
  0x0862, 0x0862, 0x0862, 0x0862, 0x0862, 0x0862, 0x0862, 0x0862, 0x0862, 0x0862, 0x0862, 0x0862, 0x0862, 0x0862, 0x0862, 0x0862,
  0x0862, 0x0862, 0x0862, 0x0862, 0x0862, 0x0862, 0x0862, 0x0862, 0x0862, 0x0862, 0x0862, 0x0862, 0x0862, 0x0862, 0x0862, 0x0862,
  0x0862, 0x0862, 0x0862, 0x0862, 0x0862, 0x0862, 0x0862, 0x0862, 0x0862, 0x0862, 0x1062, 0x1062, 0x1062, 0x1062, 0x1062, 0x1862,
  0x1862, 0x1882, 0x1882, 0x2082, 0x2082, 0x2082, 0x28A2, 0x28A2, 0x30C2, 0x30C2, 0x28A2, 0x28A2, 0x28A2, 0x28A2, 0x2882, 0x2882,
  0x28A2, 0x30A2, 0x38C2, 0x40E2, 0x4102, 0x5122, 0x5962, 0x6162, 0x6162, 0x6982, 0x79C2, 0x9A42, 0xBAC2, 0xCB02, 0xFC63, 0xFE65,
  0xFF05, 0xFCC3, 0xFBE2, 0xFB62, 0xFB01, 0xFB01, 0xEAA1, 0x5920, 0x38C0, 0x4920, 0x5940, 0x7940, 0xA9C0, 0xA1A0, 0xC9E0, 0x60E0,
  0x1820, 0x1000, 0x9980, 0xFA80, 0xFA80, 0xE240, 0x2040, 0x0800, 0xC1E0, 0xFAA0, 0xF280, 0xF280, 0xA9E0, 0x40A0, 0x0000, 0x0000,
  0x0800, 0x0800, 0x0800, 0x0800, 0x0000, 0x0000, 0x0800, 0x0000, 0x0820, 0xA1E0, 0xFB21, 0xF2E1, 0xFB01, 0xBA40, 0x0800, 0x1020,
  0xCA61, 0xFB21, 0xF301, 0x3080, 0x0000, 0x6120, 0xAA21, 0x0000, 0xE2E1, 0xFB41, 0xF321, 0xFB21, 0xEB01, 0x1840, 0xAA21, 0x2080,
  0x0000, 0x0000, 0x89E1, 0xFB81, 0xFB61, 0xCAA1, 0x0000, 0x79A0, 0xEB21, 0x0000, 0x40E0, 0xFBA1, 0xDB21, 0x1020, 0x0000, 0x0000,
  0x0820, 0xD301, 0xFBC2, 0x5940, 0x0000, 0x30C0, 0xE341, 0xFBC2, 0xFBE2, 0xEB82, 0x69A0, 0x0000, 0x0000, 0x0000, 0x69A0, 0xE381,
  0xFC02, 0xFBE2, 0xFC22, 0xFBE2, 0xFC02, 0xFC22, 0x30C0, 0x0000, 0x0000, 0x0000, 0x0000, 0x0000, 0x0800, 0x0800, 0x0800, 0x0800,
  0x0800, 0x0800, 0x0800, 0x0800, 0x0800, 0x0800, 0x0000, 0x28A0, 0xF422, 0xC341, 0x5160, 0x8AE1, 0xEC62, 0xEC42, 0xE442, 0xDC62,
  0xE4A2, 0xBC42, 0x7B43, 0x8BA3, 0x7302, 0x49E2, 0x2942, 0x18C2, 0x1082, 0x1062, 0x1082, 0x1082, 0x2922, 0x2922, 0x0882, 0x0882,
  0x0862, 0x0862, 0x0862, 0x0862, 0x0862, 0x0862, 0x0862, 0x0862, 0x0862, 0x0862, 0x0862, 0x0862, 0x0862, 0x0862, 0x0862, 0x0862,
  0x0862, 0x0862, 0x0862, 0x0862, 0x0862, 0x0862, 0x0862, 0x0862, 0x0862, 0x0862, 0x0862, 0x0862, 0x0862, 0x0862, 0x0862, 0x0862,
  0x0862, 0x0862, 0x0862, 0x0862, 0x0862, 0x0862, 0x0862, 0x0862, 0x0862, 0x0862, 0x0862, 0x0862, 0x0862, 0x0862, 0x0862, 0x0862,
  0x0862, 0x0862, 0x0862, 0x0862, 0x0862, 0x0862, 0x0862, 0x0862, 0x0862, 0x0862, 0x0862, 0x0862, 0x0862, 0x0862, 0x0862, 0x0862,
  0x0862, 0x0862, 0x0862, 0x0862, 0x0862, 0x0862, 0x0862, 0x0862, 0x0862, 0x0862, 0x0862, 0x0862, 0x0862, 0x0862, 0x0862, 0x0862,
  0x0862, 0x0862, 0x0862, 0x0862, 0x0862, 0x0862, 0x0862, 0x0862, 0x0862, 0x0862, 0x0862, 0x0862, 0x0862, 0x0862, 0x0862, 0x0862,
  0x0862, 0x0862, 0x0862, 0x0862, 0x0862, 0x0862, 0x0862, 0x0862, 0x0862, 0x0862, 0x0862, 0x0862, 0x0862, 0x0862, 0x0862, 0x0862,
  0x0862, 0x0862, 0x0862, 0x0862, 0x0862, 0x0862, 0x0862, 0x0862, 0x0862, 0x0862, 0x0862, 0x0862, 0x0862, 0x0862, 0x0862, 0x0862,
  0x0862, 0x0862, 0x0862, 0x0862, 0x0862, 0x0862, 0x0862, 0x0862, 0x0862, 0x0862, 0x1062, 0x1062, 0x1062, 0x1062, 0x1862, 0x1862,
  0x1882, 0x1882, 0x1882, 0x2082, 0x2082, 0x2082, 0x28A2, 0x28A2, 0x30C2, 0x30C2, 0x30A2, 0x28A2, 0x28A2, 0x28A2, 0x28A2, 0x2882,
  0x30A2, 0x30C2, 0x38C2, 0x40E2, 0x4102, 0x5122, 0x5962, 0x6162, 0x6162, 0x6982, 0x79C2, 0x9A42, 0xC2C2, 0xDB42, 0xFCC3, 0xFEE5,
  0xFE65, 0xFC63, 0xFBC2, 0xFB41, 0xFB01, 0xFB01, 0xF2C1, 0xC220, 0x9180, 0x6981, 0x40E0, 0x2860, 0x3880, 0x9160, 0xD200, 0x2840,
  0x1820, 0x2040, 0xDA20, 0xFA80, 0xFAA0, 0x9980, 0x0000, 0x40A0, 0xFAA0, 0xFAA0, 0xEA80, 0xF280, 0xFB01, 0xFAE1, 0xB1E0, 0x38A0,
  0x0000, 0x0000, 0x0800, 0x0800, 0x0000, 0x0000, 0x0000, 0x0800, 0x0000, 0x0000, 0x7140, 0xFB01, 0xFB01, 0xFB21, 0xA200, 0x0000,
  0x2060, 0xDAC1, 0xFB41, 0xBA41, 0x0000, 0x0000, 0xB241, 0x48E0, 0x40E0, 0xFB61, 0xF321, 0xF321, 0xFB61, 0x30A0, 0x81A0, 0x48E0,
  0x0000, 0x0000, 0x89C1, 0xFB81, 0xFB81, 0xA241, 0x0000, 0xAA61, 0xAA61, 0x0000, 0x8A01, 0xFBE2, 0x7180, 0x0000, 0x0800, 0x0000,
  0xAA81, 0xFBC2, 0x4900, 0x0000, 0x4100, 0xEB81, 0xFBE2, 0xFBE2, 0xAAA1, 0x2880, 0x0000, 0x0000, 0x38C0, 0xBAE1, 0xFC02, 0xFBE2,
  0xFBE2, 0xDB61, 0x8201, 0xD361, 0xD361, 0x71E1, 0x2080, 0x0000, 0x0000, 0x0000, 0x0000, 0x0000, 0x0000, 0x0800, 0x0800, 0x0800,
  0x0800, 0x0800, 0x0800, 0x0800, 0x0800, 0x0800, 0x0800, 0x0000, 0xBB21, 0xFC82, 0xFC42, 0xF482, 0xEC82, 0xE442, 0xE462, 0xE462,
  0xDCA2, 0xD482, 0x8363, 0x8382, 0x8363, 0x5A42, 0x3162, 0x20E2, 0x1082, 0x1062, 0x1062, 0x1082, 0x18C2, 0x3142, 0x10A2, 0x0882,
  0x0862, 0x0862, 0x0862, 0x0862, 0x0862, 0x0862, 0x0862, 0x0862, 0x0862, 0x0862, 0x0862, 0x0862, 0x0862, 0x0862, 0x0862, 0x0862,
  0x0862, 0x0862, 0x0862, 0x0862, 0x0862, 0x0862, 0x0862, 0x0862, 0x0862, 0x0862, 0x0862, 0x0862, 0x0862, 0x0862, 0x0862, 0x0862,
  0x0862, 0x0862, 0x0862, 0x0862, 0x0862, 0x0862, 0x0862, 0x0862, 0x0862, 0x0862, 0x0862, 0x0862, 0x0862, 0x0862, 0x0862, 0x0862,
  0x0862, 0x0862, 0x0862, 0x0862, 0x0862, 0x0862, 0x0862, 0x0862, 0x0862, 0x0862, 0x0862, 0x0862, 0x0862, 0x0862, 0x0862, 0x0862,
  0x0862, 0x0862, 0x0862, 0x0862, 0x0862, 0x0862, 0x0862, 0x0862, 0x0862, 0x0862, 0x0862, 0x0862, 0x0862, 0x0862, 0x0862, 0x0862,
  0x0862, 0x0862, 0x0862, 0x0862, 0x0862, 0x0862, 0x0862, 0x0862, 0x0862, 0x0862, 0x0862, 0x0862, 0x0862, 0x0862, 0x0862, 0x0862,
  0x0862, 0x0862, 0x0862, 0x0862, 0x0862, 0x0862, 0x0862, 0x0862, 0x0862, 0x0862, 0x0862, 0x0862, 0x0862, 0x0862, 0x0862, 0x0862,
  0x0862, 0x0862, 0x0862, 0x0862, 0x0862, 0x0862, 0x0862, 0x0862, 0x0862, 0x0862, 0x0862, 0x0862, 0x0862, 0x0862, 0x0862, 0x0862,
  0x0862, 0x0862, 0x0862, 0x0862, 0x0862, 0x0862, 0x0862, 0x0862, 0x0862, 0x0862, 0x1062, 0x1062, 0x1062, 0x1062, 0x1862, 0x1862,
  0x1882, 0x1882, 0x1882, 0x2082, 0x2082, 0x2082, 0x28A2, 0x28A2, 0x30C2, 0x30C2, 0x30A2, 0x28A2, 0x28A2, 0x28A2, 0x28A2, 0x28A2,
  0x30A2, 0x30C2, 0x38C2, 0x40E2, 0x4902, 0x5142, 0x6162, 0x5962, 0x6162, 0x71A2, 0x79C2, 0x9A42, 0xCAE2, 0xEB82, 0xFD43, 0xFF46,
  0xFDC4, 0xFC02, 0xFBA2, 0xFB41, 0xFB01, 0xFB01, 0xFAC1, 0xFAC1, 0xFAC1, 0xF2E1, 0xCA20, 0x9180, 0x7940, 0x9980, 0x9980, 0x1820,
  0x1820, 0x50A0, 0xFA80, 0xF280, 0xFA80, 0x48A0, 0x0000, 0x9180, 0xFAC0, 0xFAC1, 0x9180, 0x2060, 0x7120, 0xB200, 0xFAC1, 0xFAE1,
  0xBA00, 0x38A0, 0x0000, 0x0000, 0x0800, 0x0800, 0x0000, 0x0000, 0x0000, 0x0000, 0x0000, 0x40C0, 0xE2C1, 0xFB21, 0xFB21, 0x89C0,
  0x0000, 0x30A0, 0xEAE1, 0xFB61, 0x6940, 0x0000, 0x2880, 0xCAA1, 0x0000, 0xAA41, 0xFB61, 0xF321, 0xFB81, 0x5940, 0x5920, 0x6960,
  0x0000, 0x0000, 0x81C1, 0xFB81, 0xFBA1, 0x79A0, 0x0000, 0xD2E1, 0x5940, 0x0000, 0xDB01, 0xE341, 0x1020, 0x0000, 0x0000, 0x79C1,
  0xF3A1, 0x38E0, 0x0000, 0x5120, 0xF3A2, 0xFC02, 0xE361, 0x5960, 0x0000, 0x0000, 0x1040, 0x8201, 0xF3C2, 0xFC42, 0xFC02, 0xFC02,
  0x79E1, 0x0820, 0x0000, 0x2080, 0x0820, 0x0000, 0x0000, 0x0000, 0x0000, 0x0000, 0x0000, 0x0000, 0x0000, 0x0800, 0x0800, 0x0800,
  0x0800, 0x0800, 0x0800, 0x0800, 0x0800, 0x0000, 0x0000, 0x0000, 0x61A0, 0xFC62, 0xEC22, 0xEC42, 0xEC82, 0xE442, 0xE462, 0xE462,
  0xDC82, 0xDCC3, 0x9383, 0x7B42, 0x8B82, 0x6AA2, 0x39A2, 0x2902, 0x18A2, 0x1062, 0x1062, 0x1082, 0x1082, 0x2942, 0x20E2, 0x0882,
  0x0882, 0x0862, 0x0862, 0x0862, 0x0862, 0x0862, 0x0862, 0x0862, 0x0862, 0x0862, 0x0862, 0x0862, 0x0862, 0x0862, 0x0862, 0x0862,
  0x0862, 0x0862, 0x0862, 0x0862, 0x0862, 0x0862, 0x0862, 0x0862, 0x0862, 0x0862, 0x0862, 0x0862, 0x0862, 0x0862, 0x0862, 0x0862,
  0x0862, 0x0862, 0x0862, 0x0862, 0x0862, 0x0862, 0x0862, 0x0862, 0x0862, 0x0862, 0x0862, 0x0862, 0x0862, 0x0862, 0x0862, 0x0862,
  0x0862, 0x0862, 0x0862, 0x0862, 0x0862, 0x0862, 0x0862, 0x0862, 0x0862, 0x0862, 0x0862, 0x0862, 0x0862, 0x0862, 0x0862, 0x0862,
  0x0862, 0x0862, 0x0862, 0x0862, 0x0862, 0x0862, 0x0862, 0x0862, 0x0862, 0x0862, 0x0862, 0x0862, 0x0862, 0x0862, 0x0862, 0x0862,
  0x0862, 0x0862, 0x0862, 0x0862, 0x0862, 0x0862, 0x0862, 0x0862, 0x0862, 0x0862, 0x0862, 0x0862, 0x0862, 0x0862, 0x0862, 0x0862,
  0x0862, 0x0862, 0x0862, 0x0862, 0x0862, 0x0862, 0x0862, 0x0862, 0x0862, 0x0862, 0x0862, 0x0862, 0x0862, 0x0862, 0x0862, 0x0862,
  0x0862, 0x0862, 0x0862, 0x0862, 0x0862, 0x0862, 0x0862, 0x0862, 0x0862, 0x0862, 0x0862, 0x0862, 0x0862, 0x0862, 0x0862, 0x0862,
  0x0862, 0x0862, 0x0862, 0x0862, 0x0862, 0x0862, 0x0862, 0x0862, 0x0862, 0x0862, 0x1062, 0x1062, 0x1062, 0x1062, 0x1062, 0x1862,
  0x1882, 0x1882, 0x2082, 0x2082, 0x2082, 0x2082, 0x28A2, 0x28A2, 0x30C2, 0x30C2, 0x30A2, 0x28A2, 0x28A2, 0x28A2, 0x28A2, 0x28A2,
  0x30A2, 0x30A2, 0x38C2, 0x40E2, 0x4902, 0x5142, 0x6162, 0x5962, 0x6182, 0x71A2, 0x79C2, 0x9A42, 0xD302, 0xF3C2, 0xFDE4, 0xFF66,
  0xFD03, 0xF3E2, 0xFBA2, 0xFB41, 0xFB01, 0xFB01, 0xFAC1, 0xFAA1, 0xF2A1, 0xF2E1, 0xFAC1, 0x9980, 0x2060, 0xA1A0, 0x6900, 0x1820,
  0x1000, 0x8940, 0xFAA0, 0xFA80, 0xD220, 0x0800, 0x1820, 0xDA40, 0xFAA1, 0xFAC1, 0x40A0, 0x0000, 0x0000, 0x0000, 0x2040, 0x6100,
  0xBA00, 0xF2A1, 0xA9E0, 0x38A0, 0x0000, 0x0000, 0x0800, 0x0800, 0x0000, 0x0000, 0x0800, 0x0000, 0x1840, 0xBA41, 0xFB41, 0xFB41,
  0x7160, 0x0000, 0x48E0, 0xF341, 0xEB01, 0x2060, 0x0000, 0x81A0, 0x89C1, 0x1020, 0xF341, 0xF341, 0xFB81, 0x91E1, 0x30A0, 0x81C0,
  0x0000, 0x0000, 0x81C1, 0xFBA1, 0xFB81, 0x5100, 0x0000, 0xDB01, 0x1040, 0x2060, 0xFBE2, 0x71A0, 0x0000, 0x0000, 0x4920, 0xE361,
  0x30A0, 0x0000, 0x6180, 0xFBE2, 0xFBE2, 0x9A61, 0x1860, 0x0000, 0x0000, 0x5140, 0xD341, 0xFC42, 0xFC22, 0xAAA1, 0x69A1, 0xFC22,
  0x9241, 0x0000, 0x0820, 0x0000, 0x0000, 0x0000, 0x28A0, 0x30C0, 0x0000, 0x0000, 0x0000, 0x0000, 0x0000, 0x0000, 0x0800, 0x0800,
  0x0800, 0x0800, 0x1020, 0x0000, 0x0800, 0x7A01, 0x7A21, 0x0000, 0x2060, 0xE3E2, 0xF442, 0xEC42, 0xEC82, 0xE462, 0xE462, 0xE462,
  0xDC82, 0xE4C3, 0xA3C3, 0x7322, 0x8362, 0x7302, 0x49E2, 0x2922, 0x18C2, 0x1082, 0x1062, 0x1082, 0x1082, 0x2102, 0x2942, 0x1082,
  0x0882, 0x0862, 0x0862, 0x0862, 0x0862, 0x0862, 0x0862, 0x0862, 0x0862, 0x0862, 0x0862, 0x0862, 0x0862, 0x0862, 0x0862, 0x0862,
  0x0862, 0x0862, 0x0862, 0x0862, 0x0862, 0x0862, 0x0862, 0x0862, 0x0862, 0x0862, 0x0862, 0x0862, 0x0862, 0x0862, 0x0862, 0x0862,
  0x0862, 0x0862, 0x0862, 0x0862, 0x0862, 0x0862, 0x0862, 0x0862, 0x0862, 0x0862, 0x0862, 0x0862, 0x0862, 0x0862, 0x0862, 0x0862,
  0x0862, 0x0862, 0x0862, 0x0862, 0x0862, 0x0862, 0x0862, 0x0862, 0x0862, 0x0862, 0x0862, 0x0862, 0x0862, 0x0862, 0x0862, 0x0862,
  0x0862, 0x0862, 0x0862, 0x0862, 0x0862, 0x0862, 0x0862, 0x0862, 0x0862, 0x0862, 0x0862, 0x0862, 0x0862, 0x0862, 0x0862, 0x0862,
  0x0862, 0x0862, 0x0862, 0x0862, 0x0862, 0x0862, 0x0862, 0x0862, 0x0862, 0x0862, 0x0862, 0x0862, 0x0862, 0x0862, 0x0862, 0x0862,
  0x0862, 0x0862, 0x0862, 0x0862, 0x0862, 0x0862, 0x0862, 0x0862, 0x0862, 0x0862, 0x0862, 0x0862, 0x0862, 0x0862, 0x0862, 0x0862,
  0x0862, 0x0862, 0x0862, 0x0862, 0x0862, 0x0862, 0x0862, 0x0862, 0x0862, 0x0862, 0x0862, 0x0862, 0x0862, 0x0862, 0x0862, 0x0862,
  0x0862, 0x0862, 0x0862, 0x0862, 0x0862, 0x0862, 0x0862, 0x0862, 0x0862, 0x0862, 0x1062, 0x1062, 0x1062, 0x1062, 0x1062, 0x1862,
  0x1882, 0x1882, 0x2082, 0x2082, 0x2082, 0x2082, 0x28A2, 0x28A2, 0x30C2, 0x30C2, 0x30C2, 0x30A2, 0x28A2, 0x28A2, 0x28A2, 0x30A2,
  0x30A2, 0x30A2, 0x38E2, 0x40E2, 0x4902, 0x5142, 0x6162, 0x5962, 0x6182, 0x71A2, 0x79C2, 0x9A42, 0xE322, 0xFC02, 0xFE86, 0xFF46,
  0xFC83, 0xF3C2, 0xFBA2, 0xFB41, 0xFB01, 0xFAE1, 0xFAC1, 0xFAA1, 0xF2A1, 0xFB01, 0xF280, 0x40A0, 0x3880, 0xC200, 0x3880, 0x2040,
  0x1820, 0xC1E0, 0xFAA0, 0xFAA0, 0x8960, 0x0000, 0x58E0, 0xFAC1, 0xFAA1, 0xDA60, 0x1020, 0x0800, 0x0800, 0x0800, 0x0000, 0x0000,
  0x0000, 0xD261, 0xFB21, 0xFAE1, 0xA1E0, 0x30A0, 0x0000, 0x0000, 0x0000, 0x0000, 0x0000, 0x0000, 0x0000, 0x0000, 0x89C0, 0xFB41,
  0xFB41, 0x5920, 0x0000, 0x6120, 0xFB81, 0xAA41, 0x0000, 0x0820, 0xCAA1, 0x2080, 0x7160, 0xFB81, 0xFB61, 0xCAA1, 0x1860, 0x89E1,
  0x0000, 0x0000, 0x79C1, 0xFBA1, 0xFB81, 0x2080, 0x28A0, 0xBAA1, 0x0000, 0x79C1, 0xDB21, 0x0000, 0x0000, 0x28A0, 0xC2E1, 0x28A0,
  0x0000, 0x79C1, 0xFC22, 0xD341, 0x4920, 0x0000, 0x0000, 0x2080, 0xA2A1, 0xFC22, 0xFC42, 0xCB21, 0x4100, 0x0820, 0x0000, 0xCB41,
  0xF3E2, 0x1040, 0x0000, 0x0820, 0x4920, 0xA2A1, 0xF402, 0xD382, 0x0820, 0x0000, 0x0000, 0x0000, 0x0000, 0x0000, 0x0800, 0x0800,
  0x1020, 0x0800, 0x0000, 0x4920, 0x9A81, 0x8A81, 0x30C0, 0x0000, 0x0000, 0x9261, 0xFC82, 0xEC42, 0xEC82, 0xE482, 0xE462, 0xE462,
  0xE482, 0xE4C3, 0xB422, 0x7302, 0x8343, 0x7B23, 0x5222, 0x3162, 0x20E2, 0x1082, 0x1062, 0x1062, 0x1082, 0x18A2, 0x3162, 0x18C2,
  0x0882, 0x0862, 0x0862, 0x0862, 0x0862, 0x0862, 0x0862, 0x0862, 0x0862, 0x0862, 0x0862, 0x0862, 0x0862, 0x0862, 0x0862, 0x0862,
  0x0862, 0x0862, 0x0862, 0x0862, 0x0862, 0x0862, 0x0862, 0x0862, 0x0862, 0x0862, 0x0862, 0x0862, 0x0862, 0x0862, 0x0862, 0x0862,
  0x0862, 0x0862, 0x0862, 0x0862, 0x0862, 0x0862, 0x0862, 0x0862, 0x0862, 0x0862, 0x0862, 0x0862, 0x0862, 0x0862, 0x0862, 0x0862,
  0x0862, 0x0862, 0x0862, 0x0862, 0x0862, 0x0862, 0x0862, 0x0862, 0x0862, 0x0862, 0x0862, 0x0862, 0x0862, 0x0862, 0x0862, 0x0862,
  0x0862, 0x0862, 0x0862, 0x0862, 0x0862, 0x0862, 0x0862, 0x0862, 0x0862, 0x0862, 0x0862, 0x0862, 0x0862, 0x0862, 0x0862, 0x0862,
  0x0862, 0x0862, 0x0862, 0x0862, 0x0862, 0x0862, 0x0862, 0x0862, 0x0862, 0x0862, 0x0862, 0x0862, 0x0862, 0x0862, 0x0862, 0x0862,
  0x0862, 0x0862, 0x0862, 0x0862, 0x0862, 0x0862, 0x0862, 0x0862, 0x0862, 0x0862, 0x0862, 0x0862, 0x0862, 0x0862, 0x0862, 0x0862,
  0x0862, 0x0862, 0x0862, 0x0862, 0x0862, 0x0862, 0x0862, 0x0862, 0x0862, 0x0862, 0x0862, 0x0862, 0x0862, 0x0862, 0x0862, 0x0862,
  0x0862, 0x0862, 0x0862, 0x0862, 0x0862, 0x0862, 0x0862, 0x0862, 0x0862, 0x0862, 0x1062, 0x1062, 0x1062, 0x1062, 0x1862, 0x1862,
  0x1882, 0x1882, 0x2082, 0x2082, 0x2082, 0x2082, 0x28A2, 0x28A2, 0x30C2, 0x30C2, 0x30C2, 0x30A2, 0x30A2, 0x28A2, 0x28A2, 0x30A2,
  0x30A2, 0x30C2, 0x40E2, 0x40E2, 0x4902, 0x5962, 0x6162, 0x5962, 0x6182, 0x69A2, 0x79C2, 0x9A42, 0xE342, 0xFC62, 0xFF27, 0xFEE6,
  0xFC22, 0xF3C2, 0xFB82, 0xFB21, 0xFB01, 0xFB01, 0xFAC1, 0xF2A1, 0xFAE1, 0xF2E1, 0x8160, 0x2860, 0x60E0, 0xB1C0, 0x2040, 0x2020,
  0x3060, 0xEA60, 0xFAA0, 0xFAA1, 0x40A0, 0x0000, 0xA9C0, 0xFAC1, 0xFAE1, 0x99A0, 0x0000, 0x0800, 0x0800, 0x0800, 0x0800, 0x0000,
  0x38A0, 0xFAE1, 0xF2E1, 0xFAE1, 0xFB21, 0xFB01, 0xA200, 0x30A0, 0x0000, 0x0000, 0x0000, 0x0000, 0x0000, 0x0000, 0x0000, 0x5920,
  0xEB21, 0xFB41, 0x40C0, 0x0000, 0x7980, 0xFBA1, 0x5920, 0x0000, 0x48E0, 0xBA81, 0x0000, 0xD2C1, 0xFB81, 0xEB21, 0x2060, 0x81C1,
  0x1020, 0x0000, 0x79C0, 0xFBE1, 0xE341, 0x0000, 0x5940, 0x81E0, 0x0000, 0xC2E1, 0xD321, 0x1860, 0x1040, 0x8A01, 0x2060, 0x0000,
  0x9241, 0xFC02, 0x8A21, 0x1020, 0x0000, 0x0000, 0x71C1, 0xF3C2, 0xFC62, 0xDB82, 0x5960, 0x0800, 0x5140, 0xDBA1, 0x4920, 0x5960,
  0xFC62, 0x7A01, 0x71C1, 0xD361, 0xFC42, 0xFC82, 0xFC42, 0xC341, 0x1860, 0x0000, 0x0000, 0x0000, 0x0000, 0x0000, 0x0800, 0x0800,
  0x0000, 0x2080, 0x9261, 0x6180, 0x1840, 0x0000, 0x0000, 0x28A0, 0x7A21, 0xD3C2, 0xF462, 0xEC42, 0xEC62, 0xE4A2, 0xE462, 0xE462,
  0xE482, 0xE4A3, 0xCC62, 0x7302, 0x7B22, 0x8343, 0x6282, 0x3982, 0x2902, 0x18A2, 0x1062, 0x1062, 0x1082, 0x1082, 0x2942, 0x2922,
  0x1082, 0x0882, 0x0862, 0x0862, 0x0862, 0x0862, 0x0862, 0x0862, 0x0862, 0x0862, 0x0862, 0x0862, 0x0862, 0x0862, 0x0862, 0x0862,
  0x0862, 0x0862, 0x0862, 0x0862, 0x0862, 0x0862, 0x0862, 0x0862, 0x0862, 0x0862, 0x0862, 0x0862, 0x0862, 0x0862, 0x0862, 0x0862,
  0x0862, 0x0862, 0x0862, 0x0862, 0x0862, 0x0862, 0x0862, 0x0862, 0x0862, 0x0862, 0x0862, 0x0862, 0x0862, 0x0862, 0x0862, 0x0862,
  0x0862, 0x0862, 0x0862, 0x0862, 0x0862, 0x0862, 0x0862, 0x0862, 0x0862, 0x0862, 0x0862, 0x0862, 0x0862, 0x0862, 0x0862, 0x0862,
  0x0862, 0x0862, 0x0862, 0x0862, 0x0862, 0x0862, 0x0862, 0x0862, 0x0862, 0x0862, 0x0862, 0x0862, 0x0862, 0x0862, 0x0862, 0x0862,
  0x0862, 0x0862, 0x0862, 0x0862, 0x0862, 0x0862, 0x0862, 0x0862, 0x0862, 0x0862, 0x0862, 0x0862, 0x0862, 0x0862, 0x0862, 0x0862,
  0x0862, 0x0862, 0x0862, 0x0862, 0x0862, 0x0862, 0x0862, 0x0862, 0x0862, 0x0862, 0x0862, 0x0862, 0x0862, 0x0862, 0x0862, 0x0862,
  0x0862, 0x0862, 0x0862, 0x0862, 0x0862, 0x0862, 0x0862, 0x0862, 0x0862, 0x0862, 0x0862, 0x0862, 0x0862, 0x0862, 0x0862, 0x0862,
  0x0862, 0x0862, 0x0862, 0x0862, 0x0862, 0x0862, 0x0862, 0x0862, 0x0862, 0x0862, 0x1062, 0x1062, 0x1062, 0x1062, 0x1062, 0x1862,
  0x1882, 0x1882, 0x2082, 0x2082, 0x2082, 0x2082, 0x28A2, 0x28A2, 0x30C2, 0x30C2, 0x30C2, 0x30A2, 0x30A2, 0x28A2, 0x30A2, 0x30A2,
  0x30A2, 0x38C2, 0x40E2, 0x40E2, 0x4902, 0x5962, 0x6162, 0x6162, 0x6182, 0x6982, 0x79C2, 0x9A22, 0xE362, 0xFCA3, 0xFF87, 0xFE65,
  0xFBE2, 0xF3A2, 0xFB82, 0xFB21, 0xFB01, 0xEAC1, 0xF2A1, 0xFAC1, 0xD281, 0x6980, 0x3080, 0x2040, 0xA1A0, 0x9180, 0x1840, 0x1820,
  0x60E0, 0xFAA1, 0xFAA1, 0xD220, 0x0800, 0x2040, 0xEA80, 0xFAC1, 0xFAC1, 0x38A0, 0x0000, 0x0800, 0x0800, 0x0800, 0x0800, 0x0000,
  0x91A0, 0xFB21, 0xF2E1, 0xF2E1, 0xF2E1, 0xFB01, 0xFB21, 0xFB01, 0xA200, 0x30A0, 0x0000, 0x0000, 0x0000, 0x0000, 0x0800, 0x0000,
  0x2880, 0xD2C1, 0xF341, 0x2880, 0x0000, 0x9A01, 0xF341, 0x1040, 0x0000, 0xA241, 0x6140, 0x30A0, 0xFBA1, 0xFB81, 0x38C0, 0x6160,
  0x2080, 0x0000, 0x71A0, 0xFBE2, 0xCAE1, 0x0000, 0x79E0, 0x30C0, 0x0000, 0x28A0, 0xA261, 0xEBA1, 0x79E1, 0x1020, 0x0000, 0xAAA1,
  0xD361, 0x38E0, 0x0000, 0x0000, 0x4100, 0xCB21, 0xFC62, 0xF3C2, 0x71C1, 0x0820, 0x38E0, 0xC321, 0xFC22, 0xFC42, 0xAAA1, 0x1040,
  0xEBC2, 0xFC22, 0xFC62, 0xFC62, 0xE3C2, 0x9261, 0x3900, 0x0000, 0x0000, 0x0000, 0x0000, 0x0000, 0x0000, 0x0000, 0x0000, 0x0820,
  0x71E1, 0xE3E2, 0xFCA2, 0x4100, 0x0000, 0x5980, 0xAB01, 0xF442, 0xFCA2, 0xFC82, 0xF462, 0xF462, 0xEC62, 0xE4A3, 0xE462, 0xE462,
  0xE482, 0xE4A2, 0xD4A2, 0x7B22, 0x7302, 0x8343, 0x6AE2, 0x41C2, 0x2902, 0x18A2, 0x1062, 0x1062, 0x1062, 0x1082, 0x20E2, 0x3162,
  0x10A2, 0x1082, 0x0862, 0x0862, 0x0862, 0x0862, 0x0862, 0x0862, 0x0862, 0x0862, 0x0862, 0x0862, 0x0862, 0x0862, 0x0862, 0x0862,
  0x0862, 0x0862, 0x0862, 0x0862, 0x0862, 0x0862, 0x0862, 0x0862, 0x0862, 0x0862, 0x0862, 0x0862, 0x0862, 0x0862, 0x0862, 0x0862,
  0x0862, 0x0862, 0x0862, 0x0862, 0x0862, 0x0862, 0x0862, 0x0862, 0x0862, 0x0862, 0x0862, 0x0862, 0x0862, 0x0862, 0x0862, 0x0862,
  0x0862, 0x0862, 0x0862, 0x0862, 0x0862, 0x0862, 0x0862, 0x0862, 0x0862, 0x0862, 0x0862, 0x0862, 0x0862, 0x0862, 0x0862, 0x0862,
  0x0862, 0x0862, 0x0862, 0x0862, 0x0862, 0x0862, 0x0862, 0x0862, 0x0862, 0x0862, 0x0862, 0x0862, 0x0862, 0x0862, 0x0862, 0x0862,
  0x0862, 0x0862, 0x0862, 0x0862, 0x0862, 0x0862, 0x0862, 0x0862, 0x0862, 0x0862, 0x0862, 0x0862, 0x0862, 0x0862, 0x0862, 0x0862,
  0x0862, 0x0862, 0x0862, 0x0862, 0x0862, 0x0862, 0x0862, 0x0862, 0x0862, 0x0862, 0x0862, 0x0862, 0x0862, 0x0862, 0x0862, 0x0862,
  0x0862, 0x0862, 0x0862, 0x0862, 0x0862, 0x0862, 0x0862, 0x0862, 0x0862, 0x0862, 0x0862, 0x0862, 0x0862, 0x0862, 0x0862, 0x0862,
  0x0862, 0x0862, 0x0862, 0x0862, 0x0862, 0x0862, 0x0862, 0x0862, 0x0862, 0x1062, 0x1062, 0x1062, 0x1062, 0x1062, 0x1062, 0x1862,
  0x1882, 0x1882, 0x2082, 0x2082, 0x2082, 0x2082, 0x28A2, 0x28A2, 0x30C2, 0x30C2, 0x30C2, 0x30A2, 0x30A2, 0x28A2, 0x30A2, 0x30A2,
  0x30A2, 0x38C2, 0x40E2, 0x40E2, 0x4922, 0x5962, 0x6162, 0x6162, 0x6182, 0x6982, 0x79C2, 0x9222, 0xEB82, 0xFD03, 0xFFA7, 0xFDE4,
  0xF3A2, 0xF3A2, 0xFB82, 0xFB41, 0xFB01, 0x89C1, 0x6940, 0x7960, 0x5920, 0x3900, 0x40A0, 0xA9C0, 0xFAA1, 0x60E0, 0x2040, 0x1020,
  0x9160, 0xFAC1, 0xFAC1, 0x9980, 0x0000, 0x6100, 0xFAE1, 0xF2C1, 0xF2C1, 0x99A0, 0x40C0, 0x1020, 0x0000, 0x0000, 0x0000, 0x0000,
  0x91C0, 0xF2E1, 0xFB21, 0xFB21, 0xFB21, 0xF301, 0xF301, 0xF301, 0xFB41, 0xF321, 0x9A01, 0x2880, 0x0000, 0x0000, 0x0000, 0x0800,
  0x0000, 0x0820, 0xAA41, 0xEB21, 0x1860, 0x0000, 0xBA81, 0xB261, 0x0000, 0x1860, 0xD2E1, 0x0820, 0x9201, 0xFC02, 0x6160, 0x4100,
  0x38E0, 0x0000, 0x71A0, 0xFC02, 0xA261, 0x0000, 0x5960, 0x79E1, 0x5960, 0x0820, 0x0000, 0x38E0, 0x0820, 0x1040, 0xAAA1, 0x9241,
  0x0000, 0x0000, 0x1040, 0x9241, 0xFC42, 0xFC22, 0x8A21, 0x1040, 0x28A0, 0xAAC1, 0xFC22, 0xFC22, 0xF3E2, 0xF3E2, 0xF402, 0x1860,
  0x9A61, 0xFC62, 0xD361, 0x61A0, 0x1060, 0x0000, 0x0000, 0x0000, 0x0000, 0x0000, 0x0000, 0x0800, 0x0000, 0x0000, 0x4940, 0xCB82,
  0xFC82, 0xFC42, 0xF442, 0xD3A2, 0xD3A2, 0xFC82, 0xFCA2, 0xFC62, 0xF442, 0xF462, 0xF442, 0xF462, 0xEC62, 0xECA3, 0xE482, 0xE462,
  0xE482, 0xE482, 0xDCC3, 0x8342, 0x72E2, 0x7B22, 0x7B02, 0x4A02, 0x3122, 0x20C2, 0x1082, 0x1062, 0x1062, 0x1082, 0x18A2, 0x3162,
  0x18C2, 0x1082, 0x0862, 0x0862, 0x0862, 0x0862, 0x0862, 0x0862, 0x0862, 0x0862, 0x0862, 0x0862, 0x0862, 0x0862, 0x0862, 0x0862,
  0x0862, 0x0862, 0x0862, 0x0862, 0x0862, 0x0862, 0x0862, 0x0862, 0x0862, 0x0862, 0x0862, 0x0862, 0x0862, 0x0862, 0x0862, 0x0862,
  0x0862, 0x0862, 0x0862, 0x0862, 0x0862, 0x0862, 0x0862, 0x0862, 0x0862, 0x0862, 0x0862, 0x0862, 0x0862, 0x0862, 0x0862, 0x0862,
  0x0862, 0x0862, 0x0862, 0x0862, 0x0862, 0x0862, 0x0862, 0x0862, 0x0862, 0x0862, 0x0862, 0x0862, 0x0862, 0x0862, 0x0862, 0x0862,
  0x0862, 0x0862, 0x0862, 0x0862, 0x0862, 0x0862, 0x0862, 0x0862, 0x0862, 0x0862, 0x0862, 0x0862, 0x0862, 0x0862, 0x0862, 0x0862,
  0x0862, 0x0862, 0x0862, 0x0862, 0x0862, 0x0862, 0x0862, 0x0862, 0x0862, 0x0862, 0x0862, 0x0862, 0x0862, 0x0862, 0x0862, 0x0862,
  0x0862, 0x0862, 0x0862, 0x0862, 0x0862, 0x0862, 0x0862, 0x0862, 0x0862, 0x0862, 0x0862, 0x0862, 0x0862, 0x0862, 0x0862, 0x0862,
  0x0862, 0x0862, 0x0862, 0x0862, 0x0862, 0x0862, 0x0862, 0x0862, 0x0862, 0x0862, 0x0862, 0x0862, 0x0862, 0x0862, 0x0862, 0x0862,
  0x0862, 0x0862, 0x0862, 0x0862, 0x0862, 0x0862, 0x0862, 0x0862, 0x0862, 0x0862, 0x1062, 0x1062, 0x1062, 0x1062, 0x1062, 0x1862,
  0x1882, 0x1882, 0x2082, 0x2082, 0x2082, 0x2082, 0x28A2, 0x28A2, 0x30C2, 0x30C2, 0x30C2, 0x30C2, 0x30A2, 0x30A2, 0x30A2, 0x30A2,
  0x30A2, 0x38C2, 0x40E2, 0x4102, 0x4922, 0x5962, 0x6162, 0x6162, 0x6182, 0x6982, 0x79C2, 0x9222, 0xEB82, 0xFD64, 0xFFC7, 0xFD64,
  0xEB82, 0xF3A2, 0xFB62, 0xFB41, 0xEAE1, 0x7181, 0x48E0, 0x38A0, 0x40E0, 0x6960, 0xD240, 0xFAC1, 0xEA61, 0x40A0, 0x2860, 0x1820,
  0xB9E0, 0xFAC1, 0xFAC1, 0x58E0, 0x0000, 0xB1E0, 0xFAE1, 0xF2C1, 0xFAE1, 0xFB01, 0xFAE1, 0xDA81, 0x99C0, 0x50E0, 0x1840, 0x0000,
  0x0000, 0x1020, 0x5900, 0xA200, 0xE2C1, 0xFB41, 0xFB41, 0xFB41, 0xF301, 0xF321, 0xFB61, 0xF321, 0x9A01, 0x2880, 0x0000, 0x0000,
  0x0800, 0x0000, 0x0000, 0x81A0, 0xCAC1, 0x1040, 0x0800, 0xCAC1, 0x5920, 0x0000, 0x6980, 0xA241, 0x0000, 0xF3A1, 0x9A41, 0x2880,
  0x5120, 0x0000, 0x69A0, 0xFC22, 0x71C0, 0x0000, 0x0000, 0x2080, 0x79E1, 0xD341, 0x6180, 0x0000, 0x1860, 0x8201, 0x4100, 0x0000,
  0x0000, 0x5980, 0xEBC2, 0xFC62, 0xA2A1, 0x2080, 0x1860, 0x9A61, 0xFC02, 0xFC22, 0xF3E2, 0xF3E2, 0xF402, 0xF3E2, 0xFC62, 0x71C1,
  0x30C0, 0xFC62, 0xCB41, 0x0000, 0x0000, 0x0820, 0x0000, 0x1860, 0x7201, 0x69C1, 0x0000, 0x0000, 0x28C0, 0xAB01, 0xFC82, 0xFC62,
  0xF442, 0xF442, 0xF442, 0xFC62, 0xFC62, 0xF442, 0xF442, 0xF462, 0xFC82, 0xFCA2, 0xFCA2, 0xFC82, 0xEC62, 0xECA2, 0xE4A2, 0xE482,
  0xE482, 0xE4A2, 0xE4C3, 0x9382, 0x6AE2, 0x7B22, 0x7B22, 0x5242, 0x3142, 0x20E2, 0x1082, 0x1062, 0x1062, 0x1082, 0x1082, 0x2942,
  0x2922, 0x1082, 0x1082, 0x0862, 0x0862, 0x0862, 0x0862, 0x0862, 0x0862, 0x0862, 0x0862, 0x0862, 0x0862, 0x0862, 0x0862, 0x0862,
  0x0862, 0x0862, 0x0862, 0x0862, 0x0862, 0x0862, 0x0862, 0x0862, 0x0862, 0x0862, 0x0862, 0x0862, 0x0862, 0x0862, 0x0862, 0x0862,
  0x0862, 0x0862, 0x0862, 0x0862, 0x0862, 0x0862, 0x0862, 0x0862, 0x0862, 0x0862, 0x0862, 0x0862, 0x0862, 0x0862, 0x0862, 0x0862,
  0x0862, 0x0862, 0x0862, 0x0862, 0x0862, 0x0862, 0x0862, 0x0862, 0x0862, 0x0862, 0x0862, 0x0862, 0x0862, 0x0862, 0x0862, 0x0862,
  0x0862, 0x0862, 0x0862, 0x0862, 0x0862, 0x0862, 0x0862, 0x0862, 0x0862, 0x0862, 0x0862, 0x0862, 0x0862, 0x0862, 0x0862, 0x0862,
  0x0862, 0x0862, 0x0862, 0x0862, 0x0862, 0x0862, 0x0862, 0x0862, 0x0862, 0x0862, 0x0862, 0x0862, 0x0862, 0x0862, 0x0862, 0x0862,
  0x0862, 0x0862, 0x0862, 0x0862, 0x0862, 0x0862, 0x0862, 0x0862, 0x0862, 0x0862, 0x0862, 0x0862, 0x0862, 0x0862, 0x0862, 0x0862,
  0x0862, 0x0862, 0x0862, 0x0862, 0x0862, 0x0862, 0x0862, 0x0862, 0x0862, 0x0862, 0x0862, 0x0862, 0x0862, 0x0862, 0x0862, 0x0862,
  0x0862, 0x0862, 0x0862, 0x0862, 0x0862, 0x0862, 0x0862, 0x0862, 0x0862, 0x0862, 0x1062, 0x1062, 0x1062, 0x1062, 0x1062, 0x1862,
  0x1882, 0x1882, 0x2082, 0x2082, 0x2082, 0x2082, 0x28A2, 0x28A2, 0x30C2, 0x30C2, 0x30C2, 0x30C2, 0x30A2, 0x30A2, 0x30A2, 0x30A2,
  0x30A2, 0x38C2, 0x40E2, 0x4102, 0x4922, 0x5962, 0x6162, 0x6162, 0x6182, 0x6982, 0x79C2, 0x9222, 0xEB82, 0xFDA4, 0xFFC7, 0xFCE3,
  0xE382, 0xFBA2, 0xFB61, 0xFB41, 0xF301, 0xD281, 0xAA01, 0x8180, 0x91C0, 0xF2E1, 0xFAA1, 0xFAA1, 0xCA20, 0x3060, 0x2860, 0x2860,
  0xDA60, 0xFAC1, 0xEA81, 0x2040, 0x1840, 0xE280, 0xFAC1, 0xF2C1, 0xF2E1, 0xF2E1, 0xF2E1, 0xFB01, 0xFB21, 0xFB01, 0xE2A1, 0xAA20,
  0x7160, 0x2880, 0x0000, 0x0000, 0x0800, 0x48E0, 0x99E0, 0xDAC1, 0xFB41, 0xFB61, 0xFB41, 0xFB41, 0xFB61, 0xF321, 0x9A01, 0x2880,
  0x0000, 0x0000, 0x0800, 0x0000, 0x5120, 0x9A21, 0x1040, 0x1860, 0xBAA1, 0x1860, 0x0000, 0xBAC1, 0x38C0, 0x6160, 0xE341, 0x1860,
  0x5140, 0x0000, 0x69A0, 0xFC02, 0xD321, 0x79E1, 0x28A0, 0x0000, 0x0000, 0x30C0, 0xE381, 0xA281, 0x38E0, 0x0820, 0x0000, 0x28A0,
  0xBB01, 0xFC62, 0xC321, 0x30C0, 0x1020, 0x8201, 0xF3E2, 0xFC42, 0xF3E2, 0xF3E2, 0xF402, 0xF402, 0xF402, 0xF402, 0xFC22, 0xD381,
  0x0800, 0xCB61, 0xFC82, 0x4940, 0x0000, 0x0000, 0x69C1, 0xEC22, 0xFCA2, 0xD3C2, 0x1860, 0x8241, 0xF442, 0xFC82, 0xF442, 0xF442,
  0xF442, 0xFC42, 0xFC62, 0xFC82, 0xFC82, 0xFCA2, 0xFCA2, 0xF462, 0xE422, 0xCBC2, 0xA2E1, 0xC382, 0xF482, 0xE482, 0xE4A3, 0xE482,
  0xE482, 0xE482, 0xE4E3, 0xA3A2, 0x6AC2, 0x7302, 0x7B23, 0x6282, 0x3982, 0x28E2, 0x18A2, 0x1062, 0x1062, 0x1062, 0x1082, 0x20E2,
  0x3162, 0x10A2, 0x1082, 0x0862, 0x0862, 0x0862, 0x0862, 0x0862, 0x0862, 0x0862, 0x0862, 0x0862, 0x0862, 0x0862, 0x0862, 0x0862,
  0x0862, 0x0862, 0x0862, 0x0862, 0x0862, 0x0862, 0x0862, 0x0862, 0x0862, 0x0862, 0x0862, 0x0862, 0x0862, 0x0862, 0x0862, 0x0862,
  0x0862, 0x0862, 0x0862, 0x0862, 0x0862, 0x0862, 0x0862, 0x0862, 0x0862, 0x0862, 0x0862, 0x0862, 0x0862, 0x0862, 0x0862, 0x0862,
  0x0862, 0x0862, 0x0862, 0x0862, 0x0862, 0x0862, 0x0862, 0x0862, 0x0862, 0x0862, 0x0862, 0x0862, 0x0862, 0x0862, 0x0862, 0x0862,
  0x0862, 0x0862, 0x0862, 0x0862, 0x0862, 0x0862, 0x0862, 0x0862, 0x0862, 0x0862, 0x0862, 0x0862, 0x0862, 0x0862, 0x0862, 0x0862,
  0x0862, 0x0862, 0x0862, 0x0862, 0x0862, 0x0862, 0x0862, 0x0862, 0x0862, 0x0862, 0x0862, 0x0862, 0x0862, 0x0862, 0x0862, 0x0862,
  0x0862, 0x0862, 0x0862, 0x0862, 0x0862, 0x0862, 0x0862, 0x0862, 0x0862, 0x0862, 0x0862, 0x0862, 0x0862, 0x0862, 0x0862, 0x0862,
  0x0862, 0x0862, 0x0862, 0x0862, 0x0862, 0x0862, 0x0862, 0x0862, 0x0862, 0x0862, 0x0862, 0x0862, 0x0862, 0x0862, 0x0862, 0x0862,
  0x0862, 0x0862, 0x0862, 0x0862, 0x0862, 0x0862, 0x0862, 0x0862, 0x0862, 0x1062, 0x1062, 0x1062, 0x1062, 0x1062, 0x1062, 0x1862,
  0x1882, 0x1882, 0x2082, 0x2082, 0x2082, 0x2082, 0x28A2, 0x28A2, 0x30C2, 0x30C2, 0x30C2, 0x30C2, 0x30A2, 0x30A2, 0x30A2, 0x30A2,
  0x30A2, 0x38C2, 0x40E2, 0x4102, 0x4922, 0x5962, 0x6182, 0x6162, 0x6162, 0x6982, 0x71C2, 0x9222, 0xEB82, 0xFDE6, 0xFFA7, 0xF483,
  0xE362, 0xFBA2, 0xFB41, 0xFB41, 0xD2A1, 0xEAE1, 0xFB01, 0xFAC1, 0xFB01, 0xF2E1, 0xFAA1, 0xFAC1, 0xA9C0, 0x2840, 0x2840, 0x48A0,
  0xF2A1, 0xFAE1, 0xC220, 0x0000, 0x6100, 0xFB21, 0xFB01, 0xFB01, 0xFB01, 0xFAE1, 0xF2E1, 0xF2E1, 0xF2E1, 0xF2E1, 0xFB01, 0xFB21,
  0xFB41, 0xFB01, 0xCA81, 0x81A0, 0x38A0, 0x0000, 0x0000, 0x0000, 0x38C0, 0x81C0, 0xCAA1, 0xFB41, 0xFB81, 0xFB81, 0xFB81, 0xF341,
  0x9201, 0x2080, 0x0000, 0x0000, 0x0000, 0x28A0, 0x5940, 0x0000, 0x30C0, 0x81C1, 0x0000, 0x30A0, 0xC2E1, 0x0000, 0xAA81, 0x2080,
  0x4100, 0x0000, 0x6980, 0xFBE2, 0xFBC1, 0xFC02, 0xF3C1, 0xB2C1, 0x4100, 0x0000, 0x1860, 0x30C0, 0x0000, 0x0000, 0x8221, 0xFC22,
  0xDB81, 0x4100, 0x0000, 0x61A0, 0xE3A2, 0xFC42, 0xFC02, 0xF3E2, 0xF3E2, 0xF402, 0xF402, 0xF402, 0xF402, 0xF402, 0xFC22, 0xFC82,
  0x4920, 0x69A0, 0xFCC2, 0xA2C1, 0x0000, 0x4920, 0xCB82, 0xFC62, 0xEC22, 0xEC42, 0xE402, 0xFCA2, 0xFC82, 0xFC82, 0xFCA2, 0xFCA2,
  0xFC82, 0xF442, 0xDBE2, 0xBB62, 0xA2C1, 0x7A21, 0x5960, 0x30E0, 0x1860, 0x1020, 0x0000, 0x69C1, 0xFCC2, 0xE482, 0xE4C3, 0xE482,
  0xE482, 0xE4A2, 0xECE3, 0xABE3, 0x6AA2, 0x72E2, 0x7B22, 0x6AA2, 0x41A2, 0x2902, 0x18A2, 0x1062, 0x1062, 0x1062, 0x1082, 0x18C2,
  0x3162, 0x18C2, 0x1082, 0x0862, 0x0862, 0x0862, 0x0862, 0x0862, 0x0862, 0x0862, 0x0862, 0x0862, 0x0862, 0x0862, 0x0862, 0x0862,
  0x0862, 0x0862, 0x0862, 0x0862, 0x0862, 0x0862, 0x0862, 0x0862, 0x0862, 0x0862, 0x0862, 0x0862, 0x0862, 0x0862, 0x0862, 0x0862,
  0x0862, 0x0862, 0x0862, 0x0862, 0x0862, 0x0862, 0x0862, 0x0862, 0x0862, 0x0862, 0x0862, 0x0862, 0x0862, 0x0862, 0x0862, 0x0862,
  0x0862, 0x0862, 0x0862, 0x0862, 0x0862, 0x0862, 0x0862, 0x0862, 0x0862, 0x0862, 0x0862, 0x0862, 0x0862, 0x0862, 0x0862, 0x0862,
  0x0862, 0x0862, 0x0862, 0x0862, 0x0862, 0x0862, 0x0862, 0x0862, 0x0862, 0x0862, 0x0862, 0x0862, 0x0862, 0x0862, 0x0862, 0x0862,
  0x0862, 0x0862, 0x0862, 0x0862, 0x0862, 0x0862, 0x0862, 0x0862, 0x0862, 0x0862, 0x0862, 0x0862, 0x0862, 0x0862, 0x0862, 0x0862,
  0x0862, 0x0862, 0x0862, 0x0862, 0x0862, 0x0862, 0x0862, 0x0862, 0x0862, 0x0862, 0x0862, 0x0862, 0x0862, 0x0862, 0x0862, 0x0862,
  0x0862, 0x0862, 0x0862, 0x0862, 0x0862, 0x0862, 0x0862, 0x0862, 0x0862, 0x0862, 0x0862, 0x0862, 0x0862, 0x0862, 0x0862, 0x0862,
  0x0862, 0x0862, 0x0862, 0x0862, 0x0862, 0x0862, 0x0862, 0x0862, 0x0862, 0x1062, 0x1062, 0x1062, 0x1062, 0x1062, 0x1062, 0x1862,
  0x1882, 0x1882, 0x2082, 0x2082, 0x2082, 0x2082, 0x28A2, 0x28A2, 0x30C2, 0x30C2, 0x30C2, 0x30C2, 0x30C2, 0x30C2, 0x30A2, 0x30A2,
  0x30A2, 0x38C2, 0x40E2, 0x4102, 0x4922, 0x5962, 0x6182, 0x6162, 0x6162, 0x6982, 0x71C2, 0x9222, 0xEB62, 0xFE27, 0xFFA8, 0xF422,
  0xDB62, 0xFBA2, 0xFB41, 0xFB61, 0xB261, 0x99E1, 0xFAE1, 0xF2C1, 0xF2E1, 0xFB21, 0xCA20, 0xA9C0, 0x99A0, 0x2040, 0x2040, 0x6900,
  0xFAC1, 0xFAE1, 0x8160, 0x0000, 0x3080, 0x6940, 0x91A0, 0xBA20, 0xDA81, 0xF2E1, 0xFB01, 0xFB21, 0xFB41, 0xFB21, 0xFB21, 0xFB01,
  0xF301, 0xF321, 0xFB41, 0xFB61, 0xFB41, 0xD2C1, 0x91E0, 0x48E0, 0x0000, 0x0000, 0x0000, 0x2880, 0x7180, 0xBA81, 0xF341, 0xFBA1,
  0xFBC2, 0xF361, 0x9201, 0x2060, 0x0000, 0x0000, 0x40E0, 0x89E1, 0x0000, 0x40E0, 0x40E0, 0x0000, 0x9221, 0x81E0, 0x0000, 0x2080,
  0x71C0, 0x0000, 0x6180, 0xFC02, 0xF3A1, 0xF3A1, 0xF3C2, 0xFC02, 0xFC02, 0x79E1, 0x0000, 0x0000, 0x4940, 0xE3A2, 0xEBE2, 0x5980,
  0x0000, 0x4940, 0xD361, 0xFC42, 0xFC02, 0xF3E2, 0xF402, 0xFC02, 0xFC22, 0xFC42, 0xFC62, 0xFC62, 0xFC62, 0xFC22, 0xE3C2, 0xD381,
  0x61A0, 0x0800, 0xE402, 0xEC02, 0xCB82, 0xFC82, 0xFC82, 0xFC82, 0xFCA2, 0xFCA2, 0xFC82, 0xE422, 0xCBA2, 0xB321, 0x8A81, 0x69C1,
  0x4920, 0x30A0, 0x1840, 0x0800, 0x0000, 0x0000, 0x0000, 0x0000, 0x0800, 0x1020, 0x0000, 0x5980, 0xFCA2, 0xEC82, 0xE4C3, 0xE482,
  0xE4A2, 0xE4A3, 0xE4E3, 0xB403, 0x62A2, 0x72C2, 0x7302, 0x72E2, 0x49E2, 0x2902, 0x20A2, 0x1082, 0x1062, 0x1062, 0x1082, 0x10A2,
  0x3142, 0x2102, 0x1082, 0x1062, 0x0862, 0x0862, 0x0862, 0x0862, 0x0862, 0x0862, 0x0862, 0x0862, 0x0862, 0x0862, 0x0862, 0x0862,
  0x0862, 0x0862, 0x0862, 0x0862, 0x0862, 0x0862, 0x0862, 0x0862, 0x0862, 0x0862, 0x0862, 0x0862, 0x0862, 0x0862, 0x0862, 0x0862,
  0x0862, 0x0862, 0x0862, 0x0862, 0x0862, 0x0862, 0x0862, 0x0862, 0x0862, 0x0862, 0x0862, 0x0862, 0x0862, 0x0862, 0x0862, 0x0862,
  0x0862, 0x0862, 0x0862, 0x0862, 0x0862, 0x0862, 0x0862, 0x0862, 0x0862, 0x0862, 0x0862, 0x0862, 0x0862, 0x0862, 0x0862, 0x0862,
  0x0862, 0x0862, 0x0862, 0x0862, 0x0862, 0x0862, 0x0862, 0x0862, 0x0862, 0x0862, 0x0862, 0x0862, 0x0862, 0x0862, 0x0862, 0x0862,
  0x0862, 0x0862, 0x0862, 0x0862, 0x0862, 0x0862, 0x0862, 0x0862, 0x0862, 0x0862, 0x0862, 0x0862, 0x0862, 0x0862, 0x0862, 0x0862,
  0x0862, 0x0862, 0x0862, 0x0862, 0x0862, 0x0862, 0x0862, 0x0862, 0x0862, 0x0862, 0x0862, 0x0862, 0x0862, 0x0862, 0x0862, 0x0862,
  0x0862, 0x0862, 0x0862, 0x0862, 0x0862, 0x0862, 0x0862, 0x0862, 0x0862, 0x0862, 0x0862, 0x0862, 0x0862, 0x0862, 0x0862, 0x0862,
  0x0862, 0x0862, 0x0862, 0x0862, 0x0862, 0x0862, 0x0862, 0x0862, 0x0862, 0x0862, 0x0862, 0x1062, 0x1062, 0x1062, 0x1062, 0x1862,
  0x1882, 0x1882, 0x2082, 0x2082, 0x2082, 0x2082, 0x28A2, 0x28A2, 0x30C2, 0x30C2, 0x30C2, 0x30C2, 0x30C2, 0x30C2, 0x30A2, 0x30A2,
  0x30A2, 0x38C2, 0x40E2, 0x4902, 0x4922, 0x5962, 0x6182, 0x6162, 0x6162, 0x6982, 0x71C2, 0x9222, 0xEB41, 0xFE27, 0xFF89, 0xEC02,
  0xDB42, 0xFBA2, 0xFB41, 0xFB41, 0xB261, 0x6961, 0xC241, 0xFAE1, 0xFB01, 0xCA81, 0x3060, 0x99A0, 0x8960, 0x2040, 0x2040, 0x8960,
  0xFAE1, 0xFAC1, 0x7140, 0x1820, 0x0800, 0x0000, 0x0000, 0x0000, 0x0000, 0x2040, 0x40C0, 0x6940, 0x91C0, 0xBA41, 0xDAC1, 0xF301,
  0xFB41, 0xFB61, 0xFB61, 0xFB41, 0xFB41, 0xFB61, 0xFB61, 0xFB61, 0xDB01, 0xA221, 0x5920, 0x1040, 0x0000, 0x0000, 0x1860, 0x6160,
  0xAA61, 0xEB41, 0xFBE2, 0xFBA1, 0x9A21, 0x2060, 0xB281, 0x8A01, 0x0000, 0x79C0, 0xCAE1, 0x0000, 0x0000, 0xBAC1, 0x9A61, 0xEB81,
  0xE361, 0x0000, 0x6180, 0xFC22, 0xFBE2, 0xFC02, 0xFC22, 0xF3E2, 0xF3E2, 0xFC22, 0x7A01, 0x9A61, 0xF402, 0x7A01, 0x0000, 0x30E0,
  0xC321, 0xFC62, 0xFC62, 0xFC42, 0xFC62, 0xFC62, 0xFC22, 0xEBE2, 0xD361, 0xB2E1, 0x8A21, 0x6180, 0x4100, 0x2880, 0x1860, 0x1860,
  0x30C0, 0x5160, 0xDBC2, 0xFC82, 0xFC42, 0xDBE2, 0xC361, 0xA2C1, 0x7A21, 0x5980, 0x30E0, 0x1860, 0x0800, 0x0000, 0x0000, 0x0000,
  0x0000, 0x0000, 0x1000, 0x1020, 0x1020, 0x1820, 0x1020, 0x1000, 0x0800, 0x1020, 0x0000, 0x4120, 0xF4A2, 0xEC82, 0xE4C3, 0xE4A3,
  0xE4A2, 0xE4A3, 0xE4E3, 0xC422, 0x62A2, 0x6AC2, 0x72E2, 0x72E2, 0x5202, 0x3122, 0x20C2, 0x1082, 0x1062, 0x1062, 0x1082, 0x1082,
  0x2922, 0x3142, 0x1082, 0x1082, 0x0862, 0x0862, 0x0862, 0x0862, 0x0862, 0x0862, 0x0862, 0x0862, 0x0862, 0x0862, 0x0862, 0x0862,
  0x0862, 0x0862, 0x0862, 0x0862, 0x0862, 0x0862, 0x0862, 0x0862, 0x0862, 0x0862, 0x0862, 0x0862, 0x0862, 0x0862, 0x0862, 0x0862,
  0x0862, 0x0862, 0x0862, 0x0862, 0x0862, 0x0862, 0x0862, 0x0862, 0x0862, 0x0862, 0x0862, 0x0862, 0x0862, 0x0862, 0x0862, 0x0862,
  0x0862, 0x0862, 0x0862, 0x0862, 0x0862, 0x0862, 0x0862, 0x0862, 0x0862, 0x0862, 0x0862, 0x0862, 0x0862, 0x0862, 0x0862, 0x0862,
  0x0862, 0x0862, 0x0862, 0x0862, 0x0862, 0x0862, 0x0862, 0x0862, 0x0862, 0x0862, 0x0862, 0x0862, 0x0862, 0x0862, 0x0862, 0x0862,
  0x0862, 0x0862, 0x0862, 0x0862, 0x0862, 0x0862, 0x0862, 0x0862, 0x0862, 0x0862, 0x0862, 0x0862, 0x0862, 0x0862, 0x0862, 0x0862,
  0x0862, 0x0862, 0x0862, 0x0862, 0x0862, 0x0862, 0x0862, 0x0862, 0x0862, 0x0862, 0x0862, 0x0862, 0x0862, 0x0862, 0x0862, 0x0862,
  0x0862, 0x0862, 0x0862, 0x0862, 0x0862, 0x0862, 0x0862, 0x0862, 0x0862, 0x0862, 0x0862, 0x0862, 0x0862, 0x0862, 0x0862, 0x0862,
  0x0862, 0x0862, 0x0862, 0x0862, 0x0862, 0x0862, 0x0862, 0x0862, 0x0862, 0x0862, 0x0862, 0x1062, 0x1062, 0x1062, 0x1062, 0x1862,
  0x1882, 0x1882, 0x2082, 0x2082, 0x2082, 0x2082, 0x28A2, 0x28A2, 0x30C2, 0x30C2, 0x38C2, 0x30C2, 0x30C2, 0x30C2, 0x30A2, 0x30A2,
  0x30A2, 0x38C2, 0x40E2, 0x4902, 0x4922, 0x5962, 0x6182, 0x6162, 0x6162, 0x6182, 0x71A2, 0x9222, 0xE341, 0xFE27, 0xFF68, 0xEBE2,
  0xDB42, 0xFBA2, 0xFB41, 0xFB41, 0xBA61, 0x7181, 0x6140, 0xEAA1, 0xC261, 0x4920, 0x1840, 0xBA00, 0x7120, 0x2040, 0x2040, 0xA1C0,
  0xFAE1, 0xF2C1, 0xF2C1, 0xE2A1, 0xCA60, 0xAA00, 0x8180, 0x5900, 0x38A0, 0x1020, 0x0000, 0x0000, 0x0000, 0x0000, 0x0000, 0x2060,
  0x40E0, 0x7160, 0x9A00, 0xC281, 0xDAE1, 0xF341, 0xFB61, 0xFB81, 0xFBA1, 0xFBA1, 0xFBA1, 0xEB41, 0xB261, 0x6160, 0x1860, 0x0000,
  0x0000, 0x0820, 0x5120, 0xA241, 0xEB61, 0xFBA2, 0xD301, 0x0000, 0x28A0, 0xFBA1, 0x4920, 0x0000, 0x5120, 0xEBA1, 0xFC02, 0xFC02,
  0xEB81, 0x1040, 0x1860, 0x38E0, 0x30E0, 0x5960, 0xA281, 0xF3E2, 0xFC22, 0xF3E2, 0xFC42, 0xF3E2, 0x1880, 0x28A0, 0xBB21, 0xFC62,
  0xFC22, 0xD382, 0xB301, 0x9261, 0x69C1, 0x4100, 0x20A0, 0x1860, 0x1840, 0x2080, 0x4100, 0x6180, 0x8221, 0xA2A1, 0xB321, 0xBB21,
  0xB301, 0x9AA1, 0x71E1, 0x4940, 0x30A0, 0x1840, 0x0000, 0x0000, 0x0000, 0x0000, 0x0000, 0x0000, 0x0000, 0x0800, 0x0800, 0x0800,
  0x0800, 0x0800, 0x1020, 0x1020, 0x1000, 0x1020, 0x1020, 0x1000, 0x0800, 0x0800, 0x0000, 0x30C0, 0xF482, 0xEC82, 0xE4C3, 0xE4A3,
  0xE4A2, 0xE4A2, 0xE4E3, 0xC442, 0x6A82, 0x6AC2, 0x6AC2, 0x72E2, 0x5A42, 0x3142, 0x20C2, 0x1882, 0x1062, 0x1062, 0x1062, 0x1082,
  0x20E2, 0x3982, 0x18A2, 0x1082, 0x0862, 0x0862, 0x0862, 0x0862, 0x0862, 0x0862, 0x0862, 0x0862, 0x0862, 0x0862, 0x0862, 0x0862,
  0x0862, 0x0862, 0x0862, 0x0862, 0x0862, 0x0862, 0x0862, 0x0862, 0x0862, 0x0862, 0x0862, 0x0862, 0x0862, 0x0862, 0x0862, 0x0862,
  0x0862, 0x0862, 0x0862, 0x0862, 0x0862, 0x0862, 0x0862, 0x0862, 0x0862, 0x0862, 0x0862, 0x0862, 0x0862, 0x0862, 0x0862, 0x0862,
  0x0862, 0x0862, 0x0862, 0x0862, 0x0862, 0x0862, 0x0862, 0x0862, 0x0862, 0x0862, 0x0862, 0x0862, 0x0862, 0x0862, 0x0862, 0x0862,
  0x0862, 0x0862, 0x0862, 0x0862, 0x0862, 0x0862, 0x0862, 0x0862, 0x0862, 0x0862, 0x0862, 0x0862, 0x0862, 0x0862, 0x0862, 0x0862,
  0x0862, 0x0862, 0x0862, 0x0862, 0x0862, 0x0862, 0x0862, 0x0862, 0x0862, 0x0862, 0x0862, 0x0862, 0x0862, 0x0862, 0x0862, 0x0862,
  0x0862, 0x0862, 0x0862, 0x0862, 0x0862, 0x0862, 0x0862, 0x0862, 0x0862, 0x0862, 0x0862, 0x0862, 0x0862, 0x0862, 0x0862, 0x0862,
  0x0862, 0x0862, 0x0862, 0x0862, 0x0862, 0x0862, 0x0862, 0x0862, 0x0862, 0x0862, 0x0862, 0x0862, 0x0862, 0x0862, 0x0862, 0x0862,
  0x0862, 0x0862, 0x0862, 0x0862, 0x0862, 0x0862, 0x0862, 0x0862, 0x0862, 0x0862, 0x1062, 0x1062, 0x1062, 0x1062, 0x1062, 0x1862,
  0x1882, 0x1882, 0x2082, 0x2082, 0x2082, 0x2082, 0x28A2, 0x28A2, 0x30C2, 0x30C2, 0x38C2, 0x38C2, 0x30C2, 0x30C2, 0x30A2, 0x30A2,
  0x30A2, 0x38C2, 0x40E2, 0x4902, 0x4922, 0x5962, 0x6182, 0x6162, 0x6162, 0x6182, 0x71A2, 0x8A22, 0xE321, 0xFDE6, 0xFF68, 0xEBC2,
  0xDB42, 0xFBC2, 0xFB41, 0xFB21, 0xD2A1, 0x89E1, 0x5900, 0x6120, 0x5100, 0x38E0, 0x6920, 0xEAA1, 0x50C0, 0x2040, 0x2040, 0xBA00,
  0xFB01, 0xFAC1, 0xFAE1, 0xFAE1, 0xFB01, 0xFB21, 0xFB21, 0xFB21, 0xFB01, 0xEAE1, 0xCA81, 0xAA21, 0x89A0, 0x6120, 0x38A0, 0x1040,
  0x0000, 0x0000, 0x0000, 0x0000, 0x0000, 0x2060, 0x4900, 0x7180, 0xA221, 0xC2A1, 0xE321, 0xFB81, 0xFBC1, 0xFBE2, 0xFBA1, 0xCAE1,
  0x79C1, 0x28A0, 0x0000, 0x0000, 0x0000, 0x4920, 0x4100, 0x0000, 0xBAC1, 0x79C0, 0x0000, 0x38E0, 0xFBC1, 0xFBC1, 0xFBE2, 0xCB21,
  0x30C0, 0x0000, 0x0000, 0x0000, 0x0000, 0x0000, 0x0000, 0x30C0, 0xCB41, 0xFC22, 0xF3E2, 0xF402, 0x28A0, 0x3900, 0x61A0, 0x28A0,
  0x1040, 0x1040, 0x1860, 0x30C0, 0x5160, 0x7A01, 0x9AA1, 0xB301, 0xC341, 0xC341, 0xB301, 0x9A81, 0x79E1, 0x5140, 0x30C0, 0x1040,
  0x0000, 0x0000, 0x0000, 0x0000, 0x0000, 0x0800, 0x0800, 0x0820, 0x0800, 0x0800, 0x0800, 0x0000, 0x0000, 0x0000, 0x0000, 0x0000,
  0x0800, 0x0800, 0x1020, 0x1020, 0x1000, 0x1020, 0x1020, 0x1000, 0x0800, 0x0800, 0x0800, 0x28A0, 0xEC62, 0xECA2, 0xE4C3, 0xE4C3,
  0xE4A2, 0xE4C3, 0xE4E3, 0xCC63, 0x6A82, 0x6AA2, 0x6AA2, 0x72E2, 0x6262, 0x3962, 0x20E2, 0x1882, 0x1062, 0x1062, 0x1062, 0x1082,
  0x18C2, 0x3982, 0x20E2, 0x1082, 0x0882, 0x0862, 0x0862, 0x0862, 0x0862, 0x0862, 0x0862, 0x0862, 0x0862, 0x0862, 0x0862, 0x0862,
  0x0862, 0x0862, 0x0862, 0x0862, 0x0862, 0x0862, 0x0862, 0x0862, 0x0862, 0x0862, 0x0862, 0x0862, 0x0862, 0x0862, 0x0862, 0x0862,
  0x0862, 0x0862, 0x0862, 0x0862, 0x0862, 0x0862, 0x0862, 0x0862, 0x0862, 0x0862, 0x0862, 0x0862, 0x0862, 0x0862, 0x0862, 0x0862,
  0x0862, 0x0862, 0x0862, 0x0862, 0x0862, 0x0862, 0x0862, 0x0862, 0x0862, 0x0862, 0x0862, 0x0862, 0x0862, 0x0862, 0x0862, 0x0862,
  0x0862, 0x0862, 0x0862, 0x0862, 0x0862, 0x0862, 0x0862, 0x0862, 0x0862, 0x0862, 0x0862, 0x0862, 0x0862, 0x0862, 0x0862, 0x0862,
  0x0862, 0x0862, 0x0862, 0x0862, 0x0862, 0x0862, 0x0862, 0x0862, 0x0862, 0x0862, 0x0862, 0x0862, 0x0862, 0x0862, 0x0862, 0x0862,
  0x0862, 0x0862, 0x0862, 0x0862, 0x0862, 0x0862, 0x0862, 0x0862, 0x0862, 0x0862, 0x0862, 0x0862, 0x0862, 0x0862, 0x0862, 0x0862,
  0x0862, 0x0862, 0x0862, 0x0862, 0x0862, 0x0862, 0x0862, 0x0862, 0x0862, 0x0862, 0x0862, 0x0862, 0x0862, 0x0862, 0x0862, 0x0862,
  0x0862, 0x0862, 0x0862, 0x0862, 0x0862, 0x0862, 0x0862, 0x0862, 0x0862, 0x1062, 0x1062, 0x1062, 0x1062, 0x1062, 0x1062, 0x1862,
  0x1862, 0x1882, 0x2082, 0x2082, 0x2082, 0x2082, 0x2882, 0x28A2, 0x30A2, 0x30C2, 0x38C2, 0x38C2, 0x30C2, 0x30C2, 0x30A2, 0x30A2,
  0x30A2, 0x38C2, 0x40E2, 0x4902, 0x4922, 0x5962, 0x6182, 0x6162, 0x6162, 0x6182, 0x71A2, 0x8A02, 0xE322, 0xFDA4, 0xFF67, 0xEBE2,
  0xDB42, 0xFBC2, 0xFB41, 0xF321, 0xA221, 0xB241, 0x6940, 0x48E0, 0x38C0, 0x81C1, 0xF2E1, 0xF2C1, 0x4080, 0x2040, 0x2040, 0xCA41,
  0xFB01, 0xFAE1, 0xFAE1, 0xFAE1, 0xF2E1, 0xF301, 0xF301, 0xF301, 0xFB21, 0xFB21, 0xFB41, 0xFB41, 0xFB61, 0xFB61, 0xFB41, 0xEB01,
  0xD2C1, 0xB241, 0x89C0, 0x6140, 0x38C0, 0x1040, 0x0000, 0x0000, 0x0000, 0x0000, 0x0800, 0x2880, 0x4900, 0x79A1, 0xAA61, 0xDB01,
  0xFB81, 0xFBA2, 0xDB41, 0x9A41, 0x4920, 0x0800, 0x0000, 0x1040, 0xB2C1, 0x0000, 0x0820, 0xD321, 0xFBE2, 0xFBE2, 0xCB21, 0x0820,
  0x0000, 0x0000, 0x38E0, 0x61A0, 0x61A0, 0x38E0, 0x0000, 0x0000, 0x1040, 0xCB61, 0xFC22, 0xFC42, 0xB2E1, 0x4120, 0x69C1, 0x9261,
  0xB301, 0xC361, 0xCB62, 0xC341, 0xAAE1, 0x8A41, 0x61A1, 0x3900, 0x1860, 0x0800, 0x0000, 0x0000, 0x0000, 0x0000, 0x0000, 0x0800,
  0x0800, 0x0820, 0x0820, 0x1020, 0x0800, 0x0800, 0x0800, 0x0800, 0x0800, 0x0000, 0x0000, 0x0000, 0x0000, 0x0000, 0x0000, 0x0000,
  0x0800, 0x0800, 0x1020, 0x1020, 0x1020, 0x1020, 0x1020, 0x1000, 0x0800, 0x0800, 0x0800, 0x2080, 0xE462, 0xECA2, 0xE4C3, 0xE4C3,
  0xE4A3, 0xE4C3, 0xE4E3, 0xCC83, 0x6A82, 0x6A82, 0x6AA2, 0x72E2, 0x6282, 0x3982, 0x28E2, 0x18A2, 0x1062, 0x1062, 0x1062, 0x1082,
  0x10A2, 0x3162, 0x2922, 0x1082, 0x1062, 0x0862, 0x0862, 0x0862, 0x0862, 0x0862, 0x0862, 0x0862, 0x0862, 0x0862, 0x0862, 0x0862,
  0x0862, 0x0862, 0x0862, 0x0862, 0x0862, 0x0862, 0x0862, 0x0862, 0x0862, 0x0862, 0x0862, 0x0862, 0x0862, 0x0862, 0x0862, 0x0862,
  0x0862, 0x0862, 0x0862, 0x0862, 0x0862, 0x0862, 0x0862, 0x0862, 0x0862, 0x0862, 0x0862, 0x0862, 0x0862, 0x0862, 0x0862, 0x0862,
  0x0862, 0x0862, 0x0862, 0x0862, 0x0862, 0x0862, 0x0862, 0x0862, 0x0862, 0x0862, 0x0862, 0x0862, 0x0862, 0x0862, 0x0862, 0x0862,
  0x0862, 0x0862, 0x0862, 0x0862, 0x0862, 0x0862, 0x0862, 0x0862, 0x0862, 0x0862, 0x0862, 0x0862, 0x0862, 0x0862, 0x0862, 0x0862,
  0x0862, 0x0862, 0x0862, 0x0862, 0x0862, 0x0862, 0x0862, 0x0862, 0x0862, 0x0862, 0x0862, 0x0862, 0x0862, 0x0862, 0x0862, 0x0862,
  0x0862, 0x0862, 0x0862, 0x0862, 0x0862, 0x0862, 0x0862, 0x0862, 0x0862, 0x0862, 0x0862, 0x0862, 0x0862, 0x0862, 0x0862, 0x0862,
  0x0862, 0x0862, 0x0862, 0x0862, 0x0862, 0x0862, 0x0862, 0x0862, 0x0862, 0x0862, 0x0862, 0x0862, 0x0862, 0x0862, 0x0862, 0x0862,
  0x0862, 0x0862, 0x0862, 0x0862, 0x0862, 0x0862, 0x0862, 0x0862, 0x0862, 0x0862, 0x1062, 0x1062, 0x1062, 0x1062, 0x1062, 0x1862,
  0x1862, 0x1882, 0x2082, 0x2082, 0x2082, 0x2082, 0x2082, 0x28A2, 0x30A2, 0x30C2, 0x38C2, 0x38C2, 0x38C2, 0x30C2, 0x30C2, 0x30A2,
  0x30A2, 0x38C2, 0x40E2, 0x4902, 0x4922, 0x5962, 0x6182, 0x6162, 0x5962, 0x6162, 0x69A2, 0x8202, 0xDB22, 0xFD63, 0xFF66, 0xEC02,
  0xDB42, 0xFBC2, 0xFB41, 0xF301, 0x91E1, 0x9A01, 0xAA01, 0x40A0, 0x7980, 0xFB21, 0xFB01, 0xE2A1, 0x3880, 0x2040, 0x2840, 0xD261,
  0xFB01, 0xFAE1, 0xFAE1, 0xFB01, 0xFB01, 0xFB01, 0xFB01, 0xFB21, 0xFB21, 0xFB21, 0xF321, 0xF321, 0xF321, 0xF321, 0xFB41, 0xFB41,
  0xFB61, 0xFB81, 0xFB81, 0xFB81, 0xFB81, 0xF341, 0xD2E1, 0xB281, 0x9201, 0x6160, 0x38C0, 0x1840, 0x0000, 0x0000, 0x0000, 0x0000,
  0x0000, 0x28A0, 0x6160, 0x9221, 0xB2A1, 0xBAC1, 0x8201, 0x9221, 0x69A0, 0x0000, 0x5140, 0xFC02, 0xF3C2, 0xF3C2, 0x28A0, 0x0000,
  0x1040, 0x8A41, 0x8201, 0x4940, 0x4940, 0x8221, 0x8A41, 0x0820, 0x0000, 0x30C0, 0xF402, 0xEBE2, 0xD381, 0xBB21, 0x9AA1, 0x7A01,
  0x5160, 0x28C0, 0x1040, 0x0000, 0x0000, 0x0000, 0x0000, 0x0000, 0x0000, 0x0800, 0x0820, 0x1020, 0x1020, 0x1020, 0x1020, 0x1020,
  0x1020, 0x1020, 0x1020, 0x1020, 0x1020, 0x1020, 0x1020, 0x0820, 0x0820, 0x0800, 0x0800, 0x0800, 0x0800, 0x0800, 0x0800, 0x0800,
  0x0800, 0x0800, 0x1020, 0x1820, 0x1020, 0x1020, 0x1020, 0x1020, 0x1000, 0x1000, 0x0800, 0x2060, 0xE442, 0xF4C2, 0xE4C3, 0xE4C3,
  0xE4A3, 0xE4C3, 0xE4E3, 0xD483, 0x6A82, 0x6A82, 0x6282, 0x72C2, 0x6A82, 0x41A2, 0x28E2, 0x18A2, 0x1062, 0x1062, 0x1062, 0x1082,
  0x1082, 0x2922, 0x3162, 0x1082, 0x1082, 0x0862, 0x0862, 0x0862, 0x0862, 0x0862, 0x0862, 0x0862, 0x0862, 0x0862, 0x0862, 0x0862,
  0x0862, 0x0862, 0x0862, 0x0862, 0x0862, 0x0862, 0x0862, 0x0862, 0x0862, 0x0862, 0x0862, 0x0862, 0x0862, 0x0862, 0x0862, 0x0862,
  0x0862, 0x0862, 0x0862, 0x0862, 0x0862, 0x0862, 0x0862, 0x0862, 0x0862, 0x0862, 0x0862, 0x0862, 0x0862, 0x0862, 0x0862, 0x0862,
  0x0862, 0x0862, 0x0862, 0x0862, 0x0862, 0x0862, 0x0862, 0x0862, 0x0862, 0x0862, 0x0862, 0x0862, 0x0862, 0x0862, 0x0862, 0x0862,
  0x0862, 0x0862, 0x0862, 0x0862, 0x0862, 0x0862, 0x0862, 0x0862, 0x0862, 0x0862, 0x0862, 0x0862, 0x0862, 0x0862, 0x0862, 0x0862,
  0x0862, 0x0862, 0x0862, 0x0862, 0x0862, 0x0862, 0x0862, 0x0862, 0x0862, 0x0862, 0x0862, 0x0862, 0x0862, 0x0862, 0x0862, 0x0862,
  0x0862, 0x0862, 0x0862, 0x0862, 0x0862, 0x0862, 0x0862, 0x0862, 0x0862, 0x0862, 0x0862, 0x0862, 0x0862, 0x0862, 0x0862, 0x0862,
  0x0862, 0x0862, 0x0862, 0x0862, 0x0862, 0x0862, 0x0862, 0x0862, 0x0862, 0x0862, 0x0862, 0x0862, 0x0862, 0x0862, 0x0862, 0x0862,
  0x0862, 0x0862, 0x0862, 0x0862, 0x0862, 0x0862, 0x0862, 0x0862, 0x0862, 0x0862, 0x1062, 0x1062, 0x1062, 0x1062, 0x1062, 0x1862,
  0x1862, 0x1882, 0x2082, 0x2082, 0x2082, 0x2082, 0x2082, 0x28A2, 0x28A2, 0x30C2, 0x38C2, 0x38E2, 0x38C2, 0x30C2, 0x30C2, 0x30A2,
  0x30A2, 0x38C2, 0x40E2, 0x4902, 0x4922, 0x5942, 0x6182, 0x6162, 0x5962, 0x6162, 0x6982, 0x81E2, 0xDB02, 0xFD23, 0xFF45, 0xEC43,
  0xE322, 0xFBC2, 0xFB61, 0xF301, 0x89E1, 0x91E1, 0xF2E1, 0xAA01, 0xEAE1, 0xF321, 0xFB01, 0xE281, 0x3060, 0x2020, 0x2840, 0xDA81,
  0xFB01, 0xFAE1, 0xFB01, 0xFB01, 0xFB01, 0xFB01, 0xFB21, 0xFB21, 0xFB21, 0xFB21, 0xFB41, 0xFB41, 0xFB41, 0xFB41, 0xFB41, 0xFB41,
  0xF341, 0xF341, 0xF341, 0xF361, 0xFB61, 0xFB81, 0xFB81, 0xFBA1, 0xFBC1, 0xFBC2, 0xFBA2, 0xF361, 0xDB21, 0xBAA1, 0x9221, 0x6980,
  0x40E0, 0x1840, 0x0000, 0x0000, 0x0000, 0x0000, 0x1860, 0x38E0, 0x0820, 0x0000, 0xAAA1, 0xFC02, 0xFC02, 0x9A81, 0x0000, 0x0000,
  0x8A41, 0x5140, 0x0000, 0x0000, 0x0000, 0x0000, 0x5160, 0x8221, 0x0000, 0x0000, 0x2080, 0x0820, 0x0000, 0x0000, 0x0000, 0x0000,
  0x0000, 0x0000, 0x0000, 0x0000, 0x0000, 0x0000, 0x0000, 0x0000, 0x0000, 0x0000, 0x0000, 0x0000, 0x0000, 0x0000, 0x0000, 0x0000,
  0x0000, 0x0000, 0x0000, 0x0000, 0x0000, 0x0000, 0x0000, 0x0000, 0x0000, 0x0000, 0x0000, 0x0000, 0x0000, 0x0000, 0x0000, 0x0000,
  0x0000, 0x0000, 0x0800, 0x0800, 0x0800, 0x1000, 0x1000, 0x1000, 0x0800, 0x1000, 0x0800, 0x1840, 0xDC42, 0xF4C3, 0xE4C3, 0xE4E3,
  0xE4A3, 0xE4C3, 0xE4E3, 0xD483, 0x6A82, 0x6282, 0x6282, 0x6AA2, 0x6AA2, 0x49C2, 0x2902, 0x18A2, 0x1062, 0x1062, 0x1062, 0x1062,
  0x1082, 0x2102, 0x3982, 0x10A2, 0x1082, 0x0862, 0x0862, 0x0862, 0x0862, 0x0862, 0x0862, 0x0862, 0x0862, 0x0862, 0x0862, 0x0862,
  0x0862, 0x0862, 0x0862, 0x0862, 0x0862, 0x0862, 0x0862, 0x0862, 0x0862, 0x0862, 0x0862, 0x0862, 0x0862, 0x0862, 0x0862, 0x0862,
  0x0862, 0x0862, 0x0862, 0x0862, 0x0862, 0x0862, 0x0862, 0x0862, 0x0862, 0x0862, 0x0862, 0x0862, 0x0862, 0x0862, 0x0862, 0x0862,
  0x0862, 0x0862, 0x0862, 0x0862, 0x0862, 0x0862, 0x0862, 0x0862, 0x0862, 0x0862, 0x0862, 0x0862, 0x0862, 0x0862, 0x0862, 0x0862,
  0x0862, 0x0862, 0x0862, 0x0862, 0x0862, 0x0862, 0x0862, 0x0862, 0x0862, 0x0862, 0x0862, 0x0862, 0x0862, 0x0862, 0x0862, 0x0862,
  0x0862, 0x0862, 0x0862, 0x0862, 0x0862, 0x0862, 0x0862, 0x0862, 0x0862, 0x0862, 0x0862, 0x0862, 0x0862, 0x0862, 0x0862, 0x0862,
  0x0862, 0x0862, 0x0862, 0x0862, 0x0862, 0x0862, 0x0862, 0x0862, 0x0862, 0x0862, 0x0862, 0x0862, 0x0862, 0x0862, 0x0862, 0x0862,
  0x0862, 0x0862, 0x0862, 0x0862, 0x0862, 0x0862, 0x0862, 0x0862, 0x0862, 0x0862, 0x0862, 0x0862, 0x0862, 0x0862, 0x0862, 0x0862,
  0x0862, 0x0862, 0x0862, 0x0862, 0x0862, 0x0862, 0x0862, 0x0862, 0x0862, 0x0862, 0x0862, 0x1062, 0x1062, 0x1062, 0x1062, 0x1062,
  0x1862, 0x1882, 0x2082, 0x2082, 0x2082, 0x2082, 0x2082, 0x28A2, 0x28A2, 0x30C2, 0x38C2, 0x38E2, 0x38C2, 0x30C2, 0x30C2, 0x30A2,
  0x30A2, 0x38C2, 0x40E2, 0x4902, 0x4902, 0x5142, 0x6182, 0x6182, 0x5962, 0x6162, 0x6982, 0x79E2, 0xD2E2, 0xFD23, 0xFF25, 0xF483,
  0xE342, 0xFBC2, 0xFB61, 0xF301, 0x81C1, 0x91E1, 0xFB21, 0xFB41, 0xFB21, 0xFB41, 0xFB41, 0xDA81, 0x2860, 0x2020, 0x2840, 0xDAA1,
  0xFB01, 0xFB01, 0xFB01, 0xFB01, 0xFB01, 0xFB21, 0xFB21, 0xFB21, 0xFB41, 0xFB41, 0xFB41, 0xFB41, 0xFB41, 0xFB41, 0xFB41, 0xFB61,
  0xFB61, 0xFB61, 0xFB61, 0xFB61, 0xFB61, 0xFB81, 0xF381, 0xF381, 0xF381, 0xF381, 0xF381, 0xFBA1, 0xFBC1, 0xFBC2, 0xFBE2, 0xFBE2,
  0xFBE2, 0xF3A2, 0xDB41, 0xBAE1, 0x9A41, 0x69A0, 0x38E0, 0x1860, 0x0000, 0x1860, 0xEBA1, 0xFBE2, 0xFC22, 0x5160, 0x0000, 0x38E0,
  0x8221, 0x0000, 0x0000, 0x0000, 0x0000, 0x0000, 0x0000, 0x8221, 0x30C0, 0x0000, 0x0820, 0x30C0, 0x30E0, 0x3900, 0x3900, 0x4120,
  0x4120, 0x4120, 0x4940, 0x4940, 0x5160, 0x5160, 0x5180, 0x59A0, 0x59A1, 0x61A1, 0x69C1, 0x69C1, 0x71E1, 0x71E1, 0x7A01, 0x7A21,
  0x8221, 0x8221, 0x8241, 0x8A61, 0x8A61, 0x9281, 0x9281, 0x92A1, 0x9AC1, 0x9AC1, 0x9AE1, 0xA301, 0xA301, 0xA321, 0xAB21, 0xAB41,
  0xB362, 0xB362, 0xBB62, 0xBB82, 0xC382, 0xC3A2, 0xC3A2, 0xD402, 0x8A81, 0x0000, 0x1000, 0x1840, 0xDC42, 0xF4C3, 0xE4C3, 0xE4E3,
  0xE4C3, 0xE4C3, 0xE4E3, 0xCC83, 0x6A82, 0x6282, 0x6262, 0x6A82, 0x6AA2, 0x49E2, 0x2902, 0x20A2, 0x1882, 0x1062, 0x1062, 0x1062,
  0x1082, 0x18C2, 0x3982, 0x18C2, 0x1082, 0x0862, 0x0862, 0x0862, 0x0862, 0x0862, 0x0862, 0x0862, 0x0862, 0x0862, 0x0862, 0x0862,
  0x0862, 0x0862, 0x0862, 0x0862, 0x0862, 0x0862, 0x0862, 0x0862, 0x0862, 0x0862, 0x0862, 0x0862, 0x0862, 0x0862, 0x0862, 0x0862,
  0x0862, 0x0862, 0x0862, 0x0862, 0x0862, 0x0862, 0x0862, 0x0862, 0x0862, 0x0862, 0x0862, 0x0862, 0x0862, 0x0862, 0x0862, 0x0862,
  0x0862, 0x0862, 0x0862, 0x0862, 0x0862, 0x0862, 0x0862, 0x0862, 0x0862, 0x0862, 0x0862, 0x0862, 0x0862, 0x0862, 0x0862, 0x0862,
  0x0862, 0x0862, 0x0862, 0x0862, 0x0862, 0x0862, 0x0862, 0x0862, 0x0862, 0x0862, 0x0862, 0x0862, 0x0862, 0x0862, 0x0862, 0x0862,
  0x0862, 0x0862, 0x0862, 0x0862, 0x0862, 0x0862, 0x0862, 0x0862, 0x0862, 0x0862, 0x0862, 0x0862, 0x0862, 0x0862, 0x0862, 0x0862,
  0x0862, 0x0862, 0x0862, 0x0862, 0x0862, 0x0862, 0x0862, 0x0862, 0x0862, 0x0862, 0x0862, 0x0862, 0x0862, 0x0862, 0x0862, 0x0862,
  0x0862, 0x0862, 0x0862, 0x0862, 0x0862, 0x0862, 0x0862, 0x0862, 0x0862, 0x0862, 0x0862, 0x0862, 0x0862, 0x0862, 0x0862, 0x0862,
  0x0862, 0x0862, 0x0862, 0x0862, 0x0862, 0x0862, 0x0862, 0x0862, 0x0862, 0x0862, 0x1062, 0x1062, 0x1062, 0x1062, 0x1062, 0x1062,
  0x1862, 0x1882, 0x2082, 0x2082, 0x2082, 0x2082, 0x2082, 0x28A2, 0x28A2, 0x30C2, 0x38C2, 0x40E2, 0x38C2, 0x30C2, 0x30C2, 0x30C2,
  0x30A2, 0x38C2, 0x40E2, 0x4902, 0x4902, 0x5142, 0x6182, 0x6182, 0x5962, 0x6162, 0x6982, 0x79C2, 0xCAC2, 0xFD03, 0xFEE5, 0xFCA3,
  0xEB42, 0xFBC2, 0xFB81, 0xF301, 0x81A1, 0x89C1, 0xB241, 0x99E1, 0x91C0, 0x91E1, 0x91E1, 0xCA41, 0x3060, 0x2020, 0x2840, 0xDAA1,
  0xFB01, 0xF301, 0xF301, 0xF301, 0xF301, 0xF321, 0xF321, 0xF321, 0xF341, 0xF341, 0xF341, 0xF341, 0xF341, 0xF341, 0xF341, 0xF341,
  0xF361, 0xF361, 0xF361, 0xF361, 0xF361, 0xF381, 0xF381, 0xF381, 0xF381, 0xF381, 0xF381, 0xF3A1, 0xF3A2, 0xF3A2, 0xF3A2, 0xF3A2,
  0xF3A2, 0xFBC2, 0xFBE2, 0xFBE2, 0xFC02, 0xFC22, 0xFC02, 0xFBE2, 0xDB81, 0xD341, 0xFC02, 0xFC02, 0xFC02, 0x38E0, 0x0000, 0x61A0,
  0x4940, 0x0000, 0x0000, 0x0000, 0x0000, 0x0000, 0x0000, 0x5140, 0x61A0, 0x0000, 0x4100, 0xFC62, 0xFC42, 0xFC42, 0xFC82, 0xFC82,
  0xFC82, 0xFC62, 0xFC62, 0xFC62, 0xFC82, 0xFC82, 0xFC82, 0xFCA2, 0xFCA2, 0xFCA2, 0xFCA2, 0xFCA2, 0xFCA2, 0xFCA2, 0xFCA2, 0xFCA2,
  0xFCA2, 0xFCA2, 0xFCA2, 0xFCC2, 0xFCC2, 0xFCC2, 0xFCC3, 0xFCC2, 0xFCC2, 0xFCE2, 0xFCE2, 0xFCE2, 0xFCE2, 0xFD02, 0xFD03, 0xFD03,
  0xFD03, 0xFD03, 0xFCE3, 0xFCE3, 0xFCE3, 0xFCE3, 0xFCC3, 0xFD23, 0xC3A2, 0x0800, 0x0800, 0x1840, 0xDC42, 0xF4C2, 0xE4C3, 0xE4E3,
  0xE4C3, 0xE4C3, 0xE4E3, 0xCC83, 0x6262, 0x6262, 0x6262, 0x6282, 0x6AA2, 0x51E2, 0x3122, 0x20A2, 0x1882, 0x1062, 0x1062, 0x1062,
  0x1082, 0x18C2, 0x3982, 0x2102, 0x1082, 0x1082, 0x0862, 0x0862, 0x0862, 0x0862, 0x0862, 0x0862, 0x0862, 0x0862, 0x0862, 0x0862,
  0x0862, 0x0862, 0x0862, 0x0862, 0x0862, 0x0862, 0x0862, 0x0862, 0x0862, 0x0862, 0x0862, 0x0862, 0x0862, 0x0862, 0x0862, 0x0862,
  0x0862, 0x0862, 0x0862, 0x0862, 0x0862, 0x0862, 0x0862, 0x0862, 0x0862, 0x0862, 0x0862, 0x0862, 0x0862, 0x0862, 0x0862, 0x0862,
  0x0862, 0x0862, 0x0862, 0x0862, 0x0862, 0x0862, 0x0862, 0x0862, 0x0862, 0x0862, 0x0862, 0x0862, 0x0862, 0x0862, 0x0862, 0x0862,
  0x0862, 0x0862, 0x0862, 0x0862, 0x0862, 0x0862, 0x0862, 0x0862, 0x0862, 0x0862, 0x0862, 0x0862, 0x0862, 0x0862, 0x0862, 0x0862,
  0x0862, 0x0862, 0x0862, 0x0862, 0x0862, 0x0862, 0x0862, 0x0862, 0x0862, 0x0862, 0x0862, 0x0862, 0x0862, 0x0862, 0x0862, 0x0862,
  0x0862, 0x0862, 0x0862, 0x0862, 0x0862, 0x0862, 0x0862, 0x0862, 0x0862, 0x0862, 0x0862, 0x0862, 0x0862, 0x0862, 0x0862, 0x0862,
  0x0862, 0x0862, 0x0862, 0x0862, 0x0862, 0x0862, 0x0862, 0x0862, 0x0862, 0x0862, 0x0862, 0x0862, 0x0862, 0x0862, 0x0862, 0x0862,
  0x0862, 0x0862, 0x0862, 0x0862, 0x0862, 0x0862, 0x0862, 0x0862, 0x0862, 0x0862, 0x1062, 0x1062, 0x1062, 0x1062, 0x1062, 0x1062,
  0x1862, 0x1882, 0x2082, 0x2082, 0x2082, 0x2082, 0x2082, 0x28A2, 0x28A2, 0x30C2, 0x38C2, 0x40E2, 0x38E2, 0x38C2, 0x30C2, 0x30C2,
  0x30C2, 0x38C2, 0x40E2, 0x4902, 0x4902, 0x5142, 0x6182, 0x6182, 0x5962, 0x6162, 0x6182, 0x71C2, 0xC2A2, 0xFCE3, 0xFEE5, 0xFCA3,
  0xEB62, 0xFBC2, 0xFB82, 0xF321, 0x7981, 0x7181, 0x7181, 0x50E0, 0x38A0, 0x30C0, 0x38E0, 0xBA21, 0x3060, 0x2040, 0x2040, 0xDAA1,
  0xFB41, 0xFB21, 0xFB41, 0xFB41, 0xFB41, 0xFB61, 0xFB61, 0xFB81, 0xFB81, 0xFB81, 0xFB81, 0xFB81, 0xFBA1, 0xFBA1, 0xFBA1, 0xFBA1,
  0xFBA1, 0xFBA1, 0xFBA1, 0xFBC1, 0xFBC1, 0xFBC1, 0xFBC1, 0xFBC2, 0xFBC2, 0xFBC2, 0xFBC2, 0xFBC2, 0xFBE2, 0xFBE2, 0xFBE2, 0xFBE2,
  0xFBE2, 0xFBE2, 0xFBE2, 0xFBC2, 0xF3C2, 0xF3E2, 0xF3C2, 0xFBE2, 0xFC02, 0xFC02, 0xF3E2, 0xEBC2, 0xF3E2, 0x38E0, 0x0000, 0x61A0,
  0x4940, 0x0000, 0x0000, 0x0000, 0x0000, 0x0000, 0x0000, 0x5160, 0x61A1, 0x0000, 0x4100, 0xFC42, 0xF442, 0xF422, 0xB321, 0xC362,
  0xE402, 0xFC62, 0xFC82, 0xFCA2, 0xFCA2, 0xFC82, 0xFC62, 0xF462, 0xF462, 0xF462, 0xF462, 0xF462, 0xF462, 0xF462, 0xF442, 0xF442,
  0xF462, 0xF462, 0xF462, 0xF462, 0xF462, 0xF462, 0xF462, 0xF462, 0xF462, 0xF482, 0xF482, 0xF4A2, 0xF4A2, 0xF4A2, 0xF4A2, 0xF4C2,
  0xF4A2, 0xF4C2, 0xF4A2, 0xF4A2, 0xF4A2, 0xF4A2, 0xF4A3, 0xFCE3, 0xC3C2, 0x0800, 0x0800, 0x2060, 0xDC62, 0xF4C3, 0xE4C3, 0xE4E3,
  0xE4C3, 0xE4C3, 0xE503, 0xCC62, 0x6262, 0x6262, 0x6262, 0x6262, 0x6AA2, 0x5202, 0x3122, 0x20A2, 0x1882, 0x1062, 0x1062, 0x1062,
  0x1082, 0x10A2, 0x3162, 0x2922, 0x1082, 0x1082, 0x0862, 0x0862, 0x0862, 0x0862, 0x0862, 0x0862, 0x0862, 0x0862, 0x0862, 0x0862,
  0x0862, 0x0862, 0x0862, 0x0862, 0x0862, 0x0862, 0x0862, 0x0862, 0x0862, 0x0862, 0x0862, 0x0862, 0x0862, 0x0862, 0x0862, 0x0862,
  0x0862, 0x0862, 0x0862, 0x0862, 0x0862, 0x0862, 0x0862, 0x0862, 0x0862, 0x0862, 0x0862, 0x0862, 0x0862, 0x0862, 0x0862, 0x0862,
  0x0862, 0x0862, 0x0862, 0x0862, 0x0862, 0x0862, 0x0862, 0x0862, 0x0862, 0x0862, 0x0862, 0x0862, 0x0862, 0x0862, 0x0862, 0x0862,
  0x0862, 0x0862, 0x0862, 0x0862, 0x0862, 0x0862, 0x0862, 0x0862, 0x0862, 0x0862, 0x0862, 0x0862, 0x0862, 0x0862, 0x0862, 0x0862,
  0x0862, 0x0862, 0x0862, 0x0862, 0x0862, 0x0862, 0x0862, 0x0862, 0x0862, 0x0862, 0x0862, 0x0862, 0x0862, 0x0862, 0x0862, 0x0862,
  0x0862, 0x0862, 0x0862, 0x0862, 0x0862, 0x0862, 0x0862, 0x0862, 0x0862, 0x0862, 0x0862, 0x0862, 0x0862, 0x0862, 0x0862, 0x0862,
  0x0862, 0x0862, 0x0862, 0x0862, 0x0862, 0x0862, 0x0862, 0x0862, 0x0862, 0x0862, 0x0862, 0x0862, 0x0862, 0x0862, 0x0862, 0x0862,
  0x0862, 0x0862, 0x0862, 0x0862, 0x0862, 0x0862, 0x0862, 0x0862, 0x0862, 0x0862, 0x0862, 0x1062, 0x1062, 0x1062, 0x1062, 0x1062,
  0x1862, 0x1882, 0x2082, 0x2082, 0x2082, 0x2082, 0x2082, 0x28A2, 0x28A2, 0x30A2, 0x30C2, 0x40E2, 0x38E2, 0x38C2, 0x38C2, 0x38C2,
  0x38A2, 0x38C2, 0x40E2, 0x4902, 0x4902, 0x5142, 0x6162, 0x6182, 0x6162, 0x5962, 0x6182, 0x71A2, 0xBA82, 0xFCC3, 0xFEC5, 0xFCA3,
  0xF382, 0xFBA2, 0xFBA2, 0xF321, 0x91E1, 0x91E1, 0xA221, 0x99E1, 0x89A0, 0x89E1, 0x9A21, 0xC261, 0x3060, 0x2040, 0x1820, 0x91A0,
  0xBA41, 0xB221, 0xAA21, 0xAA01, 0xA201, 0x9A00, 0x99E0, 0x91E0, 0x91E0, 0x89E1, 0x89C0, 0x81C0, 0x81C0, 0x79A0, 0x79A0, 0x79A0,
  0x7180, 0x7180, 0x6980, 0x6960, 0x6160, 0x6160, 0x5960, 0x5940, 0x5940, 0x5140, 0x5120, 0x4920, 0x4920, 0x4100, 0x4100, 0x40E0,
  0x38E0, 0x38E0, 0x30C0, 0x30C0, 0x30C0, 0x28A0, 0x28A0, 0x28A0, 0x20A0, 0x2080, 0x1880, 0x1060, 0x1040, 0x0000, 0x0000, 0x30C0,
  0x8221, 0x0000, 0x0000, 0x0000, 0x0000, 0x0000, 0x0000, 0x8A41, 0x30E0, 0x0000, 0x61A0, 0xFC62, 0xFC42, 0xD3A2, 0x0000, 0x0000,
  0x0000, 0x2080, 0x4940, 0x7A21, 0xA2E1, 0xC3A2, 0xE422, 0xF482, 0xFCC2, 0xFCC2, 0xFCC2, 0xFCA2, 0xFC82, 0xFC82, 0xF462, 0xF462,
  0xF462, 0xF462, 0xF462, 0xF482, 0xF482, 0xF482, 0xF482, 0xF482, 0xF482, 0xF482, 0xF4A2, 0xF4C2, 0xF4C2, 0xF4C2, 0xF4C2, 0xF4C2,
  0xF4C2, 0xF4C2, 0xF4C2, 0xFCA3, 0xFCC3, 0xFCC3, 0xF4A3, 0xFCE3, 0xCBE2, 0x1000, 0x0800, 0x2080, 0xE462, 0xF4C3, 0xE4E3, 0xE4E3,
  0xE4C3, 0xDCC3, 0xED03, 0xC443, 0x6242, 0x6262, 0x6242, 0x6262, 0x6AA2, 0x5202, 0x3122, 0x20A2, 0x1882, 0x1062, 0x1062, 0x1062,
  0x1082, 0x10A2, 0x3142, 0x3142, 0x1082, 0x1082, 0x0862, 0x0862, 0x0862, 0x0862, 0x0862, 0x0862, 0x0862, 0x0862, 0x0862, 0x0862,
  0x0862, 0x0862, 0x0862, 0x0862, 0x0862, 0x0862, 0x0862, 0x0862, 0x0862, 0x0862, 0x0862, 0x0862, 0x0862, 0x0862, 0x0862, 0x0862,
  0x0862, 0x0862, 0x0862, 0x0862, 0x0862, 0x0862, 0x0862, 0x0862, 0x0862, 0x0862, 0x0862, 0x0862, 0x0862, 0x0862, 0x0862, 0x0862,
  0x0862, 0x0862, 0x0862, 0x0862, 0x0862, 0x0862, 0x0862, 0x0862, 0x0862, 0x0862, 0x0862, 0x0862, 0x0862, 0x0862, 0x0862, 0x0862,
  0x0862, 0x0862, 0x0862, 0x0862, 0x0862, 0x0862, 0x0862, 0x0862, 0x0862, 0x0862, 0x0862, 0x0862, 0x0862, 0x0862, 0x0862, 0x0862,
  0x0862, 0x0862, 0x0862, 0x0862, 0x0862, 0x0862, 0x0862, 0x0862, 0x0862, 0x0862, 0x0862, 0x0862, 0x0862, 0x0862, 0x0862, 0x0862,
  0x0862, 0x0862, 0x0862, 0x0862, 0x0862, 0x0862, 0x0862, 0x0862, 0x0862, 0x0862, 0x0862, 0x0862, 0x0862, 0x0862, 0x0862, 0x0862,
  0x0862, 0x0862, 0x0862, 0x0862, 0x0862, 0x0862, 0x0862, 0x0862, 0x0862, 0x0862, 0x0862, 0x0862, 0x0862, 0x0862, 0x0862, 0x0862,
  0x0862, 0x0862, 0x0862, 0x0862, 0x0862, 0x0862, 0x0862, 0x0862, 0x0862, 0x0862, 0x0862, 0x1062, 0x1062, 0x1062, 0x1062, 0x1062,
  0x1862, 0x1862, 0x1882, 0x2082, 0x2082, 0x2082, 0x2082, 0x2882, 0x28A2, 0x30A2, 0x30C2, 0x38E2, 0x40E2, 0x38C2, 0x38C2, 0x38C2,
  0x38A2, 0x38C2, 0x40E2, 0x4902, 0x4902, 0x5122, 0x5962, 0x6182, 0x6162, 0x5962, 0x6182, 0x69A2, 0xAA62, 0xFC83, 0xFEE5, 0xFCA3,
  0xF382, 0xFBA2, 0xFBA2, 0xFB41, 0xFB21, 0xFB21, 0xFB41, 0xFB41, 0xFB21, 0xFB41, 0xFB81, 0xDAA1, 0x3060, 0x2040, 0x2040, 0x1800,
  0x1000, 0x1000, 0x1000, 0x0800, 0x0800, 0x0000, 0x0000, 0x0000, 0x0000, 0x0000, 0x0000, 0x0000, 0x0000, 0x0000, 0x0000, 0x0000,
  0x0000, 0x0000, 0x0000, 0x0000, 0x0000, 0x0000, 0x0000, 0x0000, 0x0000, 0x0000, 0x0000, 0x0000, 0x0000, 0x0000, 0x0000, 0x0000,
  0x0000, 0x0000, 0x0000, 0x0000, 0x0000, 0x0000, 0x0000, 0x0000, 0x0000, 0x0000, 0x0000, 0x0820, 0x28C0, 0x3900, 0x0000, 0x0000,
  0x8241, 0x5960, 0x0000, 0x0000, 0x0000, 0x0000, 0x5980, 0x8241, 0x0000, 0x0000, 0xAAE1, 0xFC62, 0xFC82, 0x8A61, 0x0000, 0x1880,
  0x5180, 0x30E0, 0x0820, 0x0000, 0x0000, 0x0000, 0x0000, 0x20A0, 0x4960, 0x7221, 0x9AE1, 0xC3A2, 0xE422, 0xF482, 0xFCA2, 0xFCC2,
  0xFCC2, 0xFCA2, 0xFCA2, 0xFC82, 0xF482, 0xF482, 0xF482, 0xF482, 0xF482, 0xF482, 0xF4A2, 0xF4C2, 0xF4C3, 0xF4C2, 0xF4C2, 0xF4C2,
  0xF4E2, 0xF4E3, 0xF4C3, 0xFCC3, 0xFCC3, 0xFCC3, 0xF4C3, 0xFD03, 0xC3C2, 0x1000, 0x0800, 0x28A0, 0xEC82, 0xECC3, 0xE4E3, 0xE4E3,
  0xDCC3, 0xDCC3, 0xED03, 0xBC22, 0x5A22, 0x6262, 0x5A42, 0x5A42, 0x6AA2, 0x5A22, 0x3142, 0x20A2, 0x1882, 0x1062, 0x1062, 0x1062,
  0x1082, 0x1082, 0x2922, 0x3962, 0x10A2, 0x1082, 0x0862, 0x0862, 0x0862, 0x0862, 0x0862, 0x0862, 0x0862, 0x0862, 0x0862, 0x0862,
  0x0862, 0x0862, 0x0862, 0x0862, 0x0862, 0x0862, 0x0862, 0x0862, 0x0862, 0x0862, 0x0862, 0x0862, 0x0862, 0x0862, 0x0862, 0x0862,
  0x0862, 0x0862, 0x0862, 0x0862, 0x0862, 0x0862, 0x0862, 0x0862, 0x0862, 0x0862, 0x0862, 0x0862, 0x0862, 0x0862, 0x0862, 0x0862,
  0x0862, 0x0862, 0x0862, 0x0862, 0x0862, 0x0862, 0x0862, 0x0862, 0x0862, 0x0862, 0x0862, 0x0862, 0x0862, 0x0862, 0x0862, 0x0862,
  0x0862, 0x0862, 0x0862, 0x0862, 0x0862, 0x0862, 0x0862, 0x0862, 0x0862, 0x0862, 0x0862, 0x0862, 0x0862, 0x0862, 0x0862, 0x0862,
  0x0862, 0x0862, 0x0862, 0x0862, 0x0862, 0x0862, 0x0862, 0x0862, 0x0862, 0x0862, 0x0862, 0x0862, 0x0862, 0x0862, 0x0862, 0x0862,
  0x0862, 0x0862, 0x0862, 0x0862, 0x0862, 0x0862, 0x0862, 0x0862, 0x0862, 0x0862, 0x0862, 0x0862, 0x0862, 0x0862, 0x0862, 0x0862,
  0x0862, 0x0862, 0x0862, 0x0862, 0x0862, 0x0862, 0x0862, 0x0862, 0x0862, 0x0862, 0x0862, 0x0862, 0x0862, 0x0862, 0x0862, 0x0862,
  0x0862, 0x0862, 0x0862, 0x0862, 0x0862, 0x0862, 0x0862, 0x0862, 0x0862, 0x0862, 0x0862, 0x0862, 0x1062, 0x1062, 0x1062, 0x1062,
  0x1062, 0x1862, 0x1882, 0x2082, 0x2082, 0x2082, 0x2082, 0x2082, 0x28A2, 0x28A2, 0x30C2, 0x38E2, 0x40E2, 0x38E2, 0x38C2, 0x38C2,
  0x38C2, 0x38C2, 0x40C2, 0x4102, 0x4902, 0x5122, 0x5962, 0x61A2, 0x6182, 0x5962, 0x6182, 0x6182, 0x9A42, 0xF422, 0xFEC5, 0xFCC3,
  0xE362, 0xFBA2, 0xFBA2, 0xFB61, 0xFB41, 0xFB21, 0xFB21, 0xFB21, 0xFB21, 0xF321, 0xFB61, 0xDAC1, 0x3080, 0x2040, 0x2040, 0x2020,
  0x2040, 0x2020, 0x2040, 0x2020, 0x1820, 0x1020, 0x1020, 0x0800, 0x0820, 0x0820, 0x0800, 0x0800, 0x0800, 0x0800, 0x0800, 0x0800,
  0x0800, 0x0800, 0x0800, 0x0800, 0x0800, 0x0800, 0x0800, 0x0800, 0x0800, 0x0820, 0x0820, 0x0820, 0x0800, 0x0000, 0x0000, 0x0000,
  0x0000, 0x0000, 0x0000, 0x0000, 0x0820, 0x20A0, 0x4920, 0x71E1, 0x9A81, 0xB2E1, 0xCB41, 0xEBE2, 0xFC22, 0xFC42, 0x28C0, 0x0000,
  0x0820, 0x8241, 0x8241, 0x5160, 0x5160, 0x8241, 0x8241, 0x0820, 0x0000, 0x30E0, 0xF442, 0xF442, 0xF462, 0x30E0, 0x0000, 0x4120,
  0x4940, 0x8261, 0xB342, 0xC382, 0xAB21, 0x7A41, 0x4940, 0x1880, 0x0000, 0x0000, 0x0000, 0x0000, 0x0000, 0x20A0, 0x5140, 0x7A21,
  0xA2C1, 0xC382, 0xDC02, 0xF482, 0xFCC3, 0xFCE3, 0xFCE3, 0xFCC2, 0xFCC3, 0xFCA2, 0xF4A2, 0xF4A2, 0xF4C2, 0xF4C2, 0xF4C2, 0xF4E3,
  0xF4E3, 0xF4E3, 0xF4C3, 0xFCC3, 0xFCC3, 0xFCC3, 0xF4C3, 0xFD03, 0xBBA2, 0x0800, 0x0800, 0x30C0, 0xECC2, 0xECC3, 0xE4E3, 0xE503,
  0xDCC3, 0xDCC3, 0xED23, 0xB3E3, 0x5A22, 0x6242, 0x5A22, 0x5A22, 0x6A82, 0x5A22, 0x3142, 0x20C2, 0x1882, 0x1062, 0x1062, 0x1062,
  0x1082, 0x1082, 0x2102, 0x3982, 0x18A2, 0x1082, 0x0862, 0x0862, 0x0862, 0x0862, 0x0862, 0x0862, 0x0862, 0x0862, 0x0862, 0x0862,
  0x0862, 0x0862, 0x0862, 0x0862, 0x0862, 0x0862, 0x0862, 0x0862, 0x0862, 0x0862, 0x0862, 0x0862, 0x0862, 0x0862, 0x0862, 0x0862,
  0x0862, 0x0862, 0x0862, 0x0862, 0x0862, 0x0862, 0x0862, 0x0862, 0x0862, 0x0862, 0x0862, 0x0862, 0x0862, 0x0862, 0x0862, 0x0862,
  0x0862, 0x0862, 0x0862, 0x0862, 0x0862, 0x0862, 0x0862, 0x0862, 0x0862, 0x0862, 0x0862, 0x0862, 0x0862, 0x0862, 0x0862, 0x0862,
  0x0862, 0x0862, 0x0862, 0x0862, 0x0862, 0x0862, 0x0862, 0x0862, 0x0862, 0x0862, 0x0862, 0x0862, 0x0862, 0x0862, 0x0862, 0x0862,
  0x0862, 0x0862, 0x0862, 0x0862, 0x0862, 0x0862, 0x0862, 0x0862, 0x0862, 0x0862, 0x0862, 0x0862, 0x0862, 0x0862, 0x0862, 0x0862,
  0x0862, 0x0862, 0x0862, 0x0862, 0x0862, 0x0862, 0x0862, 0x0862, 0x0862, 0x0862, 0x0862, 0x0862, 0x0862, 0x0862, 0x0862, 0x0862,
  0x0862, 0x0862, 0x0862, 0x0862, 0x0862, 0x0862, 0x0862, 0x0862, 0x0862, 0x0862, 0x0862, 0x0862, 0x0862, 0x0862, 0x0862, 0x0862,
  0x0862, 0x0862, 0x0862, 0x0862, 0x0862, 0x0862, 0x0862, 0x0862, 0x0862, 0x0862, 0x0862, 0x0862, 0x1062, 0x1062, 0x1062, 0x1062,
  0x1062, 0x1862, 0x1882, 0x2082, 0x2082, 0x2082, 0x2082, 0x2082, 0x28A2, 0x28A2, 0x30C2, 0x38C2, 0x40E2, 0x40E2, 0x38C2, 0x38C2,
  0x38C2, 0x38C2, 0x38C2, 0x4102, 0x4902, 0x5122, 0x5962, 0x6182, 0x6182, 0x5962, 0x6182, 0x6182, 0x9202, 0xF3C2, 0xFEA5, 0xFCE3,
  0xE342, 0xFBA2, 0xFBC2, 0xFB82, 0xFB41, 0xFB21, 0xFB21, 0xFB41, 0xFB21, 0xFB21, 0xFB61, 0xE301, 0x38A0, 0x2840, 0x2040, 0x1820,
  0x1820, 0x1820, 0x1820, 0x1820, 0x1820, 0x1000, 0x1000, 0x0800, 0x0800, 0x0800, 0x0800, 0x0800, 0x0000, 0x0800, 0x0000, 0x0000,
  0x0000, 0x0000, 0x0800, 0x0800, 0x0800, 0x0800, 0x0000, 0x0000, 0x0000, 0x0000, 0x0000, 0x0000, 0x0000, 0x0000, 0x0820, 0x28A0,
  0x5140, 0x7A01, 0xAAA1, 0xCB41, 0xE3A2, 0xDBA1, 0xC321, 0x9A81, 0x61A0, 0x28C0, 0x4940, 0xFC42, 0xF402, 0xFC42, 0xCB81, 0x1040,
  0x0000, 0x0000, 0x30E0, 0x61A0, 0x61A1, 0x30C0, 0x0000, 0x0000, 0x1040, 0xD3A2, 0xFC62, 0xFC82, 0xAB01, 0x0000, 0x2080, 0x5981,
  0x0000, 0x0000, 0x0000, 0x30E0, 0x8261, 0xCBC2, 0xFCA2, 0xFCC2, 0xEC62, 0xC3A2, 0x92C1, 0x6A01, 0x4140, 0x2080, 0x0000, 0x0000,
  0x0000, 0x0000, 0x1000, 0x28A0, 0x4940, 0x7201, 0x9AC1, 0xBB82, 0xDC22, 0xF482, 0xFCE3, 0xFD03, 0xFD23, 0xFD23, 0xFD03, 0xFCE3,
  0xF4E3, 0xF4E3, 0xF4C3, 0xF4C3, 0xF4C3, 0xF4C3, 0xF4C3, 0xFD23, 0xAB62, 0x0800, 0x0800, 0x4100, 0xF4E3, 0xECC3, 0xE4E3, 0xE503,
  0xDCC3, 0xDCC3, 0xED23, 0xA3A2, 0x5A22, 0x6242, 0x5A22, 0x5A22, 0x6A82, 0x5A22, 0x3942, 0x20C2, 0x1882, 0x1062, 0x1062, 0x1062,
  0x1062, 0x1082, 0x20E2, 0x3982, 0x18C2, 0x1082, 0x0862, 0x0862, 0x0862, 0x0862, 0x0862, 0x0862, 0x0862, 0x0862, 0x0862, 0x0862,
  0x0862, 0x0862, 0x0862, 0x0862, 0x0862, 0x0862, 0x0862, 0x0862, 0x0862, 0x0862, 0x0862, 0x0862, 0x0862, 0x0862, 0x0862, 0x0862,
  0x0862, 0x0862, 0x0862, 0x0862, 0x0862, 0x0862, 0x0862, 0x0862, 0x0862, 0x0862, 0x0862, 0x0862, 0x0862, 0x0862, 0x0862, 0x0862,
  0x0862, 0x0862, 0x0862, 0x0862, 0x0862, 0x0862, 0x0862, 0x0862, 0x0862, 0x0862, 0x0862, 0x0862, 0x0862, 0x0862, 0x0862, 0x0862,
  0x0862, 0x0862, 0x0862, 0x0862, 0x0862, 0x0862, 0x0862, 0x0862, 0x0862, 0x0862, 0x0862, 0x0862, 0x0862, 0x0862, 0x0862, 0x0862,
  0x0862, 0x0862, 0x0862, 0x0862, 0x0862, 0x0862, 0x0862, 0x0862, 0x0862, 0x0862, 0x0862, 0x0862, 0x0862, 0x0862, 0x0862, 0x0862,
  0x0862, 0x0862, 0x0862, 0x0862, 0x0862, 0x0862, 0x0862, 0x0862, 0x0862, 0x0862, 0x0862, 0x0862, 0x0862, 0x0862, 0x0862, 0x0862,
  0x0862, 0x0862, 0x0862, 0x0862, 0x0862, 0x0862, 0x0862, 0x0862, 0x0862, 0x0862, 0x0862, 0x0862, 0x0862, 0x0862, 0x0862, 0x0862,
  0x0862, 0x0862, 0x0862, 0x0862, 0x0862, 0x0862, 0x0862, 0x0862, 0x0862, 0x0862, 0x0862, 0x0862, 0x1062, 0x1062, 0x1062, 0x1062,
  0x1062, 0x1862, 0x1882, 0x2082, 0x2082, 0x2082, 0x2082, 0x2082, 0x28A2, 0x28A2, 0x30C2, 0x38C2, 0x40E2, 0x40E2, 0x38E2, 0x38C2,
  0x38C2, 0x38C2, 0x38C2, 0x4102, 0x4902, 0x5122, 0x5142, 0x6182, 0x6182, 0x5962, 0x6162, 0x6182, 0x81E2, 0xE362, 0xFE64, 0xFD03,
  0xDB22, 0xF3A2, 0xFBC2, 0xFB82, 0xFB41, 0xFB41, 0xFB21, 0xFB41, 0xFB21, 0xFB21, 0xFB61, 0xE321, 0x40C0, 0x2860, 0x2040, 0x2020,
  0x1820, 0x1820, 0x1820, 0x1820, 0x1820, 0x1020, 0x1000, 0x0800, 0x0800, 0x0800, 0x0800, 0x0800, 0x0800, 0x0800, 0x0800, 0x0800,
  0x0000, 0x0000, 0x0000, 0x0000, 0x0000, 0x0000, 0x0000, 0x0000, 0x1860, 0x38C0, 0x5960, 0x8201, 0xB2C1, 0xDB62, 0xF3E2, 0xFC02,
  0xF3E2, 0xD341, 0x9A81, 0x6181, 0x30C0, 0x1040, 0x0820, 0x2080, 0x5980, 0x8A61, 0x0000, 0x9AA1, 0xFC62, 0xF402, 0xFC62, 0xCB82,
  0x30E0, 0x0000, 0x0000, 0x0000, 0x0000, 0x0000, 0x0000, 0x3900, 0xCBA2, 0xFC82, 0xFC82, 0xE402, 0x2080, 0x0000, 0x92A1, 0x28A0,
  0x1060, 0xA301, 0x59C1, 0x0820, 0x0000, 0x0000, 0x1060, 0x61C1, 0xB362, 0xF482, 0xFD23, 0xFD43, 0xFD03, 0xF482, 0xDC02, 0xBB62,
  0x9AA1, 0x71E1, 0x4920, 0x2080, 0x0800, 0x0000, 0x0000, 0x0000, 0x1000, 0x2880, 0x4940, 0x7201, 0x92E1, 0xB3A2, 0xD442, 0xECC2,
  0xFD03, 0xFD43, 0xFD23, 0xFD23, 0xFD03, 0xFCE3, 0xF4C3, 0xFD23, 0x9AE1, 0x0800, 0x0800, 0x5161, 0xFD03, 0xECC3, 0xE4E3, 0xE503,
  0xDCE3, 0xDCE3, 0xED23, 0x9362, 0x5A22, 0x6242, 0x5A02, 0x5A02, 0x6282, 0x5A22, 0x3942, 0x20C2, 0x1882, 0x1062, 0x1062, 0x1062,
  0x1062, 0x1082, 0x18C2, 0x3982, 0x18C2, 0x1082, 0x1062, 0x0862, 0x0862, 0x0862, 0x0862, 0x0862, 0x0862, 0x0862, 0x0862, 0x0862,
  0x0862, 0x0862, 0x0862, 0x0862, 0x0862, 0x0862, 0x0862, 0x0862, 0x0862, 0x0862, 0x0862, 0x0862, 0x0862, 0x0862, 0x0862, 0x0862,
  0x0862, 0x0862, 0x0862, 0x0862, 0x0862, 0x0862, 0x0862, 0x0862, 0x0862, 0x0862, 0x0862, 0x0862, 0x0862, 0x0862, 0x0862, 0x0862,
  0x0862, 0x0862, 0x0862, 0x0862, 0x0862, 0x0862, 0x0862, 0x0862, 0x0862, 0x0862, 0x0862, 0x0862, 0x0862, 0x0862, 0x0862, 0x0862,
  0x0862, 0x0862, 0x0862, 0x0862, 0x0862, 0x0862, 0x0862, 0x0862, 0x0862, 0x0862, 0x0862, 0x0862, 0x0862, 0x0862, 0x0862, 0x0862,
  0x0862, 0x0862, 0x0862, 0x0862, 0x0862, 0x0862, 0x0862, 0x0862, 0x0862, 0x0862, 0x0862, 0x0862, 0x0862, 0x0862, 0x0862, 0x0862,
  0x0862, 0x0862, 0x0862, 0x0862, 0x0862, 0x0862, 0x0862, 0x0862, 0x0862, 0x0862, 0x0862, 0x0862, 0x0862, 0x0862, 0x0862, 0x0862,
  0x0862, 0x0862, 0x0862, 0x0862, 0x0862, 0x0862, 0x0862, 0x0862, 0x0862, 0x0862, 0x0862, 0x0862, 0x0862, 0x0862, 0x0862, 0x0862,
  0x0862, 0x0862, 0x0862, 0x0862, 0x0862, 0x0862, 0x0862, 0x0862, 0x0862, 0x0862, 0x0862, 0x1062, 0x1062, 0x1062, 0x1062, 0x1062,
  0x1062, 0x1862, 0x1862, 0x2082, 0x2082, 0x2082, 0x2082, 0x2082, 0x28A2, 0x28A2, 0x30A2, 0x30C2, 0x38E2, 0x40E2, 0x40E2, 0x38C2,
  0x38C2, 0x38C2, 0x38C2, 0x40E2, 0x4902, 0x5122, 0x5142, 0x6182, 0x69A2, 0x6162, 0x6162, 0x6162, 0x71C2, 0xD302, 0xFE04, 0xF564,
  0xD302, 0xF382, 0xFBC2, 0xFBA2, 0xFB61, 0xFB41, 0xFB41, 0xFB41, 0xFB41, 0xFB21, 0xFB41, 0xEB41, 0x48E0, 0x2860, 0x2840, 0x2020,
  0x1820, 0x1820, 0x1820, 0x1820, 0x1820, 0x1820, 0x1020, 0x1020, 0x1020, 0x0800, 0x0800, 0x0000, 0x0000, 0x0000, 0x0000, 0x0000,
  0x0000, 0x1020, 0x2880, 0x4900, 0x69A0, 0x9221, 0xBAC1, 0xDB61, 0xFBE2, 0xFC42, 0xFC42, 0xFC02, 0xD342, 0x9A61, 0x5980, 0x28A0,
  0x1040, 0x0820, 0x2080, 0x5140, 0x8241, 0xBB01, 0xE3C2, 0xFC82, 0xE3E2, 0x5160, 0x1040, 0xAAE1, 0xFC82, 0xFC42, 0xF422, 0xFC62,
  0xF442, 0xA2E1, 0x59A1, 0x3900, 0x4120, 0x1060, 0x1880, 0xF462, 0xFC82, 0xF462, 0xD3C2, 0x28C0, 0x0000, 0x8261, 0x7A41, 0x0000,
  0x8261, 0xFCC3, 0xE442, 0xFCC2, 0xBB82, 0x69E1, 0x1880, 0x0000, 0x0000, 0x0820, 0x4961, 0x9AE1, 0xDC22, 0xFCE2, 0xFD03, 0xFD03,
  0xFCE3, 0xFCC3, 0xFCA3, 0xEC82, 0xD402, 0xBB82, 0x92A1, 0x69E1, 0x4120, 0x2060, 0x0800, 0x0000, 0x0000, 0x0000, 0x0000, 0x1880,
  0x4120, 0x6A01, 0x92C1, 0xB382, 0xD422, 0xECA3, 0xF4C3, 0xFD23, 0x8261, 0x0000, 0x0800, 0x69E1, 0xFD23, 0xE4C3, 0xE503, 0xE503,
  0xDCE3, 0xDCE3, 0xE503, 0x8322, 0x5A22, 0x5A22, 0x5A02, 0x5202, 0x6262, 0x5A22, 0x3942, 0x20C2, 0x1882, 0x1062, 0x1062, 0x1062,
  0x1062, 0x1082, 0x18C2, 0x3982, 0x20E2, 0x1082, 0x1062, 0x0862, 0x0862, 0x0862, 0x0862, 0x0862, 0x0862, 0x0862, 0x0862, 0x0862,
  0x0862, 0x0862, 0x0862, 0x0862, 0x0862, 0x0862, 0x0862, 0x0862, 0x0862, 0x0862, 0x0862, 0x0862, 0x0862, 0x0862, 0x0862, 0x0862,
  0x0862, 0x0862, 0x0862, 0x0862, 0x0862, 0x0862, 0x0862, 0x0862, 0x0862, 0x0862, 0x0862, 0x0862, 0x0862, 0x0862, 0x0862, 0x0862,
  0x0862, 0x0862, 0x0862, 0x0862, 0x0862, 0x0862, 0x0862, 0x0862, 0x0862, 0x0862, 0x0862, 0x0862, 0x0862, 0x0862, 0x0862, 0x0862,
  0x0862, 0x0862, 0x0862, 0x0862, 0x0862, 0x0862, 0x0862, 0x0862, 0x0862, 0x0862, 0x0862, 0x0862, 0x0862, 0x0862, 0x0862, 0x0862,
  0x0862, 0x0862, 0x0862, 0x0862, 0x0862, 0x0862, 0x0862, 0x0862, 0x0862, 0x0862, 0x0862, 0x0862, 0x0862, 0x0862, 0x0862, 0x0862,
  0x0862, 0x0862, 0x0862, 0x0862, 0x0862, 0x0862, 0x0862, 0x0862, 0x0862, 0x0862, 0x0862, 0x0862, 0x0862, 0x0862, 0x0862, 0x0862,
  0x0862, 0x0862, 0x0862, 0x0862, 0x0862, 0x0862, 0x0862, 0x0862, 0x0862, 0x0862, 0x0862, 0x0862, 0x0862, 0x0862, 0x0862, 0x0862,
  0x0862, 0x0862, 0x0862, 0x0862, 0x0862, 0x0862, 0x0862, 0x0862, 0x0862, 0x0862, 0x0862, 0x0862, 0x0862, 0x1062, 0x1062, 0x1062,
  0x1062, 0x1062, 0x1862, 0x1882, 0x2082, 0x2082, 0x2082, 0x2082, 0x2882, 0x28A2, 0x28A2, 0x30C2, 0x38C2, 0x40E2, 0x40E2, 0x38E2,
  0x38C2, 0x38C2, 0x38C2, 0x40E2, 0x4902, 0x4922, 0x5142, 0x5962, 0x69A2, 0x6182, 0x6162, 0x6162, 0x69A2, 0xC2A2, 0xFD64, 0xFDC4,
  0xCAE2, 0xEB82, 0xFBA2, 0xFBA2, 0xFB62, 0xFB41, 0xFB41, 0xFB41, 0xFB41, 0xFB21, 0xFB41, 0xF361, 0x5920, 0x2860, 0x2860, 0x2040,
  0x2020, 0x1820, 0x1820, 0x1820, 0x1020, 0x1000, 0x0800, 0x0000, 0x0000, 0x0000, 0x0800, 0x1840, 0x38C0, 0x5940, 0x79C0, 0xA261,
  0xC2E1, 0xDB41, 0xFBC2, 0xFBE2, 0xFC02, 0xFC22, 0xFBE2, 0xCB21, 0x9A61, 0x5980, 0x28A0, 0x1040, 0x0820, 0x2080, 0x4940, 0x8221,
  0xBB01, 0xE3A2, 0xFC22, 0xFC62, 0xFC62, 0xFC82, 0xFC42, 0x7A01, 0x0000, 0x4940, 0xEC02, 0xFC62, 0x69C1, 0x7201, 0xFC82, 0xF442,
  0xF442, 0xFC82, 0xFC82, 0xFC62, 0xFCA2, 0x4940, 0x0000, 0xE422, 0xFCA2, 0xFCC3, 0xCBA2, 0x0000, 0x1040, 0x8A81, 0x0000, 0x28C0,
  0xFCE3, 0x7A41, 0x1040, 0x8261, 0xF482, 0xFD43, 0xF4A2, 0xBBA2, 0x7A61, 0x28E0, 0x0000, 0x0000, 0x0000, 0x4120, 0x8AA1, 0xCBE2,
  0xF4A2, 0xFCC3, 0xFCC3, 0xFCC2, 0xFCC2, 0xFCE3, 0xFD03, 0xFD03, 0xFCC3, 0xEC82, 0xD402, 0xB362, 0x8AA1, 0x61E1, 0x3900, 0x1040,
  0x0000, 0x0000, 0x0000, 0x0800, 0x0800, 0x8261, 0xFD23, 0xFD23, 0x61C1, 0x0800, 0x0800, 0x8281, 0xFD43, 0xE4C3, 0xE503, 0xE503,
  0xDCE3, 0xE503, 0xDCE3, 0x7AC2, 0x5A22, 0x5A22, 0x5202, 0x5202, 0x6262, 0x5A22, 0x3942, 0x20C2, 0x1882, 0x1062, 0x1062, 0x1062,
  0x1062, 0x1082, 0x18A2, 0x3962, 0x2102, 0x1082, 0x1062, 0x0862, 0x0862, 0x0862, 0x0862, 0x0862, 0x0862, 0x0862, 0x0862, 0x0862,
  0x0862, 0x0862, 0x0862, 0x0862, 0x0862, 0x0862, 0x0862, 0x0862, 0x0862, 0x0862, 0x0862, 0x0862, 0x0862, 0x0862, 0x0862, 0x0862,
  0x0862, 0x0862, 0x0862, 0x0862, 0x0862, 0x0862, 0x0862, 0x0862, 0x0862, 0x0862, 0x0862, 0x0862, 0x0862, 0x0862, 0x0862, 0x0862,
  0x0862, 0x0862, 0x0862, 0x0862, 0x0862, 0x0862, 0x0862, 0x0862, 0x0862, 0x0862, 0x0862, 0x0862, 0x0862, 0x0862, 0x0862, 0x0862,
  0x0862, 0x0862, 0x0862, 0x0862, 0x0862, 0x0862, 0x0862, 0x0862, 0x0862, 0x0862, 0x0862, 0x0862, 0x0862, 0x0862, 0x0862, 0x0862,
  0x0862, 0x0862, 0x0862, 0x0862, 0x0862, 0x0862, 0x0862, 0x0862, 0x0862, 0x0862, 0x0862, 0x0862, 0x0862, 0x0862, 0x0862, 0x0862,
  0x0862, 0x0862, 0x0862, 0x0862, 0x0862, 0x0862, 0x0862, 0x0862, 0x0862, 0x0862, 0x0862, 0x0862, 0x0862, 0x0862, 0x0862, 0x0862,
  0x0862, 0x0862, 0x0862, 0x0862, 0x0862, 0x0862, 0x0862, 0x0862, 0x0862, 0x0862, 0x0862, 0x0862, 0x0862, 0x0862, 0x0862, 0x0862,
  0x0862, 0x0862, 0x0862, 0x0862, 0x0862, 0x0862, 0x0862, 0x0862, 0x0862, 0x0862, 0x0862, 0x0862, 0x1062, 0x1062, 0x1062, 0x1062,
  0x1062, 0x1062, 0x1862, 0x1882, 0x2082, 0x2082, 0x2082, 0x2082, 0x2082, 0x28A2, 0x28A2, 0x30C2, 0x38C2, 0x40E2, 0x4102, 0x40E2,
  0x38C2, 0x38C2, 0x38C2, 0x40E2, 0x4902, 0x4922, 0x5142, 0x5962, 0x69A2, 0x6182, 0x6162, 0x6162, 0x6182, 0xAA42, 0xFCA3, 0xFE04,
  0xC2E2, 0xE362, 0xFBA2, 0xFBC2, 0xFB82, 0xFB61, 0xFB41, 0xFB41, 0xFB41, 0xFB41, 0xFB41, 0xFB81, 0x7180, 0x2860, 0x2860, 0x1820,
  0x1000, 0x0800, 0x0800, 0x1000, 0x2040, 0x3080, 0x50E0, 0x6960, 0x9201, 0xB281, 0xD301, 0xEB61, 0xFBA1, 0xFBE2, 0xFBE2, 0xFBE2,
  0xFC22, 0xFC02, 0xE361, 0xF3C2, 0xFC02, 0x71C1, 0x1860, 0x1040, 0x2080, 0x4920, 0x8201, 0xBAE1, 0xE3A2, 0xFC02, 0xFC42, 0xFC42,
  0xFC42, 0xFC22, 0xF402, 0xFC22, 0xFC62, 0xB301, 0x1880, 0x1860, 0xB321, 0xFCC2, 0xAB01, 0x2080, 0x0000, 0x0000, 0x69E1, 0xF462,
  0xFCA2, 0xF462, 0xF442, 0xF442, 0xFCA2, 0x4960, 0x0000, 0xCBA2, 0xC3A2, 0x4140, 0xC3A2, 0x8A61, 0x0000, 0x1040, 0x1040, 0x1040,
  0xB362, 0x28C0, 0x0000, 0x0000, 0x1060, 0x7A61, 0xE462, 0xFD43, 0xFD23, 0xF4C2, 0xCC02, 0x8AC1, 0x4140, 0x0000, 0x0000, 0x0000,
  0x38E0, 0x8261, 0xC3A2, 0xF4A2, 0xFD03, 0xFCE3, 0xF4C2, 0xF4A2, 0xF4A3, 0xFCC3, 0xFCE3, 0xFD23, 0xFD43, 0xFD43, 0xFD03, 0xE4A3,
  0xCC22, 0xAB62, 0x8AA1, 0x4100, 0x0800, 0xA322, 0xFD23, 0xFCE3, 0x4120, 0x0800, 0x0800, 0x9B22, 0xFD23, 0xE4C3, 0xE503, 0xDD03,
  0xDCE3, 0xE503, 0xD4C3, 0x6A82, 0x6222, 0x5A02, 0x5202, 0x51E2, 0x6242, 0x5A22, 0x3942, 0x20A2, 0x1882, 0x1062, 0x1062, 0x1062,
  0x1062, 0x1082, 0x18A2, 0x3162, 0x2922, 0x1082, 0x1082, 0x0862, 0x0862, 0x0862, 0x0862, 0x0862, 0x0862, 0x0862, 0x0862, 0x0862,
  0x0862, 0x0862, 0x0862, 0x0862, 0x0862, 0x0862, 0x0862, 0x0862, 0x0862, 0x0862, 0x0862, 0x0862, 0x0862, 0x0862, 0x0862, 0x0862,
  0x0862, 0x0862, 0x0862, 0x0862, 0x0862, 0x0862, 0x0862, 0x0862, 0x0862, 0x0862, 0x0862, 0x0862, 0x0862, 0x0862, 0x0862, 0x0862,
  0x0862, 0x0862, 0x0862, 0x0862, 0x0862, 0x0862, 0x0862, 0x0862, 0x0862, 0x0862, 0x0862, 0x0862, 0x0862, 0x0862, 0x0862, 0x0862,
  0x0862, 0x0862, 0x0862, 0x0862, 0x0862, 0x0862, 0x0862, 0x0862, 0x0862, 0x0862, 0x0862, 0x0862, 0x0862, 0x0862, 0x0862, 0x0862,
  0x0862, 0x0862, 0x0862, 0x0862, 0x0862, 0x0862, 0x0862, 0x0862, 0x0862, 0x0862, 0x0862, 0x0862, 0x0862, 0x0862, 0x0862, 0x0862,
  0x0862, 0x0862, 0x0862, 0x0862, 0x0862, 0x0862, 0x0862, 0x0862, 0x0862, 0x0862, 0x0862, 0x0862, 0x0862, 0x0862, 0x0862, 0x0862,
  0x0862, 0x0862, 0x0862, 0x0862, 0x0862, 0x0862, 0x0862, 0x0862, 0x0862, 0x0862, 0x0862, 0x0862, 0x0862, 0x0862, 0x0862, 0x0862,
  0x0862, 0x0862, 0x0862, 0x0862, 0x0862, 0x0862, 0x0862, 0x0862, 0x0862, 0x0862, 0x0862, 0x0862, 0x0862, 0x1062, 0x1062, 0x1062,
  0x1062, 0x1062, 0x1862, 0x1882, 0x2082, 0x2082, 0x2082, 0x2082, 0x2082, 0x28A2, 0x28A2, 0x30A2, 0x38C2, 0x38E2, 0x4102, 0x40E2,
  0x40E2, 0x38C2, 0x38C2, 0x40E2, 0x4902, 0x4922, 0x5122, 0x5142, 0x69A2, 0x69A2, 0x6182, 0x6162, 0x6162, 0x9202, 0xF3E2, 0xFDE4,
  0xC322, 0xCB22, 0xFBC2, 0xFBA2, 0xFBA2, 0xFB61, 0xFB41, 0xFB41, 0xFB41, 0xFB41, 0xFB41, 0xFB81, 0x81E1, 0x3080, 0x40A0, 0x48C0,
  0x6120, 0x81A0, 0xA221, 0xC2A1, 0xDB01, 0xF361, 0xFB81, 0xFBC2, 0xFBC2, 0xFBC1, 0xFBA1, 0xFBE1, 0xFBE2, 0xF3A1, 0xF3A2, 0xF3C2,
  0xC301, 0x5120, 0x1840, 0xDB61, 0xFC42, 0xA281, 0x0000, 0xD341, 0xFC22, 0xFC42, 0xFC42, 0xFC22, 0xFC22, 0xF402, 0xF402, 0xF402,
  0xF402, 0xF402, 0xFC62, 0xE3C2, 0x5160, 0x0000, 0x7201, 0xFC82, 0xE402, 0x5160, 0x0000, 0x0000, 0x5980, 0x28A0, 0x0000, 0x30E0,
  0xA2E1, 0xEC22, 0xFCA2, 0xFC82, 0xFCA2, 0x5180, 0x0000, 0x7201, 0x1040, 0x20A0, 0x28A0, 0xF462, 0x28A0, 0x0820, 0x5980, 0x0840,
  0x1060, 0x9B01, 0x30E0, 0x0000, 0x0000, 0x0000, 0x1880, 0x8281, 0xE462, 0xFD23, 0xFD03, 0xFD03, 0xFD03, 0xDC42, 0x9B01, 0x5180,
  0x1840, 0x0000, 0x0000, 0x30A0, 0x7221, 0xBB82, 0xEC82, 0xFD03, 0xFD03, 0xFCC3, 0xF4A3, 0xF4C3, 0xF4E3, 0xF4E3, 0xFD03, 0xFD23,
  0xFD43, 0xFD43, 0xFD43, 0x5140, 0x1020, 0xDC42, 0xFD23, 0xE482, 0x2880, 0x1000, 0x1000, 0xBBC2, 0xFD23, 0xE4E3, 0xE523, 0xDD03,
  0xDCE3, 0xE523, 0xC463, 0x6242, 0x6242, 0x5A02, 0x51E2, 0x51E2, 0x6242, 0x5A22, 0x3942, 0x20A2, 0x1882, 0x1062, 0x1062, 0x1062,
  0x1062, 0x1082, 0x18A2, 0x3162, 0x2922, 0x1082, 0x1082, 0x0862, 0x0862, 0x0862, 0x0862, 0x0862, 0x0862, 0x0862, 0x0862, 0x0862,
  0x0862, 0x0862, 0x0862, 0x0862, 0x0862, 0x0862, 0x0862, 0x0862, 0x0862, 0x0862, 0x0862, 0x0862, 0x0862, 0x0862, 0x0862, 0x0862,
  0x0862, 0x0862, 0x0862, 0x0862, 0x0862, 0x0862, 0x0862, 0x0862, 0x0862, 0x0862, 0x0862, 0x0862, 0x0862, 0x0862, 0x0862, 0x0862,
  0x0862, 0x0862, 0x0862, 0x0862, 0x0862, 0x0862, 0x0862, 0x0862, 0x0862, 0x0862, 0x0862, 0x0862, 0x0862, 0x0862, 0x0862, 0x0862,
  0x0862, 0x0862, 0x0862, 0x0862, 0x0862, 0x0862, 0x0862, 0x0862, 0x0862, 0x0862, 0x0862, 0x0862, 0x0862, 0x0862, 0x0862, 0x0862,
  0x0862, 0x0862, 0x0862, 0x0862, 0x0862, 0x0862, 0x0862, 0x0862, 0x0862, 0x0862, 0x0862, 0x0862, 0x0862, 0x0862, 0x0862, 0x0862,
  0x0862, 0x0862, 0x0862, 0x0862, 0x0862, 0x0862, 0x0862, 0x0862, 0x0862, 0x0862, 0x0862, 0x0862, 0x0862, 0x0862, 0x0862, 0x0862,
  0x0862, 0x0862, 0x0862, 0x0862, 0x0862, 0x0862, 0x0862, 0x0862, 0x0862, 0x0862, 0x0862, 0x0862, 0x0862, 0x0862, 0x0862, 0x0862,
  0x0862, 0x0862, 0x0862, 0x0862, 0x0862, 0x0862, 0x0862, 0x0862, 0x0862, 0x0862, 0x0862, 0x0862, 0x1062, 0x1062, 0x1062, 0x1062,
  0x1062, 0x1062, 0x1862, 0x1862, 0x1882, 0x2082, 0x2082, 0x2082, 0x2082, 0x28A2, 0x28A2, 0x30A2, 0x30C2, 0x38C2, 0x4102, 0x4102,
  0x40E2, 0x40C2, 0x38C2, 0x40E2, 0x4102, 0x4922, 0x5122, 0x5142, 0x6182, 0x69A2, 0x6182, 0x6162, 0x5962, 0x79E2, 0xDB22, 0xFD84,
  0xCB82, 0xB2C2, 0xFBC2, 0xFBA2, 0xFBA2, 0xFB82, 0xFB61, 0xFB41, 0xFB41, 0xFB41, 0xFB41, 0xFB61, 0xDB21, 0xD2E1, 0xEB21, 0xFB61,
  0xFB81, 0xFBA1, 0xFBA1, 0xFBA1, 0xFB81, 0xFB81, 0xFB81, 0xF381, 0xF381, 0xF381, 0xFBE2, 0xCB01, 0x79C1, 0xFBC2, 0xFC02, 0xFC02,
  0x5140, 0x0000, 0x0000, 0x8201, 0xFC42, 0xFC02, 0x2080, 0x8A21, 0xFC42, 0xF3E2, 0xF3E2, 0xF402, 0xF402, 0xF402, 0xF402, 0xF402,
  0xFC42, 0xFC42, 0x8A61, 0x0820, 0x38E0, 0xDBC2, 0xFC82, 0x8A61, 0x0820, 0x0000, 0x1060, 0x0820, 0x8A81, 0xE402, 0x4940, 0x0000,
  0x0000, 0x1880, 0x61C1, 0xCBA2, 0xFCE2, 0x5180, 0x0000, 0x61E1, 0x20A0, 0xCBE2, 0x2080, 0x8241, 0xC3A2, 0x0000, 0x20A0, 0x8281,
  0x0000, 0x30E0, 0xD422, 0x51A1, 0x0000, 0x0020, 0x0000, 0x0000, 0x1880, 0x82A1, 0xE482, 0xFD23, 0xFCE3, 0xFCE2, 0xFD23, 0xFD03,
  0xEC62, 0xB362, 0x69E1, 0x2880, 0x0000, 0x0000, 0x2060, 0x61C1, 0xAB22, 0xE462, 0xFD03, 0xFD23, 0xFD23, 0xF503, 0xF503, 0xF503,
  0xF503, 0xFD23, 0xD422, 0x1000, 0x4100, 0xF4E3, 0xFD23, 0xCC02, 0x1020, 0x1000, 0x2060, 0xDC62, 0xF503, 0xE4E3, 0xE523, 0xDD03,
  0xDCE3, 0xE543, 0xABE3, 0x5A42, 0x6242, 0x5A02, 0x51E2, 0x51E2, 0x6242, 0x5A02, 0x3942, 0x20A2, 0x1882, 0x1062, 0x1062, 0x1062,
  0x1062, 0x1082, 0x10A2, 0x3142, 0x2922, 0x1082, 0x1082, 0x0862, 0x0862, 0x0862, 0x0862, 0x0862, 0x0862, 0x0862, 0x0862, 0x0862,
  0x0862, 0x0862, 0x0862, 0x0862, 0x0862, 0x0862, 0x0862, 0x0862, 0x0862, 0x0862, 0x0862, 0x0862, 0x0862, 0x0862, 0x0862, 0x0862,
  0x0862, 0x0862, 0x0862, 0x0862, 0x0862, 0x0862, 0x0862, 0x0862, 0x0862, 0x0862, 0x0862, 0x0862, 0x0862, 0x0862, 0x0862, 0x0862,
  0x0862, 0x0862, 0x0862, 0x0862, 0x0862, 0x0862, 0x0862, 0x0862, 0x0862, 0x0862, 0x0862, 0x0862, 0x0862, 0x0862, 0x0862, 0x0862,
  0x0862, 0x0862, 0x0862, 0x0862, 0x0862, 0x0862, 0x0862, 0x0862, 0x0862, 0x0862, 0x0862, 0x0862, 0x0862, 0x0862, 0x0862, 0x0862,
  0x0862, 0x0862, 0x0862, 0x0862, 0x0862, 0x0862, 0x0862, 0x0862, 0x0862, 0x0862, 0x0862, 0x0862, 0x0862, 0x0862, 0x0862, 0x0862,
  0x0862, 0x0862, 0x0862, 0x0862, 0x0862, 0x0862, 0x0862, 0x0862, 0x0862, 0x0862, 0x0862, 0x0862, 0x0862, 0x0862, 0x0862, 0x0862,
  0x0862, 0x0862, 0x0862, 0x0862, 0x0862, 0x0862, 0x0862, 0x0862, 0x0862, 0x0862, 0x0862, 0x0862, 0x0862, 0x0862, 0x0862, 0x0862,
  0x0862, 0x0862, 0x0862, 0x0862, 0x0862, 0x0862, 0x0862, 0x0862, 0x0862, 0x0862, 0x0862, 0x0862, 0x0862, 0x0862, 0x1062, 0x1062,
  0x1062, 0x1062, 0x1062, 0x1862, 0x1882, 0x2082, 0x2082, 0x2082, 0x2082, 0x28A2, 0x28A2, 0x28A2, 0x30C2, 0x38C2, 0x40E2, 0x4902,
  0x40E2, 0x40E2, 0x40C2, 0x40E2, 0x40E2, 0x4922, 0x5122, 0x5142, 0x5962, 0x69A2, 0x6182, 0x6182, 0x5962, 0x69A2, 0xC2A2, 0xFCC3,
  0xDC03, 0x9A42, 0xF3A2, 0xFBA2, 0xFBA2, 0xFB82, 0xFB61, 0xFB61, 0xFB41, 0xFB61, 0xFB61, 0xFB61, 0xFBA1, 0xFBA2, 0xFB61, 0xFB61,
  0xFB61, 0xF361, 0xF361, 0xF361, 0xFB81, 0xFB81, 0xFB81, 0xF381, 0xFBC1, 0xFBA2, 0x9201, 0x1020, 0x0000, 0xC2E1, 0xB2A1, 0x38E0,
  0x0820, 0x0820, 0x0000, 0x0820, 0xE381, 0xFC42, 0x9261, 0x1040, 0xF402, 0xFC02, 0xF402, 0xF402, 0xF422, 0xF402, 0xFC22, 0xFC62,
  0xC362, 0x30C0, 0x1040, 0xA2C1, 0xFCA2, 0xC362, 0x30E0, 0x0000, 0x0000, 0x5180, 0x3900, 0x0000, 0x0000, 0x3900, 0xAB01, 0x6A01,
  0x20A0, 0x0000, 0x0000, 0x8AA1, 0xFD23, 0x59A1, 0x0000, 0x61C1, 0x28C0, 0xA301, 0xC3A2, 0x0000, 0xE422, 0x61C1, 0x0000, 0x61C1,
  0x92C1, 0x0000, 0x3920, 0xF4E3, 0x8281, 0x0000, 0x0000, 0x0020, 0x0000, 0x0000, 0x1880, 0x8AC1, 0xECA2, 0xFD23, 0xF4C3, 0xF4A2,
  0xFCC3, 0xFD03, 0xFD03, 0xF4A3, 0xBBA2, 0x7A41, 0x30C0, 0x0800, 0x0800, 0x2060, 0x5981, 0x9AE1, 0xD442, 0xFD23, 0xFD43, 0xF523,
  0xF503, 0xFD63, 0x92E1, 0x0000, 0x7A41, 0xFD43, 0xFD43, 0xA322, 0x0800, 0x1000, 0x38E0, 0xF4E3, 0xECE3, 0xE503, 0xE523, 0xDD03,
  0xDD03, 0xE543, 0x9363, 0x5A42, 0x6222, 0x5A02, 0x51C2, 0x51C2, 0x6242, 0x5202, 0x3142, 0x20A2, 0x1882, 0x1062, 0x1062, 0x1062,
  0x1062, 0x1082, 0x10A2, 0x3142, 0x2942, 0x1082, 0x1082, 0x0862, 0x0862, 0x0862, 0x0862, 0x0862, 0x0862, 0x0862, 0x0862, 0x0862,
  0x0862, 0x0862, 0x0862, 0x0862, 0x0862, 0x0862, 0x0862, 0x0862, 0x0862, 0x0862, 0x0862, 0x0862, 0x0862, 0x0862, 0x0862, 0x0862,
  0x0862, 0x0862, 0x0862, 0x0862, 0x0862, 0x0862, 0x0862, 0x0862, 0x0862, 0x0862, 0x0862, 0x0862, 0x0862, 0x0862, 0x0862, 0x0862,
  0x0862, 0x0862, 0x0862, 0x0862, 0x0862, 0x0862, 0x0862, 0x0862, 0x0862, 0x0862, 0x0862, 0x0862, 0x0862, 0x0862, 0x0862, 0x0862,
  0x0862, 0x0862, 0x0862, 0x0862, 0x0862, 0x0862, 0x0862, 0x0862, 0x0862, 0x0862, 0x0862, 0x0862, 0x0862, 0x0862, 0x0862, 0x0862,
  0x0862, 0x0862, 0x0862, 0x0862, 0x0862, 0x0862, 0x0862, 0x0862, 0x0862, 0x0862, 0x0862, 0x0862, 0x0862, 0x0862, 0x0862, 0x0862,
  0x0862, 0x0862, 0x0862, 0x0862, 0x0862, 0x0862, 0x0862, 0x0862, 0x0862, 0x0862, 0x0862, 0x0862, 0x0862, 0x0862, 0x0862, 0x0862,
  0x0862, 0x0862, 0x0862, 0x0862, 0x0862, 0x0862, 0x0862, 0x0862, 0x0862, 0x0862, 0x0862, 0x0862, 0x0862, 0x0862, 0x0862, 0x0862,
  0x0862, 0x0862, 0x0862, 0x0862, 0x0862, 0x0862, 0x0862, 0x0862, 0x0862, 0x0862, 0x0862, 0x0862, 0x0862, 0x1062, 0x1062, 0x1062,
  0x1062, 0x1062, 0x1062, 0x1862, 0x1882, 0x2082, 0x2082, 0x2082, 0x2082, 0x28A2, 0x28A2, 0x28A2, 0x30C2, 0x38C2, 0x38E2, 0x4902,
  0x4102, 0x40E2, 0x40E2, 0x40E2, 0x40E2, 0x4902, 0x5122, 0x5142, 0x5962, 0x69A2, 0x69A2, 0x6182, 0x6162, 0x6162, 0xAA42, 0xF402,
  0xF483, 0x9222, 0xE362, 0xFBC2, 0xFBA2, 0xFBA2, 0xFB81, 0xFB61, 0xFB61, 0xFB61, 0xFB61, 0xFB61, 0xFB61, 0xF3A1, 0xFB61, 0xFB61,
  0xFB61, 0xFB61, 0xFBA1, 0xFBA1, 0xFB81, 0xFB81, 0xFBA1, 0xFBE2, 0xCB01, 0x40E0, 0x0000, 0x0800, 0x0800, 0x1040, 0x0000, 0x0000,
  0x0000, 0x0000, 0x0820, 0x5960, 0xDB81, 0xF402, 0xF3E2, 0x1040, 0x9A81, 0xFC62, 0xF402, 0xF402, 0xF422, 0xFC62, 0xEC02, 0x69C1,
  0x0000, 0x61A1, 0xFC42, 0xF442, 0x69C1, 0x0000, 0x0000, 0x28C0, 0xA2E1, 0x5160, 0x0000, 0x61C1, 0x7A21, 0x0000, 0x0000, 0x20A0,
  0x69E1, 0x69E1, 0x0000, 0xC382, 0xFD03, 0x59A1, 0x0000, 0x4961, 0x5160, 0x61C1, 0xFD43, 0x4960, 0x4120, 0xEC62, 0x1060, 0x0000,
  0xB362, 0x7A61, 0x0000, 0x4961, 0xFD43, 0xAB62, 0x1060, 0x0000, 0x0000, 0x0000, 0x0000, 0x0000, 0x20A0, 0x8AC1, 0xECA2, 0xFD23,
  0xFCC2, 0xF4A2, 0xF4C3, 0xFCE3, 0xFD03, 0xFD23, 0xFCE3, 0x4940, 0x1000, 0x1820, 0x0800, 0x0000, 0x1040, 0x3920, 0xC402, 0xFD63,
  0xF503, 0xFD23, 0x5160, 0x0800, 0xB3A2, 0xFD43, 0xFD43, 0x7221, 0x0800, 0x0800, 0x61C1, 0xFD43, 0xE4E3, 0xE503, 0xDD23, 0xDD03,
  0xDD03, 0xDD03, 0x7AE2, 0x6242, 0x5A22, 0x51E2, 0x51C2, 0x49C2, 0x6242, 0x5202, 0x3122, 0x20A2, 0x1882, 0x1062, 0x1062, 0x1062,
  0x1062, 0x1082, 0x10A2, 0x2922, 0x3142, 0x1082, 0x1082, 0x0862, 0x0862, 0x0862, 0x0862, 0x0862, 0x0862, 0x0862, 0x0862, 0x0862,
  0x0862, 0x0862, 0x0862, 0x0862, 0x0862, 0x0862, 0x0862, 0x0862, 0x0862, 0x0862, 0x0862, 0x0862, 0x0862, 0x0862, 0x0862, 0x0862,
  0x0862, 0x0862, 0x0862, 0x0862, 0x0862, 0x0862, 0x0862, 0x0862, 0x0862, 0x0862, 0x0862, 0x0862, 0x0862, 0x0862, 0x0862, 0x0862,
  0x0862, 0x0862, 0x0862, 0x0862, 0x0862, 0x0862, 0x0862, 0x0862, 0x0862, 0x0862, 0x0862, 0x0862, 0x0862, 0x0862, 0x0862, 0x0862,
  0x0862, 0x0862, 0x0862, 0x0862, 0x0862, 0x0862, 0x0862, 0x0862, 0x0862, 0x0862, 0x0862, 0x0862, 0x0862, 0x0862, 0x0862, 0x0862,
  0x0862, 0x0862, 0x0862, 0x0862, 0x0862, 0x0862, 0x0862, 0x0862, 0x0862, 0x0862, 0x0862, 0x0862, 0x0862, 0x0862, 0x0862, 0x0862,
  0x0862, 0x0862, 0x0862, 0x0862, 0x0862, 0x0862, 0x0862, 0x0862, 0x0862, 0x0862, 0x0862, 0x0862, 0x0862, 0x0862, 0x0862, 0x0862,
  0x0862, 0x0862, 0x0862, 0x0862, 0x0862, 0x0862, 0x0862, 0x0862, 0x0862, 0x0862, 0x0862, 0x0862, 0x0862, 0x0862, 0x0862, 0x0862,
  0x0862, 0x0862, 0x0862, 0x0862, 0x0862, 0x0862, 0x0862, 0x0862, 0x0862, 0x0862, 0x0862, 0x0862, 0x0862, 0x1062, 0x1062, 0x1062,
  0x1062, 0x1062, 0x1062, 0x1862, 0x1862, 0x2082, 0x2082, 0x2082, 0x2082, 0x28A2, 0x28A2, 0x28A2, 0x30A2, 0x30C2, 0x38C2, 0x4102,
  0x4902, 0x40E2, 0x40E2, 0x40E2, 0x40E2, 0x4902, 0x5122, 0x5142, 0x5142, 0x6182, 0x69A2, 0x6182, 0x6162, 0x5962, 0x8A02, 0xE362,
  0xFCE3, 0x9242, 0xC2E2, 0xFBE2, 0xFB82, 0xFBA2, 0xFB82, 0xFB61, 0xFB61, 0xFB61, 0xFB61, 0xFB61, 0xFB61, 0xFBA2, 0xF382, 0xFB61,
  0xFBA1, 0xFBA1, 0xC2C1, 0xD2E1, 0xFBA1, 0xFBC2, 0xFBA2, 0x89E1, 0x1020, 0x0800, 0x1820, 0x1000, 0x0800, 0x0800, 0x0800, 0x0000,
  0x1860, 0x71E1, 0xD361, 0xFC42, 0xFC42, 0xFC02, 0xFC62, 0x7A01, 0x28A0, 0xFC42, 0xF402, 0xFC42, 0xFC62, 0xA2C1, 0x1040, 0x28A0,
  0xCB82, 0xFCC2, 0xA2C1, 0x1860, 0x0000, 0x0000, 0x7201, 0xDBE2, 0x4940, 0x0000, 0x61C1, 0xA301, 0xEC42, 0xCBE2, 0x5180, 0x0000,
  0x8A81, 0x6A01, 0x0000, 0xDC22, 0xFD03, 0x61C1, 0x0000, 0x30E0, 0x7221, 0x30E0, 0xFCE3, 0xE442, 0x0000, 0xAB42, 0xA301, 0x0000,
  0x1880, 0xECA2, 0x59C1, 0x0000, 0x61E1, 0xFD63, 0xD442, 0x3100, 0x0000, 0x0000, 0x0000, 0x0000, 0x0000, 0x0000, 0x20A0, 0x92C1,
  0xECA2, 0xFD23, 0xFCE3, 0xF4C3, 0xF4C3, 0xFCE3, 0xDC62, 0x2060, 0x1000, 0x1820, 0x1820, 0x1020, 0x0800, 0x0000, 0xC422, 0xFD63,
  0xFD43, 0xD442, 0x1820, 0x30A0, 0xECA3, 0xFD23, 0xFD03, 0x4120, 0x1000, 0x0800, 0x92E1, 0xFD63, 0xE4E3, 0xE523, 0xDD23, 0xDD03,
  0xE523, 0xCCA3, 0x6A82, 0x6242, 0x5A02, 0x51C2, 0x49A2, 0x49C2, 0x6242, 0x51E2, 0x3102, 0x20A2, 0x1882, 0x1062, 0x1062, 0x1062,
  0x1062, 0x1082, 0x10A2, 0x2922, 0x3142, 0x1082, 0x1082, 0x0862, 0x0862, 0x0862, 0x0862, 0x0862, 0x0862, 0x0862, 0x0862, 0x0862,
  0x0862, 0x0862, 0x0862, 0x0862, 0x0862, 0x0862, 0x0862, 0x0862, 0x0862, 0x0862, 0x0862, 0x0862, 0x0862, 0x0862, 0x0862, 0x0862,
  0x0862, 0x0862, 0x0862, 0x0862, 0x0862, 0x0862, 0x0862, 0x0862, 0x0862, 0x0862, 0x0862, 0x0862, 0x0862, 0x0862, 0x0862, 0x0862,
  0x0862, 0x0862, 0x0862, 0x0862, 0x0862, 0x0862, 0x0862, 0x0862, 0x0862, 0x0862, 0x0862, 0x0862, 0x0862, 0x0862, 0x0862, 0x0862,
  0x0862, 0x0862, 0x0862, 0x0862, 0x0862, 0x0862, 0x0862, 0x0862, 0x0862, 0x0862, 0x0862, 0x0862, 0x0862, 0x0862, 0x0862, 0x0862,
  0x0862, 0x0862, 0x0862, 0x0862, 0x0862, 0x0862, 0x0862, 0x0862, 0x0862, 0x0862, 0x0862, 0x0862, 0x0862, 0x0862, 0x0862, 0x0862,
  0x0862, 0x0862, 0x0862, 0x0862, 0x0862, 0x0862, 0x0862, 0x0862, 0x0862, 0x0862, 0x0862, 0x0862, 0x0862, 0x0862, 0x0862, 0x0862,
  0x0862, 0x0862, 0x0862, 0x0862, 0x0862, 0x0862, 0x0862, 0x0862, 0x0862, 0x0862, 0x0862, 0x0862, 0x0862, 0x0862, 0x0862, 0x0862,
  0x0862, 0x0862, 0x0862, 0x0862, 0x0862, 0x0862, 0x0862, 0x0862, 0x0862, 0x0862, 0x0862, 0x0862, 0x0862, 0x1062, 0x1062, 0x1062,
  0x1062, 0x1062, 0x1062, 0x1062, 0x1862, 0x1882, 0x2082, 0x2082, 0x2082, 0x28A2, 0x28A2, 0x28A2, 0x28A2, 0x30C2, 0x38C2, 0x40E2,
  0x4902, 0x4902, 0x40E2, 0x40E2, 0x40E2, 0x4902, 0x5122, 0x5142, 0x5142, 0x6162, 0x69C2, 0x69A2, 0x6182, 0x5962, 0x71A2, 0xCAC2,
  0xFCC3, 0xAAE2, 0x9A42, 0xFBE2, 0xFBA2, 0xFBA2, 0xFBA2, 0xFB82, 0xFB61, 0xFB61, 0xFB61, 0xFB61, 0xFB61, 0xFBA1, 0xFBC2, 0xFB81,
  0xC2A1, 0x6960, 0x1000, 0x48E0, 0xFBE2, 0xCAE1, 0x40C0, 0x0000, 0x1000, 0x1020, 0x1000, 0x1000, 0x1000, 0x0800, 0x1840, 0x8A21,
  0xE3A2, 0xFC62, 0xFC62, 0xDBA2, 0x71E1, 0x71E1, 0xFC62, 0xE3C2, 0x0820, 0xB301, 0xFCA2, 0xD3A2, 0x4120, 0x0820, 0x8A61, 0xFCA2,
  0xDBC2, 0x4940, 0x0000, 0x0000, 0x28C0, 0xBB62, 0xEC42, 0x30E0, 0x0000, 0x7A41, 0x9AE1, 0x0000, 0x0820, 0xDC22, 0x8261, 0x0000,
  0xC3A2, 0x3100, 0x1860, 0xF482, 0xFCE3, 0x61E1, 0x0000, 0x1860, 0x8AA1, 0x2080, 0xEC62, 0xFD03, 0x92A1, 0x0820, 0xF4A2, 0x4120,
  0x0000, 0x61E1, 0xFD23, 0x3920, 0x0000, 0x7A61, 0xFD63, 0xF4E3, 0x6201, 0x0000, 0x0000, 0x0000, 0x0000, 0x0800, 0x0000, 0x0000,
  0x28A0, 0x9AE1, 0xF4A3, 0xFD23, 0xF4E3, 0xFD23, 0xA322, 0x0800, 0x1820, 0x1820, 0x1820, 0x1020, 0x0000, 0x4120, 0xFD43, 0xF523,
  0xFD83, 0x92C1, 0x0000, 0x69E1, 0xFD43, 0xFD23, 0xDC62, 0x2040, 0x1800, 0x1800, 0xC402, 0xF543, 0xE4E3, 0xE523, 0xDD23, 0xD503,
  0xE543, 0xB423, 0x6262, 0x6242, 0x5A02, 0x51C2, 0x49A2, 0x49C2, 0x6242, 0x51E2, 0x3102, 0x2082, 0x1882, 0x1062, 0x1062, 0x1062,
  0x1062, 0x1082, 0x10A2, 0x2922, 0x3142, 0x1082, 0x1082, 0x0862, 0x0862, 0x0862, 0x0862, 0x0862, 0x0862, 0x0862, 0x0862, 0x0862,
  0x0862, 0x0862, 0x0862, 0x0862, 0x0862, 0x0862, 0x0862, 0x0862, 0x0862, 0x0862, 0x0862, 0x0862, 0x0862, 0x0862, 0x0862, 0x0862,
  0x0862, 0x0862, 0x0862, 0x0862, 0x0862, 0x0862, 0x0862, 0x0862, 0x0862, 0x0862, 0x0862, 0x0862, 0x0862, 0x0862, 0x0862, 0x0862,
  0x0862, 0x0862, 0x0862, 0x0862, 0x0862, 0x0862, 0x0862, 0x0862, 0x0862, 0x0862, 0x0862, 0x0862, 0x0862, 0x0862, 0x0862, 0x0862,
  0x0862, 0x0862, 0x0862, 0x0862, 0x0862, 0x0862, 0x0862, 0x0862, 0x0862, 0x0862, 0x0862, 0x0862, 0x0862, 0x0862, 0x0862, 0x0862,
  0x0862, 0x0862, 0x0862, 0x0862, 0x0862, 0x0862, 0x0862, 0x0862, 0x0862, 0x0862, 0x0862, 0x0862, 0x0862, 0x0862, 0x0862, 0x0862,
  0x0862, 0x0862, 0x0862, 0x0862, 0x0862, 0x0862, 0x0862, 0x0862, 0x0862, 0x0862, 0x0862, 0x0862, 0x0862, 0x0862, 0x0862, 0x0862,
  0x0862, 0x0862, 0x0862, 0x0862, 0x0862, 0x0862, 0x0862, 0x0862, 0x0862, 0x0862, 0x0862, 0x0862, 0x0862, 0x0862, 0x0862, 0x0862,
  0x0862, 0x0862, 0x0862, 0x0862, 0x0862, 0x0862, 0x0862, 0x0862, 0x0862, 0x0862, 0x0862, 0x0862, 0x0862, 0x0862, 0x0862, 0x1062,
  0x1062, 0x1062, 0x1062, 0x1062, 0x1862, 0x1882, 0x2082, 0x2082, 0x2082, 0x2882, 0x28A2, 0x28A2, 0x28A2, 0x30C2, 0x38C2, 0x38E2,
  0x4902, 0x4902, 0x4902, 0x40E2, 0x40E2, 0x40E2, 0x4902, 0x5142, 0x5142, 0x5942, 0x69A2, 0x69A2, 0x6182, 0x6162, 0x5962, 0xAA42,
  0xFC22, 0xCBA3, 0x79C2, 0xF3A2, 0xFBC2, 0xFBA2, 0xFBA2, 0xFBA2, 0xFB81, 0xFB61, 0xFB61, 0xFB81, 0xFB61, 0xF361, 0xC2C1, 0x71A0,
  0x3060, 0x1000, 0x3880, 0x7180, 0x79A0, 0x1820, 0x0800, 0x1820, 0x1000, 0x1000, 0x1000, 0x1000, 0x1000, 0x0800, 0x1020, 0xE3A2,
  0xFC62, 0xCB41, 0x69A0, 0x1040, 0x0000, 0x0820, 0xDBA2, 0xFCA2, 0x61A0, 0x3900, 0x8A61, 0x0000, 0x4940, 0xEC02, 0xFC82, 0x7A21,
  0x0820, 0x0000, 0x0820, 0x7201, 0xFC82, 0xE422, 0x20A0, 0x0000, 0x8261, 0xCBC2, 0x0820, 0x0000, 0x20A0, 0xEC42, 0x20A0, 0x1060,
  0xDC22, 0x0820, 0x4140, 0xFCC3, 0xFCE3, 0x61E1, 0x0000, 0x0000, 0x9AE1, 0x2080, 0xC3C2, 0xFCE2, 0xFCE3, 0x28C0, 0x6A01, 0xD422,
  0x0000, 0x0000, 0xB3A2, 0xECE3, 0x28C0, 0x0000, 0x9301, 0xFD63, 0xFD43, 0x9302, 0x0820, 0x0000, 0x0800, 0x0800, 0x0800, 0x1020,
  0x0800, 0x0800, 0x30C0, 0x9B01, 0xF4C3, 0xFD63, 0x5160, 0x0000, 0x1000, 0x1820, 0x1820, 0x1820, 0x0000, 0x82A1, 0xFDA3, 0xF523,
  0xF523, 0x4120, 0x0800, 0xAB62, 0xFD43, 0xFD43, 0xAB62, 0x1000, 0x1000, 0x30C0, 0xECE3, 0xED03, 0xE503, 0xDD23, 0xDD03, 0xD503,
  0xE543, 0x9382, 0x6262, 0x6242, 0x59E2, 0x49A2, 0x4182, 0x49C2, 0x5A42, 0x49C2, 0x28E2, 0x2082, 0x1882, 0x1062, 0x1062, 0x1062,
  0x1062, 0x1082, 0x1082, 0x2922, 0x3142, 0x1082, 0x1082, 0x0862, 0x0862, 0x0862, 0x0862, 0x0862, 0x0862, 0x0862, 0x0862, 0x0862,
  0x0862, 0x0862, 0x0862, 0x0862, 0x0862, 0x0862, 0x0862, 0x0862, 0x0862, 0x0862, 0x0862, 0x0862, 0x0862, 0x0862, 0x0862, 0x0862,
  0x0862, 0x0862, 0x0862, 0x0862, 0x0862, 0x0862, 0x0862, 0x0862, 0x0862, 0x0862, 0x0862, 0x0862, 0x0862, 0x0862, 0x0862, 0x0862,
  0x0862, 0x0862, 0x0862, 0x0862, 0x0862, 0x0862, 0x0862, 0x0862, 0x0862, 0x0862, 0x0862, 0x0862, 0x0862, 0x0862, 0x0862, 0x0862,
  0x0862, 0x0862, 0x0862, 0x0862, 0x0862, 0x0862, 0x0862, 0x0862, 0x0862, 0x0862, 0x0862, 0x0862, 0x0862, 0x0862, 0x0862, 0x0862,
  0x0862, 0x0862, 0x0862, 0x0862, 0x0862, 0x0862, 0x0862, 0x0862, 0x0862, 0x0862, 0x0862, 0x0862, 0x0862, 0x0862, 0x0862, 0x0862,
  0x0862, 0x0862, 0x0862, 0x0862, 0x0862, 0x0862, 0x0862, 0x0862, 0x0862, 0x0862, 0x0862, 0x0862, 0x0862, 0x0862, 0x0862, 0x0862,
  0x0862, 0x0862, 0x0862, 0x0862, 0x0862, 0x0862, 0x0862, 0x0862, 0x0862, 0x0862, 0x0862, 0x0862, 0x0862, 0x0862, 0x0862, 0x0862,
  0x0862, 0x0862, 0x0862, 0x0862, 0x0862, 0x0862, 0x0862, 0x0862, 0x0862, 0x0862, 0x0862, 0x0862, 0x0862, 0x0862, 0x0862, 0x1062,
  0x1062, 0x1062, 0x1062, 0x1062, 0x1862, 0x1862, 0x1882, 0x2082, 0x2082, 0x2082, 0x28A2, 0x28A2, 0x28A2, 0x30A2, 0x30C2, 0x38C2,
  0x4102, 0x4902, 0x4902, 0x40E2, 0x40E2, 0x40E2, 0x4902, 0x5122, 0x5142, 0x5942, 0x6182, 0x71C2, 0x6982, 0x6182, 0x5962, 0x81E2,
  0xE382, 0xEC43, 0x69A2, 0xD322, 0xFBE2, 0xFBA2, 0xFBA2, 0xFBA2, 0xFB82, 0xFB81, 0xFB81, 0xFB61, 0xFBA1, 0xBA81, 0x40E0, 0x5120,
  0x5920, 0x9A21, 0xAA61, 0x5100, 0x1000, 0x1820, 0x1820, 0x1020, 0x1000, 0x1000, 0x1000, 0x1000, 0x1000, 0x1020, 0x0000, 0x5140,
  0x6180, 0x0820, 0x0000, 0x0000, 0x1020, 0x0000, 0x61A1, 0xFC82, 0xD3A2, 0x0000, 0x1040, 0xB321, 0xFCC2, 0xBB42, 0x28C0, 0x0000,
  0x0000, 0x3900, 0xC362, 0xFCE3, 0xD3C2, 0x2080, 0x0000, 0x8261, 0xF482, 0x1880, 0x0000, 0x0000, 0xA301, 0xE442, 0x0000, 0x59A1,
  0xDC22, 0x0000, 0x6A01, 0xFCE3, 0xFCE3, 0x6A01, 0x0000, 0x0000, 0x92C1, 0x3900, 0x92C1, 0xFD03, 0xFCE3, 0xCBE2, 0x0000, 0xD422,
  0x7A41, 0x0000, 0x20A0, 0xF503, 0xD462, 0x1060, 0x0000, 0xAB82, 0xFD63, 0xFD43, 0xC402, 0x20C0, 0x0000, 0x0820, 0x0800, 0x1000,
  0x1020, 0x1820, 0x1000, 0x0800, 0x30C0, 0x9B02, 0xB382, 0x7A41, 0x30A0, 0x1000, 0x0800, 0x0800, 0x0800, 0xC422, 0xFD63, 0xFD63,
  0xC402, 0x1000, 0x30A0, 0xE4A3, 0xFD23, 0xFD63, 0x7201, 0x0800, 0x1000, 0x69E1, 0xFD63, 0xE4E3, 0xE523, 0xDD23, 0xDD03, 0xDD23,
  0xD503, 0x7AE2, 0x6262, 0x5A22, 0x51C2, 0x49A2, 0x4182, 0x49C2, 0x5A22, 0x49A2, 0x28E2, 0x1882, 0x1862, 0x1062, 0x1062, 0x1062,
  0x1062, 0x1082, 0x1082, 0x2922, 0x3142, 0x1082, 0x1082, 0x0862, 0x0862, 0x0862, 0x0862, 0x0862, 0x0862, 0x0862, 0x0862, 0x0862,
  0x0862, 0x0862, 0x0862, 0x0862, 0x0862, 0x0862, 0x0862, 0x0862, 0x0862, 0x0862, 0x0862, 0x0862, 0x0862, 0x0862, 0x0862, 0x0862,
  0x0862, 0x0862, 0x0862, 0x0862, 0x0862, 0x0862, 0x0862, 0x0862, 0x0862, 0x0862, 0x0862, 0x0862, 0x0862, 0x0862, 0x0862, 0x0862,
  0x0862, 0x0862, 0x0862, 0x0862, 0x0862, 0x0862, 0x0862, 0x0862, 0x0862, 0x0862, 0x0862, 0x0862, 0x0862, 0x0862, 0x0862, 0x0862,
  0x0862, 0x0862, 0x0862, 0x0862, 0x0862, 0x0862, 0x0862, 0x0862, 0x0862, 0x0862, 0x0862, 0x0862, 0x0862, 0x0862, 0x0862, 0x0862,
  0x0862, 0x0862, 0x0862, 0x0862, 0x0862, 0x0862, 0x0862, 0x0862, 0x0862, 0x0862, 0x0862, 0x0862, 0x0862, 0x0862, 0x0862, 0x0862,
  0x0862, 0x0862, 0x0862, 0x0862, 0x0862, 0x0862, 0x0862, 0x0862, 0x0862, 0x0862, 0x0862, 0x0862, 0x0862, 0x0862, 0x0862, 0x0862,
  0x0862, 0x0862, 0x0862, 0x0862, 0x0862, 0x0862, 0x0862, 0x0862, 0x0862, 0x0862, 0x0862, 0x0862, 0x0862, 0x0862, 0x0862, 0x0862,
  0x0862, 0x0862, 0x0862, 0x0862, 0x0862, 0x0862, 0x0862, 0x0862, 0x0862, 0x0862, 0x0862, 0x0862, 0x0862, 0x0862, 0x1062, 0x1062,
  0x1062, 0x1062, 0x1062, 0x1062, 0x1062, 0x1862, 0x1882, 0x2082, 0x2082, 0x2082, 0x28A2, 0x28A2, 0x28A2, 0x28A2, 0x30C2, 0x38C2,
  0x40E2, 0x4902, 0x4902, 0x4902, 0x40E2, 0x40E2, 0x4902, 0x5122, 0x5142, 0x5142, 0x5962, 0x71C2, 0x69A2, 0x6182, 0x5962, 0x6182,
  0xC2C2, 0xFC63, 0x8202, 0xA262, 0xFC02, 0xFBA2, 0xFBA2, 0xFBA2, 0xFBA2, 0xFB82, 0xFB81, 0xFB81, 0xFB82, 0xF361, 0x6140, 0x4900,
  0x9A21, 0xAA61, 0x3080, 0x2020, 0x2840, 0x2040, 0x1820, 0x1820, 0x1020, 0x1000, 0x1000, 0x1000, 0x1000, 0x0800, 0x1000, 0x0000,
  0x0000, 0x0000, 0x0000, 0x2080, 0x0000, 0x0820, 0x69C1, 0xFC42, 0xF442, 0xAAE1, 0xFC62, 0xEC22, 0x5981, 0x0000, 0x0000, 0x1040,
  0x8A61, 0xF462, 0xFCE3, 0xC382, 0x1860, 0x0000, 0x8A81, 0xFCE3, 0x4140, 0x0000, 0x0000, 0x20A0, 0xFCE3, 0x92C1, 0x0000, 0xA322,
  0xBB82, 0x0000, 0x9AE1, 0xFD03, 0xFD03, 0x7221, 0x0000, 0x0000, 0x8261, 0x61C1, 0x61C1, 0xFD23, 0xF4A2, 0xFD23, 0x69E1, 0x28C0,
  0xF4C2, 0x20A0, 0x0000, 0x6A21, 0xFDA3, 0xBBE2, 0x0820, 0x0840, 0xC422, 0xFD43, 0xFD43, 0xECC3, 0x5181, 0x0000, 0x0800, 0x1020,
  0x1020, 0x1820, 0x1820, 0x1820, 0x0800, 0x0800, 0x4120, 0xAB62, 0xECA3, 0xCC02, 0x7A41, 0x28A0, 0x3900, 0xF523, 0xF523, 0xFD83,
  0x7A41, 0x0000, 0x7221, 0xFD63, 0xFD23, 0xF4E3, 0x38E0, 0x1000, 0x1000, 0xAB82, 0xFD63, 0xE4E3, 0xDD23, 0xDD23, 0xD503, 0xE543,
  0xBC63, 0x6A82, 0x6A62, 0x5A02, 0x51C2, 0x4982, 0x4182, 0x51E2, 0x5A22, 0x4182, 0x28C2, 0x1882, 0x1862, 0x1062, 0x1062, 0x1062,
  0x1062, 0x1082, 0x10A2, 0x2922, 0x3142, 0x1082, 0x1082, 0x0862, 0x0862, 0x0862, 0x0862, 0x0862, 0x0862, 0x0862, 0x0862, 0x0862,
  0x0862, 0x0862, 0x0862, 0x0862, 0x0862, 0x0862, 0x0862, 0x0862, 0x0862, 0x0862, 0x0862, 0x0862, 0x0862, 0x0862, 0x0862, 0x0862,
  0x0862, 0x0862, 0x0862, 0x0862, 0x0862, 0x0862, 0x0862, 0x0862, 0x0862, 0x0862, 0x0862, 0x0862, 0x0862, 0x0862, 0x0862, 0x0862,
  0x0862, 0x0862, 0x0862, 0x0862, 0x0862, 0x0862, 0x0862, 0x0862, 0x0862, 0x0862, 0x0862, 0x0862, 0x0862, 0x0862, 0x0862, 0x0862,
  0x0862, 0x0862, 0x0862, 0x0862, 0x0862, 0x0862, 0x0862, 0x0862, 0x0862, 0x0862, 0x0862, 0x0862, 0x0862, 0x0862, 0x0862, 0x0862,
  0x0862, 0x0862, 0x0862, 0x0862, 0x0862, 0x0862, 0x0862, 0x0862, 0x0862, 0x0862, 0x0862, 0x0862, 0x0862, 0x0862, 0x0862, 0x0862,
  0x0862, 0x0862, 0x0862, 0x0862, 0x0862, 0x0862, 0x0862, 0x0862, 0x0862, 0x0862, 0x0862, 0x0862, 0x0862, 0x0862, 0x0862, 0x0862,
  0x0862, 0x0862, 0x0862, 0x0862, 0x0862, 0x0862, 0x0862, 0x0862, 0x0862, 0x0862, 0x0862, 0x0862, 0x0862, 0x0862, 0x0862, 0x0862,
  0x0862, 0x0862, 0x0862, 0x0862, 0x0862, 0x0862, 0x0862, 0x0862, 0x0862, 0x0862, 0x0862, 0x0862, 0x0862, 0x0862, 0x1062, 0x1062,
  0x1062, 0x1062, 0x1062, 0x1062, 0x1062, 0x1862, 0x1862, 0x2082, 0x2082, 0x2082, 0x28A2, 0x28A2, 0x28A2, 0x28A2, 0x30C2, 0x30C2,
  0x38C2, 0x4102, 0x4902, 0x4902, 0x48E2, 0x40E2, 0x4902, 0x5122, 0x5142, 0x5142, 0x5962, 0x69A2, 0x71C2, 0x6182, 0x6182, 0x5962,
  0x9202, 0xF3E2, 0xAAE2, 0x6982, 0xF3A2, 0xFBE2, 0xFBA2, 0xFBC2, 0xFBA2, 0xFBA2, 0xFB82, 0xFB81, 0xF362, 0xFBC2, 0xA221, 0x40C0,
  0x5120, 0x38A0, 0x38A0, 0x3080, 0x2860, 0x2040, 0x2020, 0x1820, 0x1820, 0x1020, 0x1000, 0x1000, 0x1000, 0x1000, 0x0800, 0x1000,
  0x1040, 0x4100, 0xAAC1, 0xE3C2, 0x8221, 0xD382, 0xFC62, 0xF422, 0xFC62, 0xFC82, 0x92A1, 0x1060, 0x0000, 0x0000, 0x4940, 0xD3C2,
  0xFCA2, 0xFCC2, 0xBB62, 0x1040, 0x0000, 0x92A1, 0xFD23, 0x7221, 0x0000, 0x0820, 0x0000, 0x9AC1, 0xFD23, 0x4961, 0x0000, 0xE442,
  0x8281, 0x0000, 0xBBA2, 0xFCE3, 0xFD03, 0x7221, 0x0000, 0x0000, 0x59C1, 0x8AA1, 0x30E0, 0xFD03, 0xF4C2, 0xFCE3, 0xECC3, 0x0820,
  0x9301, 0xB3A2, 0x0000, 0x0020, 0xBBE2, 0xFDA3, 0xAB82, 0x0000, 0x1880, 0xDC83, 0xFD43, 0xFD23, 0xFD43, 0x82A1, 0x0000, 0x0800,
  0x1820, 0x1820, 0x1820, 0x1020, 0x1820, 0x1820, 0x1000, 0x0800, 0x4100, 0xAB62, 0xFD43, 0xFD43, 0xDCA2, 0xF543, 0xFD43, 0xECE3,
  0x28A0, 0x1000, 0xBBE2, 0xFD63, 0xFD43, 0xC402, 0x1820, 0x1800, 0x2880, 0xE4C3, 0xED23, 0xE503, 0xDD23, 0xDD23, 0xD503, 0xE543,
  0x9BC3, 0x6A82, 0x6262, 0x59E2, 0x49A2, 0x4182, 0x4162, 0x51E2, 0x5A22, 0x4182, 0x20C2, 0x1882, 0x1062, 0x1062, 0x1062, 0x1062,
  0x1062, 0x1082, 0x10A2, 0x2922, 0x2922, 0x1082, 0x1082, 0x0862, 0x0862, 0x0862, 0x0862, 0x0862, 0x0862, 0x0862, 0x0862, 0x0862,
  0x0862, 0x0862, 0x0862, 0x0862, 0x0862, 0x0862, 0x0862, 0x0862, 0x0862, 0x0862, 0x0862, 0x0862, 0x0862, 0x0862, 0x0862, 0x0862,
  0x0862, 0x0862, 0x0862, 0x0862, 0x0862, 0x0862, 0x0862, 0x0862, 0x0862, 0x0862, 0x0862, 0x0862, 0x0862, 0x0862, 0x0862, 0x0862,
  0x0862, 0x0862, 0x0862, 0x0862, 0x0862, 0x0862, 0x0862, 0x0862, 0x0862, 0x0862, 0x0862, 0x0862, 0x0862, 0x0862, 0x0862, 0x0862,
  0x0862, 0x0862, 0x0862, 0x0862, 0x0862, 0x0862, 0x0862, 0x0862, 0x0862, 0x0862, 0x0862, 0x0862, 0x0862, 0x0862, 0x0862, 0x0862,
  0x0862, 0x0862, 0x0862, 0x0862, 0x0862, 0x0862, 0x0862, 0x0862, 0x0862, 0x0862, 0x0862, 0x0862, 0x0862, 0x0862, 0x0862, 0x0862,
  0x0862, 0x0862, 0x0862, 0x0862, 0x0862, 0x0862, 0x0862, 0x0862, 0x0862, 0x0862, 0x0862, 0x0862, 0x0862, 0x0862, 0x0862, 0x0862,
  0x0862, 0x0862, 0x0862, 0x0862, 0x0862, 0x0862, 0x0862, 0x0862, 0x0862, 0x0862, 0x0862, 0x0862, 0x0862, 0x0862, 0x0862, 0x0862,
  0x0862, 0x0862, 0x0862, 0x0862, 0x0862, 0x0862, 0x0862, 0x0862, 0x0862, 0x0862, 0x0862, 0x0862, 0x0862, 0x0862, 0x0862, 0x0862,
  0x1062, 0x1062, 0x1062, 0x1062, 0x1062, 0x1062, 0x1862, 0x1882, 0x2082, 0x2082, 0x2082, 0x28A2, 0x28A2, 0x28A2, 0x30A2, 0x30C2,
  0x38C2, 0x40E2, 0x4902, 0x5102, 0x4902, 0x4902, 0x4902, 0x4902, 0x5122, 0x5142, 0x5942, 0x6182, 0x71C2, 0x69A2, 0x6182, 0x5962,
  0x6982, 0xCB02, 0xD362, 0x5942, 0xD302, 0xFBE2, 0xFBC2, 0xFBC2, 0xFBC2, 0xFBA2, 0xFBA2, 0xFBA2, 0xFBC2, 0xFBC2, 0xEB41, 0x5100,
  0x4900, 0x48E0, 0x40C0, 0x38A0, 0x3060, 0x2860, 0x2040, 0x1820, 0x1820, 0x1820, 0x1000, 0x1000, 0x1000, 0x1020, 0x1020, 0x0800,
  0x1840, 0xE3C2, 0xFC62, 0xFC22, 0xFC62, 0xFC42, 0xFC42, 0xFC82, 0xC362, 0x3900, 0x0000, 0x0000, 0x1860, 0x9AC1, 0xFC82, 0xFC82,
  0xFCA2, 0xB342, 0x0820, 0x0000, 0x9AE1, 0xFD23, 0xA302, 0x0000, 0x0820, 0x0000, 0x28C0, 0xF4A2, 0xEC82, 0x1060, 0x20A0, 0xFD03,
  0x5181, 0x0000, 0xDC42, 0xFCC3, 0xFD03, 0x7A41, 0x0000, 0x0000, 0x3900, 0xB362, 0x1860, 0xECA2, 0xFCE3, 0xF4C3, 0xFD43, 0xA342,
  0x0000, 0xECC3, 0x51A1, 0x0000, 0x3100, 0xF503, 0xFD83, 0x9301, 0x0000, 0x28E0, 0xECE3, 0xFD43, 0xF503, 0xFD83, 0xB3A2, 0x2060,
  0x0800, 0x1840, 0x1820, 0x1020, 0x1820, 0x1820, 0x1820, 0x1820, 0x1000, 0x0800, 0x38E0, 0xA342, 0xF523, 0xF543, 0xFD83, 0xA362,
  0x0000, 0x4920, 0xF503, 0xF503, 0xFD83, 0x8281, 0x1000, 0x1000, 0x6A01, 0xFD63, 0xE503, 0xDD23, 0xDD23, 0xD523, 0xDD23, 0xD503,
  0x8302, 0x6A82, 0x6242, 0x51E2, 0x49A2, 0x4162, 0x4162, 0x5202, 0x5202, 0x3942, 0x20A2, 0x1882, 0x1062, 0x1062, 0x1062, 0x1062,
  0x1062, 0x1082, 0x10A2, 0x2942, 0x2922, 0x1082, 0x1082, 0x0862, 0x0862, 0x0862, 0x0862, 0x0862, 0x0862, 0x0862, 0x0862, 0x0862,
  0x0862, 0x0862, 0x0862, 0x0862, 0x0862, 0x0862, 0x0862, 0x0862, 0x0862, 0x0862, 0x0862, 0x0862, 0x0862, 0x0862, 0x0862, 0x0862,
  0x0862, 0x0862, 0x0862, 0x0862, 0x0862, 0x0862, 0x0862, 0x0862, 0x0862, 0x0862, 0x0862, 0x0862, 0x0862, 0x0862, 0x0862, 0x0862,
  0x0862, 0x0862, 0x0862, 0x0862, 0x0862, 0x0862, 0x0862, 0x0862, 0x0862, 0x0862, 0x0862, 0x0862, 0x0862, 0x0862, 0x0862, 0x0862,
  0x0862, 0x0862, 0x0862, 0x0862, 0x0862, 0x0862, 0x0862, 0x0862, 0x0862, 0x0862, 0x0862, 0x0862, 0x0862, 0x0862, 0x0862, 0x0862,
  0x0862, 0x0862, 0x0862, 0x0862, 0x0862, 0x0862, 0x0862, 0x0862, 0x0862, 0x0862, 0x0862, 0x0862, 0x0862, 0x0862, 0x0862, 0x0862,
  0x0862, 0x0862, 0x0862, 0x0862, 0x0862, 0x0862, 0x0862, 0x0862, 0x0862, 0x0862, 0x0862, 0x0862, 0x0862, 0x0862, 0x0862, 0x0862,
  0x0862, 0x0862, 0x0862, 0x0862, 0x0862, 0x0862, 0x0862, 0x0862, 0x0862, 0x0862, 0x0862, 0x0862, 0x0862, 0x0862, 0x0862, 0x0862,
  0x0862, 0x0862, 0x0862, 0x0862, 0x0862, 0x0862, 0x0862, 0x0862, 0x0862, 0x0862, 0x0862, 0x0862, 0x0862, 0x0862, 0x0862, 0x1062,
  0x1062, 0x1062, 0x1062, 0x1062, 0x1062, 0x1062, 0x1862, 0x1882, 0x2082, 0x2082, 0x2082, 0x28A2, 0x28A2, 0x28A2, 0x28A2, 0x30C2,
  0x30C2, 0x38E2, 0x4102, 0x5102, 0x5102, 0x4902, 0x4902, 0x4902, 0x5122, 0x5142, 0x5942, 0x5962, 0x69A2, 0x71C2, 0x6182, 0x6182,
  0x5962, 0x9202, 0xDB62, 0x69A2, 0x9222, 0xFBE2, 0xFBC2, 0xFBC2, 0xFBC2, 0xFBC2, 0xFBC2, 0xEB41, 0xAA61, 0xD2E1, 0xFC02, 0x89E1,
  0x38C0, 0x4900, 0x40A0, 0x38A0, 0x3880, 0x3060, 0x2840, 0x2040, 0x1820, 0x1820, 0x1820, 0x1820, 0x1020, 0x0800, 0x0000, 0x0000,
  0x1040, 0xAAE1, 0xFC42, 0xF422, 0xF422, 0xFC62, 0xEC02, 0x7201, 0x0820, 0x0000, 0x0000, 0x5980, 0xDC02, 0xFCA2, 0xF462, 0xFCC2,
  0xAB21, 0x0000, 0x0020, 0xAB22, 0xFD03, 0xD3E2, 0x1040, 0x0000, 0x0820, 0x0000, 0x9AE1, 0xFD23, 0xBBA2, 0x0000, 0x6A01, 0xFD03,
  0x20A0, 0x1880, 0xF4C2, 0xF4C2, 0xFD03, 0x7A41, 0x0000, 0x0800, 0x2060, 0xCBE2, 0x1860, 0xC3E2, 0xFD23, 0xF4E3, 0xF4E3, 0xFD43,
  0x3920, 0x51A1, 0xE4A3, 0x0820, 0x0000, 0x82A1, 0xFD83, 0xFD63, 0x7A81, 0x0000, 0x4160, 0xF523, 0xFD23, 0xF503, 0xFD63, 0xDC62,
  0x4120, 0x0800, 0x1820, 0x1820, 0x1820, 0x1820, 0x1820, 0x1820, 0x1820, 0x2040, 0x0800, 0x1820, 0xE4C3, 0xFD63, 0xFD43, 0x4960,
  0x0000, 0x9B02, 0xFD83, 0xF523, 0xF523, 0x4100, 0x1000, 0x1820, 0xBBE2, 0xF563, 0xE503, 0xDD23, 0xDD43, 0xD523, 0xDD43, 0xBC63,
  0x72A2, 0x6A82, 0x5A22, 0x51C2, 0x4982, 0x4162, 0x4162, 0x5A22, 0x51E2, 0x3142, 0x20A2, 0x1882, 0x1062, 0x1062, 0x1062, 0x1062,
  0x1062, 0x1082, 0x10A2, 0x3142, 0x2902, 0x1082, 0x1082, 0x0862, 0x0862, 0x0862, 0x0862, 0x0862, 0x0862, 0x0862, 0x0862, 0x0862,
  0x0862, 0x0862, 0x0862, 0x0862, 0x0862, 0x0862, 0x0862, 0x0862, 0x0862, 0x0862, 0x0862, 0x0862, 0x0862, 0x0862, 0x0862, 0x0862,
  0x0862, 0x0862, 0x0862, 0x0862, 0x0862, 0x0862, 0x0862, 0x0862, 0x0862, 0x0862, 0x0862, 0x0862, 0x0862, 0x0862, 0x0862, 0x0862,
  0x0862, 0x0862, 0x0862, 0x0862, 0x0862, 0x0862, 0x0862, 0x0862, 0x0862, 0x0862, 0x0862, 0x0862, 0x0862, 0x0862, 0x0862, 0x0862,
  0x0862, 0x0862, 0x0862, 0x0862, 0x0862, 0x0862, 0x0862, 0x0862, 0x0862, 0x0862, 0x0862, 0x0862, 0x0862, 0x0862, 0x0862, 0x0862,
  0x0862, 0x0862, 0x0862, 0x0862, 0x0862, 0x0862, 0x0862, 0x0862, 0x0862, 0x0862, 0x0862, 0x0862, 0x0862, 0x0862, 0x0862, 0x0862,
  0x0862, 0x0862, 0x0862, 0x0862, 0x0862, 0x0862, 0x0862, 0x0862, 0x0862, 0x0862, 0x0862, 0x0862, 0x0862, 0x0862, 0x0862, 0x0862,
  0x0862, 0x0862, 0x0862, 0x0862, 0x0862, 0x0862, 0x0862, 0x0862, 0x0862, 0x0862, 0x0862, 0x0862, 0x0862, 0x0862, 0x0862, 0x0862,
  0x0862, 0x0862, 0x0862, 0x0862, 0x0862, 0x0862, 0x0862, 0x0862, 0x0862, 0x0862, 0x0862, 0x0862, 0x0862, 0x0862, 0x0862, 0x1062,
  0x0862, 0x1062, 0x1062, 0x1062, 0x1062, 0x1062, 0x1862, 0x1862, 0x1882, 0x2082, 0x2082, 0x28A2, 0x28A2, 0x28A2, 0x28A2, 0x30A2,
  0x30C2, 0x38C2, 0x40E2, 0x4902, 0x5122, 0x5102, 0x4902, 0x4902, 0x5122, 0x5142, 0x5942, 0x5962, 0x6182, 0x71E2, 0x69A2, 0x6182,
  0x5962, 0x6982, 0xB2A2, 0x9242, 0x5962, 0xEB82, 0xFBE2, 0xFBC2, 0xFBC2, 0xFBC2, 0xFBC2, 0x81C1, 0x50E0, 0x5900, 0x89C1, 0x5920,
  0x40C0, 0x40E0, 0x38A0, 0x3880, 0x3880, 0x3080, 0x3060, 0x2860, 0x2040, 0x2040, 0x1000, 0x0800, 0x0800, 0x2880, 0x6180, 0xAAC1,
  0xE3C2, 0xF422, 0xF422, 0xFC62, 0xFC62, 0xAAE1, 0x28A0, 0x0000, 0x0000, 0x28A0, 0xAB01, 0xFCA2, 0xFC82, 0xF442, 0xFCC2, 0xA301,
  0x0000, 0x0820, 0xB362, 0xFCE3, 0xEC82, 0x30E0, 0x0000, 0x0820, 0x0000, 0x28C0, 0xF4A2, 0xFD03, 0x8281, 0x0000, 0xB362, 0xF4A2,
  0x0000, 0x4140, 0xFD03, 0xF4A2, 0xFD23, 0x8261, 0x0000, 0x1020, 0x0800, 0xCBE2, 0x30E0, 0x92E1, 0xFD43, 0xF4E3, 0xF4E3, 0xFD23,
  0xDC82, 0x0000, 0xBBE2, 0x8B01, 0x0000, 0x0820, 0xCC62, 0xFD63, 0xFD63, 0x6201, 0x0000, 0x59E1, 0xFD63, 0xF523, 0xF4E3, 0xFD23,
  0xF503, 0x7221, 0x0800, 0x1820, 0x1820, 0x1820, 0x1820, 0x1820, 0x1820, 0x1840, 0x0800, 0xA362, 0xFD83, 0xFD83, 0xC402, 0x1000,
  0x30A0, 0xE4C3, 0xFD43, 0xFD63, 0xCC22, 0x1820, 0x1000, 0x4940, 0xF543, 0xED03, 0xDD03, 0xDD23, 0xDD23, 0xD503, 0xE543, 0x9B83,
  0x6AA2, 0x6262, 0x59E2, 0x49A2, 0x4162, 0x4142, 0x4182, 0x5A22, 0x49C2, 0x3102, 0x1882, 0x1882, 0x1062, 0x1062, 0x1062, 0x1062,
  0x1062, 0x1082, 0x18A2, 0x3142, 0x2102, 0x1082, 0x1062, 0x0862, 0x0862, 0x0862, 0x0862, 0x0862, 0x0862, 0x0862, 0x0862, 0x0862,
  0x0862, 0x0862, 0x0862, 0x0862, 0x0862, 0x0862, 0x0862, 0x0862, 0x0862, 0x0862, 0x0862, 0x0862, 0x0862, 0x0862, 0x0862, 0x0862,
  0x0862, 0x0862, 0x0862, 0x0862, 0x0862, 0x0862, 0x0862, 0x0862, 0x0862, 0x0862, 0x0862, 0x0862, 0x0862, 0x0862, 0x0862, 0x0862,
  0x0862, 0x0862, 0x0862, 0x0862, 0x0862, 0x0862, 0x0862, 0x0862, 0x0862, 0x0862, 0x0862, 0x0862, 0x0862, 0x0862, 0x0862, 0x0862,
  0x0862, 0x0862, 0x0862, 0x0862, 0x0862, 0x0862, 0x0862, 0x0862, 0x0862, 0x0862, 0x0862, 0x0862, 0x0862, 0x0862, 0x0862, 0x0862,
  0x0862, 0x0862, 0x0862, 0x0862, 0x0862, 0x0862, 0x0862, 0x0862, 0x0862, 0x0862, 0x0862, 0x0862, 0x0862, 0x0862, 0x0862, 0x0862,
  0x0862, 0x0862, 0x0862, 0x0862, 0x0862, 0x0862, 0x0862, 0x0862, 0x0862, 0x0862, 0x0862, 0x0862, 0x0862, 0x0862, 0x0862, 0x0862,
  0x0862, 0x0862, 0x0862, 0x0862, 0x0862, 0x0862, 0x0862, 0x0862, 0x0862, 0x0862, 0x0862, 0x0862, 0x0862, 0x0862, 0x0862, 0x0862,
  0x0862, 0x0862, 0x0862, 0x0862, 0x0862, 0x0862, 0x0862, 0x0862, 0x0862, 0x0862, 0x0862, 0x0862, 0x0862, 0x0862, 0x0862, 0x0862,
  0x0862, 0x1062, 0x1062, 0x1062, 0x1062, 0x1062, 0x1062, 0x1862, 0x1882, 0x2082, 0x2082, 0x2082, 0x28A2, 0x28A2, 0x28A2, 0x30A2,
  0x30C2, 0x38C2, 0x38E2, 0x4102, 0x5102, 0x5122, 0x4902, 0x4902, 0x4902, 0x5122, 0x5942, 0x5942, 0x5962, 0x71C2, 0x71E2, 0x61A2,
  0x6162, 0x5962, 0x81E2, 0xA282, 0x5142, 0xB2A2, 0xFBE2, 0xFBC2, 0xFBC2, 0xFBE2, 0xEB82, 0x6960, 0x6140, 0x5920, 0x48C0, 0x40C0,
  0x3880, 0x38A0, 0x3880, 0x3080, 0x3880, 0x38A0, 0x3080, 0x2040, 0x1800, 0x2020, 0x40C0, 0x79C1, 0xBAE1, 0xEBE2, 0xFC42, 0xFC62,
  0xFC22, 0xF422, 0xFC82, 0xD3A2, 0x5160, 0x0000, 0x0000, 0x0800, 0x69E1, 0xEC22, 0xFCA2, 0xF462, 0xF462, 0xFCC2, 0x9AC1, 0x0000,
  0x1040, 0xC382, 0xFCC2, 0xFCC2, 0x61C1, 0x0000, 0x0800, 0x0000, 0x0000, 0xA301, 0xFD03, 0xFCE2, 0x3920, 0x0000, 0xEC82, 0xCC02,
  0x0000, 0x6A01, 0xFD23, 0xF4A2, 0xFD23, 0x8281, 0x0000, 0x1020, 0x0000, 0xB382, 0x61E1, 0x59C1, 0xFD63, 0xF4E3, 0xFD03, 0xF503,
  0xFD83, 0x7A81, 0x1060, 0xF523, 0x28E0, 0x0000, 0x3940, 0xFD63, 0xF543, 0xFD43, 0x4980, 0x0000, 0x7A61, 0xFD63, 0xF503, 0xF503,
  0xFD03, 0xFD43, 0x9B22, 0x1820, 0x1000, 0x2040, 0x1820, 0x1820, 0x2040, 0x0800, 0x59A1, 0xFD63, 0xF523, 0xFD83, 0x61E1, 0x0000,
  0x8281, 0xFD83, 0xF503, 0xFD83, 0x7A61, 0x1000, 0x1000, 0xAB82, 0xFD83, 0xE503, 0xDD23, 0xDD43, 0xD523, 0xDD23, 0xCCC3, 0x7B02,
  0x72A2, 0x6242, 0x51E2, 0x4982, 0x4142, 0x3942, 0x49A2, 0x5A22, 0x49C2, 0x28E2, 0x1882, 0x1862, 0x1062, 0x1062, 0x1062, 0x1062,
  0x1062, 0x1082, 0x18A2, 0x3142, 0x20E2, 0x1082, 0x1082, 0x0862, 0x0862, 0x0862, 0x0862, 0x0862, 0x0862, 0x0862, 0x0862, 0x0862,
  0x0862, 0x0862, 0x0862, 0x0862, 0x0862, 0x0862, 0x0862, 0x0862, 0x0862, 0x0862, 0x0862, 0x0862, 0x0862, 0x0862, 0x0862, 0x0862,
  0x0862, 0x0862, 0x0862, 0x0862, 0x0862, 0x0862, 0x0862, 0x0862, 0x0862, 0x0862, 0x0862, 0x0862, 0x0862, 0x0862, 0x0862, 0x0862,
  0x0862, 0x0862, 0x0862, 0x0862, 0x0862, 0x0862, 0x0862, 0x0862, 0x0862, 0x0862, 0x0862, 0x0862, 0x0862, 0x0862, 0x0862, 0x0862,
  0x0862, 0x0862, 0x0862, 0x0862, 0x0862, 0x0862, 0x0862, 0x0862, 0x0862, 0x0862, 0x0862, 0x0862, 0x0862, 0x0862, 0x0862, 0x0862,
  0x0862, 0x0862, 0x0862, 0x0862, 0x0862, 0x0862, 0x0862, 0x0862, 0x0862, 0x0862, 0x0862, 0x0862, 0x0862, 0x0862, 0x0862, 0x0862,
  0x0862, 0x0862, 0x0862, 0x0862, 0x0862, 0x0862, 0x0862, 0x0862, 0x0862, 0x0862, 0x0862, 0x0862, 0x0862, 0x0862, 0x0862, 0x0862,
  0x0862, 0x0862, 0x0862, 0x0862, 0x0862, 0x0862, 0x0862, 0x0862, 0x0862, 0x0862, 0x0862, 0x0862, 0x0862, 0x0862, 0x0862, 0x0862,
  0x0862, 0x0862, 0x0862, 0x0862, 0x0862, 0x0862, 0x0862, 0x0862, 0x0862, 0x0862, 0x0862, 0x0862, 0x0862, 0x0862, 0x0862, 0x0862,
  0x1062, 0x1062, 0x1062, 0x1062, 0x1062, 0x1062, 0x1062, 0x1862, 0x1862, 0x1882, 0x2082, 0x2082, 0x28A2, 0x28A2, 0x28A2, 0x28A2,
  0x30A2, 0x30C2, 0x38C2, 0x40E2, 0x4902, 0x5122, 0x5122, 0x4902, 0x4902, 0x5122, 0x5942, 0x5942, 0x5962, 0x6182, 0x79E2, 0x71C2,
  0x6182, 0x5962, 0x6982, 0x9A62, 0x71E2, 0x6982, 0xFBA2, 0xFBE2, 0xFBE2, 0xFBC2, 0xF3A2, 0x71A1, 0x5920, 0x5920, 0x5900, 0x6940,
  0x9201, 0x40A0, 0x3880, 0x3080, 0x2840, 0x2020, 0x3080, 0x6160, 0x9A41, 0xCB21, 0xF3E2, 0xFC42, 0xFC42, 0xFC02, 0xF402, 0xF402,
  0xFC62, 0xF442, 0x8A41, 0x1840, 0x0000, 0x0000, 0x30C0, 0xBB41, 0xFCA2, 0xFC62, 0xF462, 0xF462, 0xFCC2, 0x8A81, 0x0000, 0x1860,
  0xCBC2, 0xFCC2, 0xFCC2, 0x92C1, 0x0000, 0x0800, 0x0000, 0x0000, 0x30E0, 0xF4C2, 0xFCE3, 0xE462, 0x0820, 0x3900, 0xFD43, 0xA321,
  0x0000, 0x92E1, 0xFD23, 0xF4A2, 0xFD23, 0x8A81, 0x0000, 0x1020, 0x0000, 0x92E1, 0x9301, 0x30E0, 0xFD23, 0xF503, 0xFD03, 0xF523,
  0xFD23, 0xFD43, 0x1880, 0x7A81, 0xCC42, 0x0000, 0x0000, 0x9322, 0xFDA3, 0xF543, 0xED23, 0x3920, 0x0000, 0x92E1, 0xFD63, 0xF503,
  0xFD03, 0xF503, 0xFD63, 0xCC02, 0x30C0, 0x0800, 0x1820, 0x1840, 0x1820, 0x2880, 0xE4C3, 0xFD63, 0xFD83, 0xCC62, 0x1820, 0x2860,
  0xDCA3, 0xFD63, 0xFD43, 0xECE3, 0x30C0, 0x1000, 0x4120, 0xF523, 0xED23, 0xE503, 0xDD23, 0xDD43, 0xD503, 0xE543, 0xAC03, 0x72C2,
  0x6A82, 0x5A02, 0x51A2, 0x4162, 0x3942, 0x3942, 0x49C2, 0x5202, 0x4182, 0x20C2, 0x1882, 0x1062, 0x1062, 0x1062, 0x1062, 0x1062,
  0x1062, 0x1082, 0x18C2, 0x3142, 0x18C2, 0x1082, 0x1062, 0x0862, 0x0862, 0x0862, 0x0862, 0x0862, 0x0862, 0x0862, 0x0862, 0x0862,
  0x0862, 0x0862, 0x0862, 0x0862, 0x0862, 0x0862, 0x0862, 0x0862, 0x0862, 0x0862, 0x0862, 0x0862, 0x0862, 0x0862, 0x0862, 0x0862,
  0x0862, 0x0862, 0x0862, 0x0862, 0x0862, 0x0862, 0x0862, 0x0862, 0x0862, 0x0862, 0x0862, 0x0862, 0x0862, 0x0862, 0x0862, 0x0862,
  0x0862, 0x0862, 0x0862, 0x0862, 0x0862, 0x0862, 0x0862, 0x0862, 0x0862, 0x0862, 0x0862, 0x0862, 0x0862, 0x0862, 0x0862, 0x0862,
  0x0862, 0x0862, 0x0862, 0x0862, 0x0862, 0x0862, 0x0862, 0x0862, 0x0862, 0x0862, 0x0862, 0x0862, 0x0862, 0x0862, 0x0862, 0x0862,
  0x0862, 0x0862, 0x0862, 0x0862, 0x0862, 0x0862, 0x0862, 0x0862, 0x0862, 0x0862, 0x0862, 0x0862, 0x0862, 0x0862, 0x0862, 0x0862,
  0x0862, 0x0862, 0x0862, 0x0862, 0x0862, 0x0862, 0x0862, 0x0862, 0x0862, 0x0862, 0x0862, 0x0862, 0x0862, 0x0862, 0x0862, 0x0862,
  0x0862, 0x0862, 0x0862, 0x0862, 0x0862, 0x0862, 0x0862, 0x0862, 0x0862, 0x0862, 0x0862, 0x0862, 0x0862, 0x0862, 0x0862, 0x0862,
  0x0862, 0x0862, 0x0862, 0x0862, 0x0862, 0x0862, 0x0862, 0x0862, 0x0862, 0x0862, 0x0862, 0x0862, 0x0862, 0x0862, 0x0862, 0x0862,
  0x0862, 0x1062, 0x1062, 0x1062, 0x1062, 0x1062, 0x1062, 0x1062, 0x1862, 0x1882, 0x2082, 0x2082, 0x28A2, 0x28A2, 0x28A2, 0x28A2,
  0x30A2, 0x30C2, 0x38C2, 0x38E2, 0x4102, 0x5102, 0x5122, 0x5102, 0x5102, 0x5122, 0x5142, 0x5942, 0x5962, 0x6162, 0x71C2, 0x79E2,
  0x69A2, 0x6162, 0x6162, 0x81E2, 0x9A62, 0x5142, 0xC2E2, 0xFC02, 0xF3C2, 0xFBE2, 0xFC02, 0xA261, 0x5120, 0x6140, 0x48C0, 0xA241,
  0xFC22, 0x7160, 0x3080, 0x3880, 0x6140, 0xAA81, 0xD361, 0xB2A1, 0xBAE1, 0xFC42, 0xF3E2, 0xF3E2, 0xF402, 0xF402, 0xFC22, 0xFC62,
  0xBB21, 0x38E0, 0x0000, 0x0000, 0x1020, 0x7A21, 0xF442, 0xFCA2, 0xF462, 0xF462, 0xF462, 0xFCC2, 0x8261, 0x0000, 0x2080, 0xD3E2,
  0xFCC2, 0xFCC2, 0xC3A2, 0x0820, 0x0000, 0x0000, 0x0800, 0x0000, 0xA321, 0xFD03, 0xFD03, 0xAB62, 0x0000, 0x8261, 0xFD83, 0x7A41,
  0x0000, 0xBBA2, 0xFD03, 0xF4A2, 0xFD23, 0x8AA1, 0x0000, 0x1020, 0x0000, 0x6201, 0xC402, 0x1040, 0xECC3, 0xFD23, 0xF523, 0xFD23,
  0xF523, 0xFD63, 0xB3E2, 0x0000, 0xE4C3, 0x6A41, 0x0000, 0x1060, 0xDCA3, 0xFD63, 0xFD63, 0xE4C3, 0x28A0, 0x0000, 0xAB62, 0xFD63,
  0xF503, 0xFD03, 0xF4E3, 0xFD43, 0xECC3, 0x61A1, 0x1820, 0x2040, 0x1000, 0xAB82, 0xFD83, 0xF523, 0xFDA3, 0x69E1, 0x0000, 0x8281,
  0xFD83, 0xF523, 0xFD83, 0x92E1, 0x1800, 0x1800, 0xA382, 0xFD83, 0xE503, 0xDD23, 0xDD43, 0xD523, 0xDD23, 0xD503, 0x8B42, 0x72C2,
  0x6262, 0x59E2, 0x4982, 0x4142, 0x3942, 0x3942, 0x51E2, 0x51E2, 0x3962, 0x20A2, 0x1882, 0x1062, 0x1062, 0x1062, 0x1062, 0x1062,
  0x1062, 0x1082, 0x18C2, 0x2942, 0x18A2, 0x1082, 0x0862, 0x0862, 0x0862, 0x0862, 0x0862, 0x0862, 0x0862, 0x0862, 0x0862, 0x0862,
  0x0862, 0x0862, 0x0862, 0x0862, 0x0862, 0x0862, 0x0862, 0x0862, 0x0862, 0x0862, 0x0862, 0x0862, 0x0862, 0x0862, 0x0862, 0x0862,
  0x0862, 0x0862, 0x0862, 0x0862, 0x0862, 0x0862, 0x0862, 0x0862, 0x0862, 0x0862, 0x0862, 0x0862, 0x0862, 0x0862, 0x0862, 0x0862,
  0x0862, 0x0862, 0x0862, 0x0862, 0x0862, 0x0862, 0x0862, 0x0862, 0x0862, 0x0862, 0x0862, 0x0862, 0x0862, 0x0862, 0x0862, 0x0862,
  0x0862, 0x0862, 0x0862, 0x0862, 0x0862, 0x0862, 0x0862, 0x0862, 0x0862, 0x0862, 0x0862, 0x0862, 0x0862, 0x0862, 0x0862, 0x0862,
  0x0862, 0x0862, 0x0862, 0x0862, 0x0862, 0x0862, 0x0862, 0x0862, 0x0862, 0x0862, 0x0862, 0x0862, 0x0862, 0x0862, 0x0862, 0x0862,
  0x0862, 0x0862, 0x0862, 0x0862, 0x0862, 0x0862, 0x0862, 0x0862, 0x0862, 0x0862, 0x0862, 0x0862, 0x0862, 0x0862, 0x0862, 0x0862,
  0x0862, 0x0862, 0x0862, 0x0862, 0x0862, 0x0862, 0x0862, 0x0862, 0x0862, 0x0862, 0x0862, 0x0862, 0x0862, 0x0862, 0x0862, 0x0862,
  0x0862, 0x0862, 0x0862, 0x0862, 0x0862, 0x0862, 0x0862, 0x0862, 0x0862, 0x0862, 0x0862, 0x0862, 0x0862, 0x0862, 0x0862, 0x0862,
  0x0862, 0x0862, 0x1062, 0x1062, 0x1062, 0x1062, 0x1062, 0x1062, 0x1862, 0x1862, 0x1882, 0x2082, 0x2082, 0x28A2, 0x28A2, 0x28A2,
  0x30A2, 0x30C2, 0x30C2, 0x38C2, 0x40E2, 0x4902, 0x5122, 0x5122, 0x5102, 0x5102, 0x5122, 0x5942, 0x5962, 0x5962, 0x6182, 0x79E2,
  0x71C2, 0x6182, 0x5962, 0x71A2, 0x9A42, 0x71C2, 0x71C2, 0xFBE2, 0xFBC2, 0xFBE2, 0xFBE2, 0xEBA2, 0x79C1, 0x4900, 0x40C0, 0xBAC1,
  0xFC02, 0xC2E1, 0x40A0, 0x3080, 0xB2A1, 0xC301, 0x5920, 0x1000, 0x3080, 0xEBC2, 0xFC02, 0xF402, 0xF402, 0xFC22, 0xF402, 0x71C1,
  0x1000, 0x0800, 0x0800, 0x4100, 0xCB82, 0xFCA2, 0xFC62, 0xF462, 0xF462, 0xF462, 0xFCA2, 0x7A21, 0x0000, 0x28C0, 0xDC02, 0xFCC2,
  0xF4A2, 0xE462, 0x2080, 0x0000, 0x0800, 0x0800, 0x0000, 0x30E0, 0xF4C2, 0xF4A2, 0xFD23, 0x6A01, 0x0000, 0xBBC2, 0xFD43, 0x5160,
  0x0000, 0xDC42, 0xFCE3, 0xF4A2, 0xFD23, 0x8AC1, 0x0000, 0x1020, 0x0000, 0x3920, 0xE4A2, 0x1040, 0xC402, 0xFD63, 0xF523, 0xF523,
  0xF523, 0xFD83, 0xFE03, 0x4180, 0x28E0, 0xE4E3, 0x1880, 0x0000, 0x51A1, 0xFD83, 0xF523, 0xFD83, 0xD462, 0x1860, 0x1020, 0xC3E2,
  0xFD63, 0xF503, 0xFD03, 0xF4E3, 0xFD63, 0xE483, 0x2060, 0x0800, 0x7221, 0xFD83, 0xF523, 0xFD83, 0xC442, 0x1020, 0x30A0, 0xE4C3,
  0xFD43, 0xFD43, 0xE4E3, 0x38C0, 0x1000, 0x4940, 0xF543, 0xED23, 0xE503, 0xDD23, 0xD543, 0xD523, 0xDD43, 0xB443, 0x7B02, 0x72A2,
  0x6222, 0x51C2, 0x4182, 0x3942, 0x3922, 0x3942, 0x5202, 0x49C2, 0x3122, 0x18A2, 0x1882, 0x1062, 0x1062, 0x1062, 0x1062, 0x1062,
  0x1062, 0x1082, 0x18C2, 0x2922, 0x1082, 0x1082, 0x0862, 0x0862, 0x0862, 0x0862, 0x0862, 0x0862, 0x0862, 0x0862, 0x0862, 0x0862,
  0x0862, 0x0862, 0x0862, 0x0862, 0x0862, 0x0862, 0x0862, 0x0862, 0x0862, 0x0862, 0x0862, 0x0862, 0x0862, 0x0862, 0x0862, 0x0862,
  0x0862, 0x0862, 0x0862, 0x0862, 0x0862, 0x0862, 0x0862, 0x0862, 0x0862, 0x0862, 0x0862, 0x0862, 0x0862, 0x0862, 0x0862, 0x0862,
  0x0862, 0x0862, 0x0862, 0x0862, 0x0862, 0x0862, 0x0862, 0x0862, 0x0862, 0x0862, 0x0862, 0x0862, 0x0862, 0x0862, 0x0862, 0x0862,
  0x0862, 0x0862, 0x0862, 0x0862, 0x0862, 0x0862, 0x0862, 0x0862, 0x0862, 0x0862, 0x0862, 0x0862, 0x0862, 0x0862, 0x0862, 0x0862,
  0x0862, 0x0862, 0x0862, 0x0862, 0x0862, 0x0862, 0x0862, 0x0862, 0x0862, 0x0862, 0x0862, 0x0862, 0x0862, 0x0862, 0x0862, 0x0862,
  0x0862, 0x0862, 0x0862, 0x0862, 0x0862, 0x0862, 0x0862, 0x0862, 0x0862, 0x0862, 0x0862, 0x0862, 0x0862, 0x0862, 0x0862, 0x0862,
  0x0862, 0x0862, 0x0862, 0x0862, 0x0862, 0x0862, 0x0862, 0x0862, 0x0862, 0x0862, 0x0862, 0x0862, 0x0862, 0x0862, 0x0862, 0x0862,
  0x0862, 0x0862, 0x0862, 0x0862, 0x0862, 0x0862, 0x0862, 0x0862, 0x0862, 0x0862, 0x0862, 0x0862, 0x0862, 0x0862, 0x0862, 0x0862,
  0x0862, 0x1062, 0x0862, 0x1062, 0x1062, 0x1062, 0x1062, 0x1062, 0x1062, 0x1862, 0x1882, 0x2082, 0x2082, 0x28A2, 0x28A2, 0x28A2,
  0x28A2, 0x30A2, 0x30C2, 0x30C2, 0x38C2, 0x40E2, 0x4902, 0x5922, 0x5122, 0x5122, 0x5122, 0x5942, 0x5962, 0x5962, 0x6162, 0x71C2,
  0x7A02, 0x69A2, 0x6162, 0x6982, 0x81E2, 0x9A62, 0x5142, 0xCB02, 0xFC02, 0xF3E2, 0xFBE2, 0xFC02, 0xF3C2, 0xB2A1, 0xBAC1, 0xFBE2,
  0xFBC2, 0xFBC2, 0x6960, 0x40A0, 0x3880, 0x1800, 0x2020, 0x6160, 0xBAE1, 0xF3E2, 0xF402, 0xFC42, 0xFC02, 0xF402, 0xFC22, 0x5960,
  0x1000, 0x1820, 0x8221, 0xFC62, 0xFC62, 0xF442, 0xF462, 0xF462, 0xF462, 0xFCA2, 0x71E1, 0x0000, 0x30E0, 0xE442, 0xFCC2, 0xF482,
  0xFCC2, 0x4940, 0x0000, 0x0800, 0x0800, 0x0800, 0x0000, 0xAB42, 0xFD03, 0xF4C2, 0xF4C2, 0x28C0, 0x1860, 0xECA2, 0xFCE3, 0x28A0,
  0x2080, 0xF4A2, 0xFCE2, 0xF4C2, 0xFD43, 0x92C1, 0x0000, 0x0820, 0x0000, 0x1860, 0xECE3, 0x28E0, 0x9301, 0xFD83, 0xF523, 0xFD83,
  0xFD83, 0xBC22, 0x4981, 0x1060, 0x4181, 0xED43, 0x9B42, 0x0000, 0x0000, 0xA382, 0xFDA3, 0xF503, 0xFD83, 0xBBE2, 0x1020, 0x2880,
  0xD442, 0xFD23, 0xF503, 0xF503, 0xFD63, 0x7A61, 0x0800, 0x4100, 0xED03, 0xFD43, 0xF543, 0xFD83, 0x4960, 0x0000, 0x9B02, 0xFDA3,
  0xF523, 0xFDA3, 0x7A61, 0x1800, 0x1820, 0xB3E2, 0xFD83, 0xE503, 0xDD23, 0xDD43, 0xD523, 0xDD23, 0xD523, 0x9383, 0x7AE2, 0x6A82,
  0x5A02, 0x49A2, 0x4162, 0x3922, 0x3922, 0x4182, 0x5202, 0x49A2, 0x2902, 0x18A2, 0x1882, 0x1062, 0x1062, 0x1062, 0x1062, 0x1062,
  0x1062, 0x1082, 0x20E2, 0x2102, 0x1082, 0x1062, 0x0862, 0x0862, 0x0862, 0x0862, 0x0862, 0x0862, 0x0862, 0x0862, 0x0862, 0x0862,
  0x0862, 0x0862, 0x0862, 0x0862, 0x0862, 0x0862, 0x0862, 0x0862, 0x0862, 0x0862, 0x0862, 0x0862, 0x0862, 0x0862, 0x0862, 0x0862,
  0x0862, 0x0862, 0x0862, 0x0862, 0x0862, 0x0862, 0x0862, 0x0862, 0x0862, 0x0862, 0x0862, 0x0862, 0x0862, 0x0862, 0x0862, 0x0862,
  0x0862, 0x0862, 0x0862, 0x0862, 0x0862, 0x0862, 0x0862, 0x0862, 0x0862, 0x0862, 0x0862, 0x0862, 0x0862, 0x0862, 0x0862, 0x0862,
  0x0862, 0x0862, 0x0862, 0x0862, 0x0862, 0x0862, 0x0862, 0x0862, 0x0862, 0x0862, 0x0862, 0x0862, 0x0862, 0x0862, 0x0862, 0x0862,
  0x0862, 0x0862, 0x0862, 0x0862, 0x0862, 0x0862, 0x0862, 0x0862, 0x0862, 0x0862, 0x0862, 0x0862, 0x0862, 0x0862, 0x0862, 0x0862,
  0x0862, 0x0862, 0x0862, 0x0862, 0x0862, 0x0862, 0x0862, 0x0862, 0x0862, 0x0862, 0x0862, 0x0862, 0x0862, 0x0862, 0x0862, 0x0862,
  0x0862, 0x0862, 0x0862, 0x0862, 0x0862, 0x0862, 0x0862, 0x0862, 0x0862, 0x0862, 0x0862, 0x0862, 0x0862, 0x0862, 0x0862, 0x0862,
  0x0862, 0x0862, 0x0862, 0x0862, 0x0862, 0x0862, 0x0862, 0x0862, 0x0862, 0x0862, 0x0862, 0x0862, 0x0862, 0x0862, 0x0862, 0x0862,
  0x0862, 0x0862, 0x1062, 0x1062, 0x1062, 0x1062, 0x1062, 0x1062, 0x1062, 0x1862, 0x1862, 0x1882, 0x2082, 0x2882, 0x28A2, 0x28A2,
  0x28A2, 0x30A2, 0x30A2, 0x30C2, 0x38C2, 0x38E2, 0x48E2, 0x5122, 0x5922, 0x5122, 0x5122, 0x5122, 0x5962, 0x6162, 0x6162, 0x6182,
  0x79E2, 0x79E2, 0x6182, 0x6182, 0x71C2, 0x9242, 0x79E2, 0x71C2, 0xFC02, 0xFBE2, 0xFBE2, 0xFBE2, 0xFC02, 0xFC22, 0xFC22, 0xFBE2,
  0xF3C2, 0xFC02, 0xB2A1, 0x3060, 0x40C0, 0x79C1, 0xCB21, 0xFC22, 0xFC22, 0xFC42, 0xFC22, 0xC321, 0xF402, 0xFC22, 0xFC22, 0xEC02,
  0x40C0, 0x0800, 0x6160, 0xF442, 0xF442, 0xF462, 0xF462, 0xFC82, 0xFC82, 0x69C1, 0x0000, 0x4120, 0xEC42, 0xFCC2, 0xF462, 0xFCE2,
  0x7A41, 0x0000, 0x0820, 0x0800, 0x0800, 0x0000, 0x3900, 0xF4C2, 0xF4C2, 0xFCE3, 0xD422, 0x0000, 0x59A1, 0xFD23, 0xE462, 0x1020,
  0x4940, 0xFD03, 0xF4E3, 0xF4C3, 0xFD43, 0x92E1, 0x0000, 0x0820, 0x0800, 0x0000, 0xE4A3, 0x59E1, 0x59E1, 0xFE03, 0xFD43, 0xABA2,
  0x3120, 0x0820, 0x51C1, 0xC442, 0xFDA3, 0xFD63, 0xFD83, 0x4140, 0x0000, 0x2080, 0xE4E3, 0xFD43, 0xF503, 0xFD83, 0xAB62, 0x0000,
  0x4920, 0xF523, 0xF503, 0xFD43, 0xD442, 0x1840, 0x1840, 0xCC42, 0xFD83, 0xF523, 0xFDC3, 0x9302, 0x0000, 0x4940, 0xF543, 0xF543,
  0xFD83, 0xC402, 0x2860, 0x1820, 0x61E1, 0xFD83, 0xE523, 0xDD23, 0xDD23, 0xD543, 0xD523, 0xDD43, 0xBC63, 0x8322, 0x72C2, 0x6242,
  0x51E2, 0x4982, 0x3942, 0x3922, 0x3122, 0x41A2, 0x5202, 0x4182, 0x20C2, 0x1882, 0x1062, 0x1062, 0x1062, 0x1062, 0x1062, 0x1062,
  0x1062, 0x1082, 0x20E2, 0x18C2, 0x1082, 0x1082, 0x0862, 0x0862, 0x0862, 0x0862, 0x0862, 0x0862, 0x0862, 0x0862, 0x0862, 0x0862,
  0x0862, 0x0862, 0x0862, 0x0862, 0x0862, 0x0862, 0x0862, 0x0862, 0x0862, 0x0862, 0x0862, 0x0862, 0x0862, 0x0862, 0x0862, 0x0862,
  0x0862, 0x0862, 0x0862, 0x0862, 0x0862, 0x0862, 0x0862, 0x0862, 0x0862, 0x0862, 0x0862, 0x0862, 0x0862, 0x0862, 0x0862, 0x0862,
  0x0862, 0x0862, 0x0862, 0x0862, 0x0862, 0x0862, 0x0862, 0x0862, 0x0862, 0x0862, 0x0862, 0x0862, 0x0862, 0x0862, 0x0862, 0x0862,
  0x0862, 0x0862, 0x0862, 0x0862, 0x0862, 0x0862, 0x0862, 0x0862, 0x0862, 0x0862, 0x0862, 0x0862, 0x0862, 0x0862, 0x0862, 0x0862,
  0x0862, 0x0862, 0x0862, 0x0862, 0x0862, 0x0862, 0x0862, 0x0862, 0x0862, 0x0862, 0x0862, 0x0862, 0x0862, 0x0862, 0x0862, 0x0862,
  0x0862, 0x0862, 0x0862, 0x0862, 0x0862, 0x0862, 0x0862, 0x0862, 0x0862, 0x0862, 0x0862, 0x0862, 0x0862, 0x0862, 0x0862, 0x0862,
  0x0862, 0x0862, 0x0862, 0x0862, 0x0862, 0x0862, 0x0862, 0x0862, 0x0862, 0x0862, 0x0862, 0x0862, 0x0862, 0x0862, 0x0862, 0x0862,
  0x0862, 0x0862, 0x0862, 0x0862, 0x0862, 0x0862, 0x0862, 0x0862, 0x0862, 0x0862, 0x0862, 0x0862, 0x0862, 0x0862, 0x0862, 0x0862,
  0x0862, 0x0862, 0x1062, 0x0862, 0x1062, 0x1062, 0x1062, 0x1062, 0x1062, 0x1062, 0x1862, 0x1882, 0x2082, 0x2082, 0x28A2, 0x28A2,
  0x28A2, 0x30A2, 0x30A2, 0x30C2, 0x30C2, 0x38C2, 0x40E2, 0x4902, 0x5122, 0x5922, 0x5122, 0x5122, 0x5942, 0x6162, 0x6162, 0x6162,
  0x69A2, 0x7A02, 0x71C2, 0x6182, 0x69A2, 0x81E2, 0x9A62, 0x5962, 0xC302, 0xFC22, 0xF3E2, 0xFC02, 0xFBE2, 0xF3E2, 0xF3E2, 0xFBE2,
  0xFBE2, 0xFBE2, 0xEBA2, 0x9A41, 0xDB62, 0xFC22, 0xFC02, 0xFC02, 0xFC22, 0xCB41, 0x6160, 0x1820, 0x71C1, 0xFC42, 0xF422, 0xFC62,
  0xCB62, 0x2860, 0x0800, 0x79E1, 0xFC82, 0xF442, 0xFC62, 0xEC42, 0x5960, 0x0000, 0x5140, 0xEC62, 0xFCA2, 0xF462, 0xFCE2, 0xAB21,
  0x0000, 0x1020, 0x0800, 0x0800, 0x1020, 0x0000, 0xAB41, 0xFD03, 0xF4A2, 0xFD03, 0x9AE1, 0x0000, 0x9AE1, 0xFD43, 0xC3C2, 0x0000,
  0x7201, 0xFD23, 0xF4E3, 0xF4E3, 0xFD43, 0x9B01, 0x0000, 0x1020, 0x0820, 0x0000, 0xC402, 0x9322, 0x28E0, 0x9B62, 0x20A0, 0x1040,
  0x6A61, 0xDCC3, 0xFDC3, 0xFDA3, 0xF563, 0xF543, 0xFDA3, 0xCC62, 0x0820, 0x0000, 0x6A01, 0xFD83, 0xF523, 0xF503, 0xFD63, 0x9B02,
  0xC3C2, 0xFD23, 0xF523, 0xFD23, 0x4940, 0x0800, 0xA342, 0xFD83, 0xF503, 0xFDA3, 0xBC02, 0x1840, 0x1840, 0xCC42, 0xFD83, 0xFD63,
  0xED23, 0x4100, 0x2040, 0x2880, 0xD482, 0xF563, 0xE523, 0xDD23, 0xD523, 0xD523, 0xD543, 0xD523, 0x9BA2, 0x7B02, 0x6AA2, 0x5A02,
  0x49A2, 0x4162, 0x3922, 0x3102, 0x3122, 0x49C2, 0x51E2, 0x3962, 0x20A2, 0x1882, 0x1062, 0x1062, 0x1062, 0x1062, 0x1062, 0x1062,
  0x1062, 0x1082, 0x20E2, 0x10A2, 0x1062, 0x0862, 0x0862, 0x0862, 0x0862, 0x0862, 0x0862, 0x0862, 0x0862, 0x0862, 0x0862, 0x0862,
  0x0862, 0x0862, 0x0862, 0x0862, 0x0862, 0x0862, 0x0862, 0x0862, 0x0862, 0x0862, 0x0862, 0x0862, 0x0862, 0x0862, 0x0862, 0x0862,
  0x0862, 0x0862, 0x0862, 0x0862, 0x0862, 0x0862, 0x0862, 0x0862, 0x0862, 0x0862, 0x0862, 0x0862, 0x0862, 0x0862, 0x0862, 0x0862,
  0x0862, 0x0862, 0x0862, 0x0862, 0x0862, 0x0862, 0x0862, 0x0862, 0x0862, 0x0862, 0x0862, 0x0862, 0x0862, 0x0862, 0x0862, 0x0862,
  0x0862, 0x0862, 0x0862, 0x0862, 0x0862, 0x0862, 0x0862, 0x0862, 0x0862, 0x0862, 0x0862, 0x0862, 0x0862, 0x0862, 0x0862, 0x0862,
  0x0862, 0x0862, 0x0862, 0x0862, 0x0862, 0x0862, 0x0862, 0x0862, 0x0862, 0x0862, 0x0862, 0x0862, 0x0862, 0x0862, 0x0862, 0x0862,
  0x0862, 0x0862, 0x0862, 0x0862, 0x0862, 0x0862, 0x0862, 0x0862, 0x0862, 0x0862, 0x0862, 0x0862, 0x0862, 0x0862, 0x0862, 0x0862,
  0x0862, 0x0862, 0x0862, 0x0862, 0x0862, 0x0862, 0x0862, 0x0862, 0x0862, 0x0862, 0x0862, 0x0862, 0x0862, 0x0862, 0x0862, 0x0862,
  0x0862, 0x0862, 0x0862, 0x0862, 0x0862, 0x0862, 0x0862, 0x0862, 0x0862, 0x0862, 0x0862, 0x0862, 0x0862, 0x0862, 0x0862, 0x0862,
  0x0862, 0x0862, 0x0862, 0x1062, 0x1062, 0x1062, 0x1062, 0x1062, 0x1062, 0x1062, 0x1062, 0x1862, 0x1882, 0x2082, 0x2082, 0x28A2,
  0x28A2, 0x30A2, 0x30A2, 0x30A2, 0x30C2, 0x38C2, 0x38E2, 0x4102, 0x5102, 0x5922, 0x5942, 0x5922, 0x5942, 0x5962, 0x6182, 0x6182,
  0x6182, 0x71E2, 0x7A02, 0x69A2, 0x6182, 0x79C2, 0x9242, 0x8202, 0x71A2, 0xFC02, 0xFBE2, 0xFC02, 0xFC02, 0xFC02, 0xFC02, 0xFC02,
  0xFC02, 0xFBE2, 0xFBE2, 0xFC22, 0xFC02, 0xFC02, 0xFC22, 0xDB82, 0x79C1, 0x2860, 0x2040, 0x2860, 0x1000, 0x81E1, 0xFC62, 0xF422,
  0xFC62, 0xAAE1, 0x2020, 0x1800, 0xA2A1, 0xFCA2, 0xFC62, 0xDC02, 0x2040, 0x5160, 0xF462, 0xFCA2, 0xF462, 0xFCC2, 0xD402, 0x1840,
  0x0800, 0x1020, 0x1000, 0x1020, 0x0800, 0x4100, 0xFCC3, 0xF4C3, 0xF4A3, 0xFD03, 0x59A1, 0x0800, 0xD402, 0xFD43, 0xA302, 0x0000,
  0x92E1, 0xFD43, 0xF4E3, 0xF4E3, 0xFD43, 0x9B21, 0x0000, 0x1020, 0x0820, 0x0000, 0x9322, 0xD462, 0x0000, 0x1880, 0x82E2, 0xED23,
  0xFDC3, 0xFD83, 0xF543, 0xF563, 0xFD63, 0xFD63, 0xF543, 0xFDC3, 0x7A81, 0x0000, 0x0800, 0xBBC2, 0xFD63, 0xF503, 0xF503, 0xFD43,
  0xFD43, 0xFD23, 0xFD63, 0x7A41, 0x0000, 0x7A41, 0xFD83, 0xF523, 0xFD83, 0xCC62, 0x2060, 0x0800, 0x9B02, 0xFDA3, 0xF523, 0xFD83,
  0x7221, 0x2040, 0x1820, 0x8AE1, 0xFDA3, 0xE523, 0xDD23, 0xD523, 0xD523, 0xD523, 0xDD43, 0xB463, 0x8B42, 0x7AE2, 0x6262, 0x51E2,
  0x4982, 0x3942, 0x3102, 0x3102, 0x3942, 0x51E2, 0x49C2, 0x3122, 0x18A2, 0x1882, 0x1062, 0x1062, 0x1062, 0x1062, 0x1062, 0x1062,
  0x1062, 0x1082, 0x18C2, 0x1082, 0x1062, 0x0862, 0x0862, 0x0862, 0x0862, 0x0862, 0x0862, 0x0862, 0x0862, 0x0862, 0x0862, 0x0862,
  0x0862, 0x0862, 0x0862, 0x0862, 0x0862, 0x0862, 0x0862, 0x0862, 0x0862, 0x0862, 0x0862, 0x0862, 0x0862, 0x0862, 0x0862, 0x0862,
  0x0862, 0x0862, 0x0862, 0x0862, 0x0862, 0x0862, 0x0862, 0x0862, 0x0862, 0x0862, 0x0862, 0x0862, 0x0862, 0x0862, 0x0862, 0x0862,
  0x0862, 0x0862, 0x0862, 0x0862, 0x0862, 0x0862, 0x0862, 0x0862, 0x0862, 0x0862, 0x0862, 0x0862, 0x0862, 0x0862, 0x0862, 0x0862,
  0x0862, 0x0862, 0x0862, 0x0862, 0x0862, 0x0862, 0x0862, 0x0862, 0x0862, 0x0862, 0x0862, 0x0862, 0x0862, 0x0862, 0x0862, 0x0862,
  0x0862, 0x0862, 0x0862, 0x0862, 0x0862, 0x0862, 0x0862, 0x0862, 0x0862, 0x0862, 0x0862, 0x0862, 0x0862, 0x0862, 0x0862, 0x0862,
  0x0862, 0x0862, 0x0862, 0x0862, 0x0862, 0x0862, 0x0862, 0x0862, 0x0862, 0x0862, 0x0862, 0x0862, 0x0862, 0x0862, 0x0862, 0x0862,
  0x0862, 0x0862, 0x0862, 0x0862, 0x0862, 0x0862, 0x0862, 0x0862, 0x0862, 0x0862, 0x0862, 0x0862, 0x0862, 0x0862, 0x0862, 0x0862,
  0x0862, 0x0862, 0x0862, 0x0862, 0x0862, 0x0862, 0x0862, 0x0862, 0x0862, 0x0862, 0x0862, 0x0862, 0x0862, 0x0862, 0x0862, 0x0862,
  0x0862, 0x0862, 0x0862, 0x1062, 0x1062, 0x1062, 0x1062, 0x1062, 0x1062, 0x1062, 0x1062, 0x1862, 0x1862, 0x2082, 0x2082, 0x28A2,
  0x28A2, 0x28A2, 0x30A2, 0x30A2, 0x30C2, 0x30C2, 0x38C2, 0x40E2, 0x4902, 0x5122, 0x5942, 0x5942, 0x5942, 0x5942, 0x6182, 0x6182,
  0x6182, 0x69A2, 0x7A02, 0x7A02, 0x6182, 0x69A2, 0x81E2, 0x9A82, 0x69A2, 0xB2C2, 0xFC42, 0xF402, 0xFC02, 0xFC02, 0xFC02, 0xFC02,
  0xFC02, 0xFC02, 0xFC02, 0xF3E2, 0xFC02, 0xE3A2, 0x9221, 0x40C0, 0x2840, 0x3060, 0x2020, 0x3080, 0x48E0, 0x1000, 0x8A21, 0xFC62,
  0xF422, 0xFC82, 0x9A81, 0x1000, 0x2040, 0xC362, 0xFCA2, 0xFC82, 0xDBE2, 0xEC42, 0xFCA2, 0xF462, 0xFC82, 0xF482, 0x40E0, 0x0800,
  0x1820, 0x1020, 0x1020, 0x1020, 0x0800, 0xB342, 0xFD03, 0xF4A3, 0xFCC3, 0xEC82, 0x2060, 0x30C0, 0xF4C3, 0xFD23, 0x7A41, 0x0000,
  0xBBA2, 0xFD43, 0xF4E3, 0xF4E3, 0xFD63, 0xA322, 0x0000, 0x0820, 0x0820, 0x0000, 0x6A21, 0xF543, 0xA382, 0xF563, 0xFDC3, 0xFD83,
  0xF543, 0xF563, 0xFD63, 0xFD63, 0xFD63, 0xFD63, 0xF563, 0xFD63, 0xED23, 0x28C0, 0x0000, 0x38E0, 0xF503, 0xFD23, 0xFD03, 0xF4E3,
  0xFD23, 0xFD63, 0x8261, 0x0000, 0x5181, 0xFD43, 0xF523, 0xFD83, 0xDCA3, 0x30A0, 0x0800, 0x7221, 0xFD83, 0xF523, 0xFDC3, 0xA342,
  0x2040, 0x2060, 0x4940, 0xED43, 0xED43, 0xE523, 0xDD23, 0xD523, 0xD543, 0xD543, 0xCD03, 0x9BC3, 0x8322, 0x6AA2, 0x5A22, 0x51C2,
  0x4162, 0x3922, 0x3102, 0x3102, 0x4182, 0x51E2, 0x41A2, 0x28E2, 0x1882, 0x1062, 0x1062, 0x1062, 0x1062, 0x1062, 0x1062, 0x1062,
  0x1062, 0x10A2, 0x18C2, 0x1062, 0x1062, 0x0862, 0x0862, 0x0862, 0x0862, 0x0862, 0x0862, 0x0862, 0x0862, 0x0862, 0x0862, 0x0862,
  0x0862, 0x0862, 0x0862, 0x0862, 0x0862, 0x0862, 0x0862, 0x0862, 0x0862, 0x0862, 0x0862, 0x0862, 0x0862, 0x0862, 0x0862, 0x0862,
  0x0862, 0x0862, 0x0862, 0x0862, 0x0862, 0x0862, 0x0862, 0x0862, 0x0862, 0x0862, 0x0862, 0x0862, 0x0862, 0x0862, 0x0862, 0x0862,
  0x0862, 0x0862, 0x0862, 0x0862, 0x0862, 0x0862, 0x0862, 0x0862, 0x0862, 0x0862, 0x0862, 0x0862, 0x0862, 0x0862, 0x0862, 0x0862,
  0x0862, 0x0862, 0x0862, 0x0862, 0x0862, 0x0862, 0x0862, 0x0862, 0x0862, 0x0862, 0x0862, 0x0862, 0x0862, 0x0862, 0x0862, 0x0862,
  0x0862, 0x0862, 0x0862, 0x0862, 0x0862, 0x0862, 0x0862, 0x0862, 0x0862, 0x0862, 0x0862, 0x0862, 0x0862, 0x0862, 0x0862, 0x0862,
  0x0862, 0x0862, 0x0862, 0x0862, 0x0862, 0x0862, 0x0862, 0x0862, 0x0862, 0x0862, 0x0862, 0x0862, 0x0862, 0x0862, 0x0862, 0x0862,
  0x0862, 0x0862, 0x0862, 0x0862, 0x0862, 0x0862, 0x0862, 0x0862, 0x0862, 0x0862, 0x0862, 0x0862, 0x0862, 0x0862, 0x0862, 0x0862,
  0x0862, 0x0862, 0x0862, 0x0862, 0x0862, 0x0862, 0x0862, 0x0862, 0x0862, 0x0862, 0x0862, 0x0862, 0x0862, 0x0862, 0x0862, 0x0862,
  0x0862, 0x0862, 0x0862, 0x1062, 0x0862, 0x1062, 0x1062, 0x1062, 0x1062, 0x1062, 0x1062, 0x1062, 0x1862, 0x1882, 0x2082, 0x2082,
  0x28A2, 0x28A2, 0x30A2, 0x30A2, 0x30C2, 0x30C2, 0x38C2, 0x38C2, 0x40E2, 0x4902, 0x5122, 0x6142, 0x5942, 0x5942, 0x6162, 0x6182,
  0x6182, 0x6182, 0x71C2, 0x8222, 0x71C2, 0x6182, 0x79C2, 0x8A22, 0x9262, 0x7202, 0xEC22, 0xF422, 0xF402, 0xFC02, 0xFC02, 0xFC02,
  0xFC02, 0xFC02, 0xFC02, 0xF402, 0xFC22, 0xDB62, 0x3060, 0x3880, 0x40A0, 0x38A0, 0x6960, 0xD382, 0xEC02, 0x40E0, 0x1000, 0x9241,
  0xFC82, 0xF442, 0xFCA2, 0x9A81, 0x1000, 0x2860, 0xCB82, 0xFCA2, 0xFC82, 0xFC62, 0xF462, 0xF482, 0xFCC2, 0x69C1, 0x0800, 0x1840,
  0x1820, 0x1820, 0x1820, 0x0800, 0x4920, 0xFCC3, 0xFCC3, 0xF4A3, 0xFD03, 0xC3C2, 0x0000, 0x7221, 0xFD23, 0xFD03, 0x5160, 0x0800,
  0xD442, 0xFD23, 0xF503, 0xF503, 0xFD63, 0xA342, 0x0000, 0x0800, 0x0800, 0x0000, 0x4160, 0xFD83, 0xFDA3, 0xFD63, 0xF543, 0xF563,
  0xFD63, 0xFD63, 0xFD63, 0xFD63, 0xFD63, 0xFD63, 0xFD63, 0xF543, 0xFDA3, 0xB3A2, 0x0800, 0x1000, 0x8261, 0xFD63, 0xF4E3, 0xFD43,
  0xED03, 0x61C1, 0x0000, 0x4100, 0xECE3, 0xFD43, 0xFD63, 0xE4C3, 0x38E0, 0x0000, 0x5981, 0xF543, 0xF543, 0xFDA3, 0xC422, 0x2860,
  0x2880, 0x2860, 0xC442, 0xF583, 0xE523, 0xDD23, 0xD523, 0xD543, 0xD543, 0xD543, 0xB443, 0x8B62, 0x7AE2, 0x6262, 0x51E2, 0x49A2,
  0x3942, 0x3102, 0x30E2, 0x3102, 0x49C2, 0x49E2, 0x4182, 0x20C2, 0x1882, 0x1062, 0x1062, 0x1062, 0x1062, 0x1062, 0x0862, 0x1062,
  0x1062, 0x18A2, 0x10A2, 0x1062, 0x0862, 0x0862, 0x0862, 0x0862, 0x0862, 0x0862, 0x0862, 0x0862, 0x0862, 0x0862, 0x0862, 0x0862,
  0x0862, 0x0862, 0x0862, 0x0862, 0x0862, 0x0862, 0x0862, 0x0862, 0x0862, 0x0862, 0x0862, 0x0862, 0x0862, 0x0862, 0x0862, 0x0862,
  0x0862, 0x0862, 0x0862, 0x0862, 0x0862, 0x0862, 0x0862, 0x0862, 0x0862, 0x0862, 0x0862, 0x0862, 0x0862, 0x0862, 0x0862, 0x0862,
  0x0862, 0x0862, 0x0862, 0x0862, 0x0862, 0x0862, 0x0862, 0x0862, 0x0862, 0x0862, 0x0862, 0x0862, 0x0862, 0x0862, 0x0862, 0x0862,
  0x0862, 0x0862, 0x0862, 0x0862, 0x0862, 0x0862, 0x0862, 0x0862, 0x0862, 0x0862, 0x0862, 0x0862, 0x0862, 0x0862, 0x0862, 0x0862,
  0x0862, 0x0862, 0x0862, 0x0862, 0x0862, 0x0862, 0x0862, 0x0862, 0x0862, 0x0862, 0x0862, 0x0862, 0x0862, 0x0862, 0x0862, 0x0862,
  0x0862, 0x0862, 0x0862, 0x0862, 0x0862, 0x0862, 0x0862, 0x0862, 0x0862, 0x0862, 0x0862, 0x0862, 0x0862, 0x0862, 0x0862, 0x0862,
  0x0862, 0x0862, 0x0862, 0x0862, 0x0862, 0x0862, 0x0862, 0x0862, 0x0862, 0x0862, 0x0862, 0x0862, 0x0862, 0x0862, 0x0862, 0x0862,
  0x0862, 0x0862, 0x0862, 0x0862, 0x0862, 0x0862, 0x0862, 0x0862, 0x0862, 0x0862, 0x0862, 0x0862, 0x0862, 0x0862, 0x0862, 0x0862,
  0x0862, 0x0862, 0x0862, 0x0862, 0x1062, 0x0862, 0x1062, 0x1062, 0x1062, 0x1062, 0x1062, 0x1062, 0x1862, 0x1862, 0x1882, 0x2082,
  0x28A2, 0x28A2, 0x28A2, 0x30C2, 0x30C2, 0x30C2, 0x30C2, 0x38C2, 0x38E2, 0x40E2, 0x4902, 0x5922, 0x6142, 0x6142, 0x5942, 0x6182,
  0x6182, 0x6182, 0x6982, 0x71E2, 0x8222, 0x69A2, 0x69A2, 0x81E2, 0x9A62, 0x92A2, 0xA322, 0xFC62, 0xF422, 0xF422, 0xFC22, 0xFC22,
  0xFC22, 0xFC22, 0xFC22, 0xFC22, 0xF402, 0xFC62, 0xA281, 0x2840, 0x3880, 0x48E0, 0xF402, 0xFC62, 0xFC62, 0xD3A2, 0x3080, 0x1000,
  0x9261, 0xFCA2, 0xF442, 0xFCA2, 0xAAE1, 0x1820, 0x1820, 0xAAE1, 0xFCA2, 0xFCA2, 0xF462, 0xFCE2, 0x9AC1, 0x0800, 0x1840, 0x1820,
  0x1820, 0x1820, 0x1820, 0x0800, 0xB362, 0xFD03, 0xF4C3, 0xF4C3, 0xFD23, 0x8A81, 0x0000, 0xB362, 0xFD43, 0xF4C2, 0x28A0, 0x2060,
  0xF4C3, 0xFD03, 0xF503, 0xF503, 0xFD63, 0xA362, 0x0000, 0x0800, 0x0000, 0x0000, 0x20C0, 0xF543, 0xF563, 0xF563, 0xFD63, 0xFD63,
  0xFD63, 0xFD83, 0xFD83, 0xFD83, 0xF563, 0xF563, 0xFD63, 0xFD63, 0xF543, 0xFD83, 0x61C1, 0x1000, 0x2040, 0xCC02, 0xFDA3, 0xD442,
  0x4100, 0x0800, 0x30C0, 0xDCA3, 0xFD63, 0xFD63, 0xE4E3, 0x4100, 0x0800, 0x4920, 0xED03, 0xFD43, 0xFD83, 0xDCA3, 0x30A0, 0x2880,
  0x2040, 0x9302, 0xFDA3, 0xE523, 0xDD23, 0xD523, 0xD523, 0xD544, 0xDD63, 0xC4E3, 0x9BC3, 0x8342, 0x72A2, 0x5A22, 0x51C2, 0x4162,
  0x3922, 0x30E2, 0x28E2, 0x3122, 0x51E2, 0x49C2, 0x3142, 0x18A2, 0x1882, 0x1062, 0x1062, 0x1062, 0x1062, 0x1062, 0x1062, 0x1062,
  0x1062, 0x18A2, 0x1082, 0x1062, 0x0862, 0x0862, 0x0862, 0x0862, 0x0862, 0x0862, 0x0862, 0x0862, 0x0862, 0x0862, 0x0862, 0x0862,
  0x0862, 0x0862, 0x0862, 0x0862, 0x0862, 0x0862, 0x0862, 0x0862, 0x0862, 0x0862, 0x0862, 0x0862, 0x0862, 0x0862, 0x0862, 0x0862,
  0x0862, 0x0862, 0x0862, 0x0862, 0x0862, 0x0862, 0x0862, 0x0862, 0x0862, 0x0862, 0x0862, 0x0862, 0x0862, 0x0862, 0x0862, 0x0862,
  0x0862, 0x0862, 0x0862, 0x0862, 0x0862, 0x0862, 0x0862, 0x0862, 0x0862, 0x0862, 0x0862, 0x0862, 0x0862, 0x0862, 0x0862, 0x0862,
  0x0862, 0x0862, 0x0862, 0x0862, 0x0862, 0x0862, 0x0862, 0x0862, 0x0862, 0x0862, 0x0862, 0x0862, 0x0862, 0x0862, 0x0862, 0x0862,
  0x0862, 0x0862, 0x0862, 0x0862, 0x0862, 0x0862, 0x0862, 0x0862, 0x0862, 0x0862, 0x0862, 0x0862, 0x0862, 0x0862, 0x0862, 0x0862,
  0x0862, 0x0862, 0x0862, 0x0862, 0x0862, 0x0862, 0x0862, 0x0862, 0x0862, 0x0862, 0x0862, 0x0862, 0x0862, 0x0862, 0x0862, 0x0862,
  0x0862, 0x0862, 0x0862, 0x0862, 0x0862, 0x0862, 0x0862, 0x0862, 0x0862, 0x0862, 0x0862, 0x0862, 0x0862, 0x0862, 0x0862, 0x0862,
  0x0862, 0x0862, 0x0862, 0x0862, 0x0862, 0x0862, 0x0862, 0x0862, 0x0862, 0x0862, 0x0862, 0x0862, 0x0862, 0x0862, 0x0862, 0x0862,
  0x0862, 0x0862, 0x0862, 0x0862, 0x0862, 0x0862, 0x1062, 0x1062, 0x1062, 0x1062, 0x1062, 0x1062, 0x1062, 0x1862, 0x1882, 0x2082,
  0x2082, 0x28A2, 0x28A2, 0x30A2, 0x30C2, 0x30C2, 0x30C2, 0x30C2, 0x38C2, 0x40E2, 0x4902, 0x5102, 0x5942, 0x6162, 0x6142, 0x6162,
  0x6982, 0x6982, 0x6182, 0x69A2, 0x7A02, 0x8222, 0x69A2, 0x79E2, 0x8A22, 0xA2A2, 0x8AA2, 0xCBC2, 0xFC62, 0xF422, 0xFC22, 0xFC22,
  0xFC22, 0xFC22, 0xFC22, 0xFC22, 0xFC22, 0xFC22, 0xFC22, 0x5920, 0x2840, 0x2840, 0x6981, 0xFC42, 0xF422, 0xFC62, 0xC342, 0x2860,
  0x1800, 0x9261, 0xFCA2, 0xF462, 0xFCC2, 0xC362, 0x2860, 0x0800, 0x61A1, 0xD3E2, 0xFD03, 0xC3A2, 0x1820, 0x1820, 0x1820, 0x1820,
  0x1820, 0x1820, 0x0800, 0x4920, 0xFCE3, 0xF4C3, 0xF4C3, 0xF4C3, 0xFD03, 0x4920, 0x1020, 0xE462, 0xFD23, 0xDC62, 0x1000, 0x4120,
  0xFD23, 0xF503, 0xFD03, 0xF503, 0xFD83, 0xA382, 0x0000, 0x0800, 0x0000, 0x0000, 0x0820, 0xDCC3, 0xFD83, 0xF563, 0xFD83, 0xFD83,
  0xFD83, 0xFD83, 0xF563, 0xF563, 0xFDA3, 0xFDA3, 0xF563, 0xFD63, 0xF543, 0xFD63, 0xDC83, 0x3080, 0x1800, 0x5960, 0xAB82, 0x2880,
  0x0800, 0x38C0, 0xDC83, 0xFD83, 0xFD63, 0xED03, 0x4920, 0x0800, 0x40E0, 0xE4E3, 0xFD63, 0xFD63, 0xE503, 0x4100, 0x2860, 0x2860,
  0x61C1, 0xF563, 0xED43, 0xE523, 0xD523, 0xD523, 0xD544, 0xDD64, 0xD523, 0xAC43, 0x9383, 0x7AE2, 0x6262, 0x51E2, 0x4982, 0x3922,
  0x30E2, 0x28E2, 0x28E2, 0x4182, 0x51E2, 0x41A2, 0x28E2, 0x18A2, 0x1062, 0x1062, 0x1062, 0x1062, 0x1062, 0x1062, 0x1062, 0x0862,
  0x1082, 0x18A2, 0x1062, 0x0862, 0x0862, 0x0862, 0x0862, 0x0862, 0x0862, 0x0862, 0x0862, 0x0862, 0x0862, 0x0862, 0x0862, 0x0862,
  0x0862, 0x0862, 0x0862, 0x0862, 0x0862, 0x0862, 0x0862, 0x0862, 0x0862, 0x0862, 0x0862, 0x0862, 0x0862, 0x0862, 0x0862, 0x0862,
  0x0862, 0x0862, 0x0862, 0x0862, 0x0862, 0x0862, 0x0862, 0x0862, 0x0862, 0x0862, 0x0862, 0x0862, 0x0862, 0x0862, 0x0862, 0x0862,
  0x0862, 0x0862, 0x0862, 0x0862, 0x0862, 0x0862, 0x0862, 0x0862, 0x0862, 0x0862, 0x0862, 0x0862, 0x0862, 0x0862, 0x0862, 0x0862,
  0x0862, 0x0862, 0x0862, 0x0862, 0x0862, 0x0862, 0x0862, 0x0862, 0x0862, 0x0862, 0x0862, 0x0862, 0x0862, 0x0862, 0x0862, 0x0862,
  0x0862, 0x0862, 0x0862, 0x0862, 0x0862, 0x0862, 0x0862, 0x0862, 0x0862, 0x0862, 0x0862, 0x0862, 0x0862, 0x0862, 0x0862, 0x0862,
  0x0862, 0x0862, 0x0862, 0x0862, 0x0862, 0x0862, 0x0862, 0x0862, 0x0862, 0x0862, 0x0862, 0x0862, 0x0862, 0x0862, 0x0862, 0x0862,
  0x0862, 0x0862, 0x0862, 0x0862, 0x0862, 0x0862, 0x0862, 0x0862, 0x0862, 0x0862, 0x0862, 0x0862, 0x0862, 0x0862, 0x0862, 0x0862,
  0x0862, 0x0862, 0x0862, 0x0862, 0x0862, 0x0862, 0x0862, 0x0862, 0x0862, 0x0862, 0x0862, 0x0862, 0x0862, 0x0862, 0x0862, 0x0862,
  0x0862, 0x0862, 0x0862, 0x0862, 0x0862, 0x1062, 0x1062, 0x1062, 0x1062, 0x1062, 0x1062, 0x1062, 0x1062, 0x1062, 0x1862, 0x1882,
  0x2082, 0x2082, 0x28A2, 0x28A2, 0x30A2, 0x30C2, 0x30C2, 0x30C2, 0x38C2, 0x38C2, 0x40E2, 0x4902, 0x5122, 0x6142, 0x6962, 0x6162,
  0x6182, 0x69A2, 0x69A2, 0x69A2, 0x69A2, 0x8222, 0x7A02, 0x69A2, 0x81E2, 0x9242, 0xA2C2, 0x92C2, 0xEC42, 0xF442, 0xF422, 0xFC22,
  0xFC22, 0xFC22, 0xFC22, 0xFC42, 0xFC42, 0xF422, 0xFC62, 0xD382, 0x3060, 0x3060, 0x2020, 0x81E1, 0xFC62, 0xF422, 0xFC82, 0xB301,
  0x2040, 0x1800, 0x9261, 0xFCA2, 0xF462, 0xFCA3, 0xDC02, 0x4920, 0x0000, 0x2040, 0x7201, 0x38C0, 0x1000, 0x1820, 0x1820, 0x1820,
  0x1020, 0x1820, 0x0800, 0xB362, 0xFD23, 0xFD03, 0xFD03, 0xFD03, 0xE462, 0x1020, 0x4940, 0xFD03, 0xFD23, 0xC3C2, 0x0000, 0x6A01,
  0xFD63, 0xF503, 0xFD23, 0xF523, 0xFD83, 0xABA2, 0x0000, 0x0000, 0x0000, 0x0000, 0x0000, 0xBC22, 0xFDC3, 0xF563, 0xFD83, 0xFD83,
  0xF583, 0xF563, 0xFDA3, 0xFDE3, 0xD4A3, 0xB3E2, 0xFD83, 0xF543, 0xFD43, 0xF523, 0xFD63, 0x9AE1, 0x1800, 0x2840, 0x1820, 0x0800,
  0x4940, 0xE4E3, 0xFD63, 0xFD63, 0xED03, 0x5140, 0x0800, 0x40E0, 0xE4C3, 0xFD63, 0xFD63, 0xF523, 0x5160, 0x2040, 0x30A0, 0x4100,
  0xDCE3, 0xF563, 0xE523, 0xDD23, 0xD523, 0xD523, 0xDDA5, 0xDD63, 0xBCC3, 0x9BC3, 0x8322, 0x6AA2, 0x5A02, 0x49A2, 0x4142, 0x3102,
  0x28E2, 0x28E2, 0x28E2, 0x49C2, 0x49C2, 0x3962, 0x20A2, 0x1882, 0x1062, 0x1062, 0x1062, 0x1062, 0x1062, 0x1062, 0x1062, 0x0862,
  0x1082, 0x18A2, 0x0862, 0x0862, 0x0862, 0x0862, 0x0862, 0x0862, 0x0862, 0x0862, 0x0862, 0x0862, 0x0862, 0x0862, 0x0862, 0x0862,
  0x0862, 0x0862, 0x0862, 0x0862, 0x0862, 0x0862, 0x0862, 0x0862, 0x0862, 0x0862, 0x0862, 0x0862, 0x0862, 0x0862, 0x0862, 0x0862,
  0x0862, 0x0862, 0x0862, 0x0862, 0x0862, 0x0862, 0x0862, 0x0862, 0x0862, 0x0862, 0x0862, 0x0862, 0x0862, 0x0862, 0x0862, 0x0862,
  0x0862, 0x0862, 0x0862, 0x0862, 0x0862, 0x0862, 0x0862, 0x0862, 0x0862, 0x0862, 0x0862, 0x0862, 0x0862, 0x0862, 0x0862, 0x0862,
  0x0862, 0x0862, 0x0862, 0x0862, 0x0862, 0x0862, 0x0862, 0x0862, 0x0862, 0x0862, 0x0862, 0x0862, 0x0862, 0x0862, 0x0862, 0x0862,
  0x0862, 0x0862, 0x0862, 0x0862, 0x0862, 0x0862, 0x0862, 0x0862, 0x0862, 0x0862, 0x0862, 0x0862, 0x0862, 0x0862, 0x0862, 0x0862,
  0x0862, 0x0862, 0x0862, 0x0862, 0x0862, 0x0862, 0x0862, 0x0862, 0x0862, 0x0862, 0x0862, 0x0862, 0x0862, 0x0862, 0x0862, 0x0862,
  0x0862, 0x0862, 0x0862, 0x0862, 0x0862, 0x0862, 0x0862, 0x0862, 0x0862, 0x0862, 0x0862, 0x0862, 0x0862, 0x0862, 0x0862, 0x0862,
  0x0862, 0x0862, 0x0862, 0x0862, 0x0862, 0x0862, 0x0862, 0x0862, 0x0862, 0x0862, 0x0862, 0x0862, 0x0862, 0x0862, 0x0862, 0x0862,
  0x0862, 0x0862, 0x0862, 0x0862, 0x0862, 0x0862, 0x1062, 0x1062, 0x1062, 0x1062, 0x1062, 0x1062, 0x1062, 0x1062, 0x1862, 0x1862,
  0x1882, 0x2082, 0x2882, 0x28A2, 0x30A2, 0x30C2, 0x30C2, 0x30C2, 0x30C2, 0x38C2, 0x38C2, 0x40E2, 0x4902, 0x5122, 0x6142, 0x6962,
  0x6162, 0x6982, 0x69A2, 0x69A2, 0x69A2, 0x71C2, 0x8A22, 0x79E2, 0x71C2, 0x8202, 0xA282, 0x92C2, 0xA342, 0xFC82, 0xF442, 0xF422,
  0xFC22, 0xFC42, 0xFC42, 0xFC42, 0xFC42, 0xFC42, 0xF442, 0xFC82, 0x9A81, 0x2020, 0x3060, 0x1800, 0x9241, 0xFC82, 0xF422, 0xFCA2,
  0xAAE1, 0x2040, 0x1820, 0x8A61, 0xFCA2, 0xF462, 0xFCA2, 0xF482, 0x7A01, 0x1000, 0x0800, 0x1820, 0x1820, 0x1820, 0x1820, 0x1820,
  0x1820, 0x0800, 0x4940, 0xFD43, 0xA301, 0x7221, 0xBBA2, 0xF4E3, 0xB382, 0x0000, 0x8AA1, 0xFD23, 0xFD43, 0x9B22, 0x0000, 0x92E1,
  0xFD83, 0xF523, 0xFD43, 0xF523, 0xFDA3, 0xABC2, 0x0000, 0x0000, 0x0000, 0x0000, 0x0000, 0x9B62, 0xFDE4, 0xF563, 0xFD83, 0xF583,
  0xFDA3, 0xFDC3, 0xCC83, 0x6A41, 0x0820, 0x9302, 0xFD83, 0xF523, 0xFD23, 0xFD23, 0xFD03, 0xFD23, 0x5140, 0x1800, 0x1800, 0x6A01,
  0xF543, 0xFD63, 0xFD63, 0xED03, 0x5140, 0x0800, 0x4100, 0xE4C3, 0xFD63, 0xFD63, 0xF543, 0x5981, 0x2040, 0x38C0, 0x30A0, 0xC442,
  0xF5A3, 0xE523, 0xDD23, 0xD523, 0xCD23, 0xD5A5, 0xE5C5, 0xCD23, 0xAC23, 0x8B83, 0x7AE2, 0x6242, 0x51E2, 0x4182, 0x3922, 0x30E2,
  0x28C2, 0x28E2, 0x3142, 0x49E2, 0x41A2, 0x3122, 0x18A2, 0x1082, 0x1062, 0x1062, 0x1062, 0x1062, 0x0862, 0x0862, 0x0862, 0x0862,
  0x10A2, 0x1082, 0x0862, 0x0862, 0x0862, 0x0862, 0x0862, 0x0862, 0x0862, 0x0862, 0x0862, 0x0862, 0x0862, 0x0862, 0x0862, 0x0862,
  0x0862, 0x0862, 0x0862, 0x0862, 0x0862, 0x0862, 0x0862, 0x0862, 0x0862, 0x0862, 0x0862, 0x0862, 0x0862, 0x0862, 0x0862, 0x0862,
  0x0862, 0x0862, 0x0862, 0x0862, 0x0862, 0x0862, 0x0862, 0x0862, 0x0862, 0x0862, 0x0862, 0x0862, 0x0862, 0x0862, 0x0862, 0x0862,
  0x0862, 0x0862, 0x0862, 0x0862, 0x0862, 0x0862, 0x0862, 0x0862, 0x0862, 0x0862, 0x0862, 0x0862, 0x0862, 0x0862, 0x0862, 0x0862,
  0x0862, 0x0862, 0x0862, 0x0862, 0x0862, 0x0862, 0x0862, 0x0862, 0x0862, 0x0862, 0x0862, 0x0862, 0x0862, 0x0862, 0x0862, 0x0862,
  0x0862, 0x0862, 0x0862, 0x0862, 0x0862, 0x0862, 0x0862, 0x0862, 0x0862, 0x0862, 0x0862, 0x0862, 0x0862, 0x0862, 0x0862, 0x0862,
  0x0862, 0x0862, 0x0862, 0x0862, 0x0862, 0x0862, 0x0862, 0x0862, 0x0862, 0x0862, 0x0862, 0x0862, 0x0862, 0x0862, 0x0862, 0x0862,
  0x0862, 0x0862, 0x0862, 0x0862, 0x0862, 0x0862, 0x0862, 0x0862, 0x0862, 0x0862, 0x0862, 0x0862, 0x0862, 0x0862, 0x0862, 0x0862,
  0x0862, 0x0862, 0x0862, 0x0862, 0x0862, 0x0862, 0x0862, 0x0862, 0x0862, 0x0862, 0x0862, 0x0862, 0x0862, 0x0862, 0x0862, 0x0862,
  0x0862, 0x0862, 0x0862, 0x0862, 0x0862, 0x0862, 0x1062, 0x0862, 0x1062, 0x1062, 0x1062, 0x1062, 0x1062, 0x1062, 0x1062, 0x1862,
  0x1882, 0x2082, 0x2082, 0x28A2, 0x28A2, 0x30A2, 0x30C2, 0x30C2, 0x30C2, 0x30C2, 0x38C2, 0x38E2, 0x40E2, 0x4902, 0x5122, 0x6162,
  0x6982, 0x6982, 0x69A2, 0x69A2, 0x69A2, 0x69A2, 0x79E2, 0x8A42, 0x79E2, 0x79E2, 0x9222, 0xB2E2, 0x8AA2, 0xC3A2, 0xFCA2, 0xF422,
  0xF442, 0xFC42, 0xFC42, 0xFC42, 0xFC42, 0xFC42, 0xFC42, 0xF442, 0xFC62, 0x71C1, 0x2020, 0x3060, 0x1800, 0x9A81, 0xFCA2, 0xF442,
  0xFCA2, 0xA2C1, 0x2020, 0x1800, 0x8221, 0xFCC2, 0xF482, 0xF482, 0xFCE3, 0xAB02, 0x2880, 0x1000, 0x2040, 0x1820, 0x1820, 0x1820,
  0x1820, 0x1000, 0xBB82, 0xFD43, 0x4920, 0x0000, 0x1000, 0x30A0, 0x30C0, 0x0800, 0xC3E2, 0xFD23, 0xFD43, 0x7241, 0x0000, 0xB3C2,
  0xFD83, 0xF523, 0xFD43, 0xF543, 0xFDA3, 0xABC2, 0x0000, 0x0000, 0x0000, 0x0820, 0x0000, 0x7281, 0xFDE3, 0xF563, 0xF583, 0xFDA3,
  0xDCE3, 0x51C1, 0x0820, 0x0000, 0x30E0, 0x9302, 0xA342, 0xFD83, 0xF503, 0xFD03, 0xF503, 0xFD63, 0xC402, 0x2880, 0xA342, 0xFDA3,
  0xF543, 0xFD63, 0xECE3, 0x5140, 0x1000, 0x5140, 0xECE3, 0xFD63, 0xFD43, 0xF543, 0x61A1, 0x2020, 0x38C0, 0x2880, 0xAB82, 0xFDA3,
  0xE523, 0xDD43, 0xD523, 0xCD03, 0xD585, 0xE627, 0xDD84, 0xBC83, 0x9BC3, 0x8322, 0x6A82, 0x5A02, 0x49A2, 0x3942, 0x3102, 0x28C2,
  0x28C2, 0x28E2, 0x41A2, 0x49C2, 0x41A2, 0x20C2, 0x1882, 0x1062, 0x1062, 0x1062, 0x1062, 0x1062, 0x0862, 0x0862, 0x0862, 0x0862,
  0x10A2, 0x1082, 0x0862, 0x0862, 0x0862, 0x0862, 0x0862, 0x0862, 0x0862, 0x0862, 0x0862, 0x0862, 0x0862, 0x0862, 0x0862, 0x0862,
  0x0862, 0x0862, 0x0862, 0x0862, 0x0862, 0x0862, 0x0862, 0x0862, 0x0862, 0x0862, 0x0862, 0x0862, 0x0862, 0x0862, 0x0862, 0x0862,
  0x0862, 0x0862, 0x0862, 0x0862, 0x0862, 0x0862, 0x0862, 0x0862, 0x0862, 0x0862, 0x0862, 0x0862, 0x0862, 0x0862, 0x0862, 0x0862,
  0x0862, 0x0862, 0x0862, 0x0862, 0x0862, 0x0862, 0x0862, 0x0862, 0x0862, 0x0862, 0x0862, 0x0862, 0x0862, 0x0862, 0x0862, 0x0862,
  0x0862, 0x0862, 0x0862, 0x0862, 0x0862, 0x0862, 0x0862, 0x0862, 0x0862, 0x0862, 0x0862, 0x0862, 0x0862, 0x0862, 0x0862, 0x0862,
  0x0862, 0x0862, 0x0862, 0x0862, 0x0862, 0x0862, 0x0862, 0x0862, 0x0862, 0x0862, 0x0862, 0x0862, 0x0862, 0x0862, 0x0862, 0x0862,
  0x0862, 0x0862, 0x0862, 0x0862, 0x0862, 0x0862, 0x0862, 0x0862, 0x0862, 0x0862, 0x0862, 0x0862, 0x0862, 0x0862, 0x0862, 0x0862,
  0x0862, 0x0862, 0x0862, 0x0862, 0x0862, 0x0862, 0x0862, 0x0862, 0x0862, 0x0862, 0x0862, 0x0862, 0x0862, 0x0862, 0x0862, 0x0862,
  0x0862, 0x0862, 0x0862, 0x0862, 0x0862, 0x0862, 0x0862, 0x0862, 0x0862, 0x0862, 0x0862, 0x0862, 0x0862, 0x0862, 0x0862, 0x0862,
  0x0862, 0x0862, 0x0862, 0x0862, 0x0862, 0x0862, 0x0862, 0x1062, 0x1062, 0x1062, 0x1062, 0x1062, 0x1062, 0x1062, 0x1062, 0x1062,
  0x1862, 0x1882, 0x2082, 0x2082, 0x28A2, 0x28A2, 0x30A2, 0x30C2, 0x30C2, 0x30C2, 0x38C2, 0x38C2, 0x40E2, 0x40E2, 0x4902, 0x5922,
  0x6962, 0x7182, 0x6982, 0x71A2, 0x71A2, 0x69A2, 0x69A2, 0x79E2, 0x8A42, 0x79E2, 0x8202, 0x9A62, 0xB302, 0x8AC2, 0xDC02, 0xFC82,
  0xF422, 0xF442, 0xFC42, 0xFC42, 0xFC62, 0xFC62, 0xFC62, 0xF462, 0xFC62, 0xF462, 0x5940, 0x2020, 0x2860, 0x1800, 0xA2A1, 0xFCA2,
  0xF442, 0xFCC3, 0xA2E1, 0x1820, 0x1000, 0x7A01, 0xFCC3, 0xFCA2, 0xF482, 0xFCE3, 0xDC22, 0x5140, 0x1000, 0x1820, 0x2040, 0x2040,
  0x1000, 0x5140, 0xFD03, 0xE462, 0x2060, 0x1820, 0x1820, 0x1000, 0x0800, 0x28A0, 0xECC3, 0xFD23, 0xFD43, 0x4960, 0x0000, 0xD483,
  0xFD83, 0xF543, 0xFD63, 0xF543, 0xFDA3, 0xB3E2, 0x0000, 0x0000, 0x0000, 0x0000, 0x0000, 0x51C1, 0xFDC3, 0xF583, 0xF563, 0xFDE3,
  0x6221, 0x0000, 0x1040, 0x0020, 0x7A61, 0x59A1, 0x38E0, 0xFD43, 0xFD03, 0xFD03, 0xFD23, 0xFD23, 0xFD43, 0xE4E3, 0xFDA3, 0xF543,
  0xFD83, 0xE4E3, 0x4920, 0x1000, 0x61C1, 0xF523, 0xFD63, 0xFD43, 0xF543, 0x61A1, 0x2020, 0x38C0, 0x2880, 0x9302, 0xFDA3, 0xE543,
  0xDD43, 0xD523, 0xCD03, 0xD544, 0xE669, 0xE606, 0xC503, 0xA423, 0x8B62, 0x72C2, 0x6222, 0x51C2, 0x4162, 0x3102, 0x28E2, 0x28C2,
  0x28C2, 0x3102, 0x49C2, 0x41A2, 0x3962, 0x18A2, 0x1882, 0x1062, 0x1062, 0x1062, 0x1062, 0x0862, 0x0862, 0x0862, 0x0862, 0x1062,
  0x10A2, 0x0862, 0x0862, 0x0862, 0x0862, 0x0862, 0x0862, 0x0862, 0x0862, 0x0862, 0x0862, 0x0862, 0x0862, 0x0862, 0x0862, 0x0862,
  0x0862, 0x0862, 0x0862, 0x0862, 0x0862, 0x0862, 0x0862, 0x0862, 0x0862, 0x0862, 0x0862, 0x0862, 0x0862, 0x0862, 0x0862, 0x0862,
  0x0862, 0x0862, 0x0862, 0x0862, 0x0862, 0x0862, 0x0862, 0x0862, 0x0862, 0x0862, 0x0862, 0x0862, 0x0862, 0x0862, 0x0862, 0x0862,
  0x0862, 0x0862, 0x0862, 0x0862, 0x0862, 0x0862, 0x0862, 0x0862, 0x0862, 0x0862, 0x0862, 0x0862, 0x0862, 0x0862, 0x0862, 0x0862,
  0x0862, 0x0862, 0x0862, 0x0862, 0x0862, 0x0862, 0x0862, 0x0862, 0x0862, 0x0862, 0x0862, 0x0862, 0x0862, 0x0862, 0x0862, 0x0862,
  0x0862, 0x0862, 0x0862, 0x0862, 0x0862, 0x0862, 0x0862, 0x0862, 0x0862, 0x0862, 0x0862, 0x0862, 0x0862, 0x0862, 0x0862, 0x0862,
  0x0862, 0x0862, 0x0862, 0x0862, 0x0862, 0x0862, 0x0862, 0x0862, 0x0862, 0x0862, 0x0862, 0x0862, 0x0862, 0x0862, 0x0862, 0x0862,
  0x0862, 0x0862, 0x0862, 0x0862, 0x0862, 0x0862, 0x0862, 0x0862, 0x0862, 0x0862, 0x0862, 0x0862, 0x0862, 0x0862, 0x0862, 0x0862,
  0x0862, 0x0862, 0x0862, 0x0862, 0x0862, 0x0862, 0x0862, 0x0862, 0x0862, 0x0862, 0x0862, 0x0862, 0x0862, 0x0862, 0x0862, 0x0862,
  0x0862, 0x0862, 0x0862, 0x0862, 0x0862, 0x0862, 0x0862, 0x1062, 0x1062, 0x1062, 0x1062, 0x1062, 0x1062, 0x1062, 0x1062, 0x1062,
  0x1862, 0x1862, 0x1882, 0x2082, 0x2082, 0x28A2, 0x30A2, 0x30C2, 0x30C2, 0x30C2, 0x30C2, 0x38C2, 0x38C2, 0x40E2, 0x40E2, 0x4902,
  0x5922, 0x6962, 0x7182, 0x71A2, 0x71C2, 0x71C2, 0x71A2, 0x71C2, 0x8202, 0x8A42, 0x7A02, 0x8A22, 0xAAA2, 0xAB02, 0x92E2, 0xEC62,
  0xF462, 0xF442, 0xF442, 0xFC42, 0xFC62, 0xFC62, 0xFC62, 0xFC62, 0xF462, 0xFC82, 0xEC22, 0x4900, 0x2840, 0x2860, 0x1800, 0xA2C1,
  0xFCC3, 0xF462, 0xFCC3, 0xAB22, 0x2020, 0x0800, 0x69A1, 0xF4A2, 0xFCC3, 0xF482, 0xFCE3, 0xFCE3, 0x8AA1, 0x1820, 0x1000, 0x1840,
  0x1000, 0xBB82, 0xFD63, 0xAB42, 0x0800, 0x1020, 0x1000, 0x1020, 0x0000, 0x59C1, 0xFD63, 0xF523, 0xF503, 0x2080, 0x1060, 0xED03,
  0xFD63, 0xF563, 0xFD63, 0xF563, 0xFDA3, 0xB402, 0x0000, 0x0000, 0x0000, 0x0000, 0x0000, 0x3100, 0xFD83, 0xF583, 0xFD83, 0xED43,
  0x2080, 0x1020, 0x0800, 0x0800, 0xA342, 0x30A0, 0x1800, 0xC3C2, 0xFD43, 0xF503, 0xFD23, 0xFD43, 0xFD43, 0xFD63, 0xF543, 0xFDA3,
  0xDCA3, 0x4100, 0x1000, 0x7A41, 0xFD43, 0xFD43, 0xFD63, 0xED23, 0x5981, 0x2020, 0x38C0, 0x3080, 0x8AE1, 0xF583, 0xE543, 0xDD43,
  0xD523, 0xCD23, 0xCD23, 0xE669, 0xE689, 0xD565, 0xB463, 0x93A3, 0x7B02, 0x6262, 0x51E2, 0x4182, 0x3922, 0x30E2, 0x28C2, 0x20C2,
  0x20C2, 0x4182, 0x49C2, 0x41A2, 0x2902, 0x18A2, 0x1082, 0x1062, 0x1062, 0x1062, 0x1062, 0x1062, 0x0862, 0x0862, 0x0862, 0x1082,
  0x1082, 0x0862, 0x0862, 0x0862, 0x0862, 0x0862, 0x0862, 0x0862, 0x0862, 0x0862, 0x0862, 0x0862, 0x0862, 0x0862, 0x0862, 0x0862,
  0x0862, 0x0862, 0x0862, 0x0862, 0x0862, 0x0862, 0x0862, 0x0862, 0x0862, 0x0862, 0x0862, 0x0862, 0x0862, 0x0862, 0x0862, 0x0862,
  0x0862, 0x0862, 0x0862, 0x0862, 0x0862, 0x0862, 0x0862, 0x0862, 0x0862, 0x0862, 0x0862, 0x0862, 0x0862, 0x0862, 0x0862, 0x0862,
  0x0862, 0x0862, 0x0862, 0x0862, 0x0862, 0x0862, 0x0862, 0x0862, 0x0862, 0x0862, 0x0862, 0x0862, 0x0862, 0x0862, 0x0862, 0x0862,
  0x0862, 0x0862, 0x0862, 0x0862, 0x0862, 0x0862, 0x0862, 0x0862, 0x0862, 0x0862, 0x0862, 0x0862, 0x0862, 0x0862, 0x0862, 0x0862,
  0x0862, 0x0862, 0x0862, 0x0862, 0x0862, 0x0862, 0x0862, 0x0862, 0x0862, 0x0862, 0x0862, 0x0862, 0x0862, 0x0862, 0x0862, 0x0862,
  0x0862, 0x0862, 0x0862, 0x0862, 0x0862, 0x0862, 0x0862, 0x0862, 0x0862, 0x0862, 0x0862, 0x0862, 0x0862, 0x0862, 0x0862, 0x0862,
  0x0862, 0x0862, 0x0862, 0x0862, 0x0862, 0x0862, 0x0862, 0x0862, 0x0862, 0x0862, 0x0862, 0x0862, 0x0862, 0x0862, 0x0862, 0x0862,
  0x0862, 0x0862, 0x0862, 0x0862, 0x0862, 0x0862, 0x0862, 0x0862, 0x0862, 0x0862, 0x0862, 0x0862, 0x0862, 0x0862, 0x0862, 0x0862,
  0x0862, 0x0862, 0x0862, 0x0862, 0x0862, 0x0862, 0x0862, 0x0862, 0x1062, 0x0862, 0x1062, 0x1062, 0x1062, 0x1062, 0x1062, 0x1062,
  0x1062, 0x1862, 0x1862, 0x1882, 0x2082, 0x28A2, 0x28A2, 0x30A2, 0x30C2, 0x30C2, 0x30C2, 0x38C2, 0x38C2, 0x38C2, 0x40E2, 0x48E2,
  0x5102, 0x5922, 0x6962, 0x71A2, 0x79C2, 0x79C2, 0x71C2, 0x71C2, 0x71C2, 0x8202, 0x8A42, 0x8202, 0x9222, 0xB2C2, 0xA2E2, 0xA322,
  0xF482, 0xF462, 0xF442, 0xF462, 0xFC62, 0xFC62, 0xFC62, 0xFC62, 0xFC62, 0xF462, 0xFCA2, 0xDC02, 0x4900, 0x2840, 0x2860, 0x1800,
  0x9AC1, 0xFCE3, 0xF462, 0xFCE3, 0xBB82, 0x2860, 0x0000, 0x5140, 0xE462, 0xFD03, 0xF4A3, 0xF4C3, 0xFD23, 0xCC02, 0x4120, 0x0000,
  0x5161, 0xFD03, 0xFD43, 0x6A01, 0x0000, 0x1020, 0x0800, 0x1020, 0x0000, 0x9B22, 0xFD83, 0xFD63, 0xDCA3, 0x0000, 0x3920, 0xFD83,
  0xF563, 0xFD63, 0xFD63, 0xF563, 0xFDC3, 0xBC22, 0x0000, 0x0000, 0x0000, 0x0000, 0x0000, 0x1860, 0xE503, 0xFD83, 0xFDE3, 0xABC2,
  0x0000, 0x0800, 0x2080, 0x9B22, 0x92E1, 0x2000, 0x2820, 0x69C1, 0xFD43, 0xF523, 0xFD43, 0xFD43, 0xFD63, 0xF543, 0xFD63, 0xCC62,
  0x38C0, 0x1800, 0x9B01, 0xFD83, 0xF523, 0xFD83, 0xED03, 0x5160, 0x2020, 0x38C0, 0x30A0, 0x82C1, 0xF583, 0xE543, 0xDD43, 0xD523,
  0xCD03, 0xCD23, 0xE649, 0xEEEC, 0xDE07, 0xBCC3, 0x9BE3, 0x8322, 0x6A82, 0x5A02, 0x4982, 0x3942, 0x30E2, 0x28C2, 0x20A2, 0x20C2,
  0x28E2, 0x49C2, 0x41A2, 0x3962, 0x18A2, 0x1882, 0x1062, 0x1062, 0x1062, 0x1062, 0x0862, 0x0862, 0x0862, 0x0862, 0x0862, 0x1082,
  0x1062, 0x0862, 0x0862, 0x0862, 0x0862, 0x0862, 0x0862, 0x0862, 0x0862, 0x0862, 0x0862, 0x0862, 0x0862, 0x0862, 0x0862, 0x0862,
  0x0862, 0x0862, 0x0862, 0x0862, 0x0862, 0x0862, 0x0862, 0x0862, 0x0862, 0x0862, 0x0862, 0x0862, 0x0862, 0x0862, 0x0862, 0x0862,
  0x0862, 0x0862, 0x0862, 0x0862, 0x0862, 0x0862, 0x0862, 0x0862, 0x0862, 0x0862, 0x0862, 0x0862, 0x0862, 0x0862, 0x0862, 0x0862,
  0x0862, 0x0862, 0x0862, 0x0862, 0x0862, 0x0862, 0x0862, 0x0862, 0x0862, 0x0862, 0x0862, 0x0862, 0x0862, 0x0862, 0x0862, 0x0862,
  0x0862, 0x0862, 0x0862, 0x0862, 0x0862, 0x0862, 0x0862, 0x0862, 0x0862, 0x0862, 0x0862, 0x0862, 0x0862, 0x0862, 0x0862, 0x0862,
  0x0862, 0x0862, 0x0862, 0x0862, 0x0862, 0x0862, 0x0862, 0x0862, 0x0862, 0x0862, 0x0862, 0x0862, 0x0862, 0x0862, 0x0862, 0x0862,
  0x0862, 0x0862, 0x0862, 0x0862, 0x0862, 0x0862, 0x0862, 0x0862, 0x0862, 0x0862, 0x0862, 0x0862, 0x0862, 0x0862, 0x0862, 0x0862,
  0x0862, 0x0862, 0x0862, 0x0862, 0x0862, 0x0862, 0x0862, 0x0862, 0x0862, 0x0862, 0x0862, 0x0862, 0x0862, 0x0862, 0x0862, 0x0862,
  0x0862, 0x0862, 0x0862, 0x0862, 0x0862, 0x0862, 0x0862, 0x0862, 0x0862, 0x0862, 0x0862, 0x0862, 0x0862, 0x0862, 0x0862, 0x0862,
  0x0862, 0x0862, 0x0862, 0x0862, 0x0862, 0x0862, 0x0862, 0x0862, 0x1062, 0x1062, 0x1062, 0x1062, 0x1062, 0x1062, 0x1062, 0x1062,
  0x1062, 0x1062, 0x1862, 0x1862, 0x1882, 0x2082, 0x28A2, 0x30A2, 0x30C2, 0x30C2, 0x30C2, 0x30C2, 0x38C2, 0x38C2, 0x38C2, 0x40E2,
  0x4902, 0x5102, 0x5922, 0x6962, 0x79A2, 0x79C2, 0x79E2, 0x79C2, 0x71C2, 0x71C2, 0x8222, 0x9262, 0x8A22, 0x9242, 0xBAE2, 0x9AE2,
  0xAB42, 0xFCA3, 0xF462, 0xF442, 0xF462, 0xFC62, 0xFC62, 0xFC62, 0xFC62, 0xFC82, 0xF462, 0xFCA2, 0xDC02, 0x4900, 0x2860, 0x3060,
  0x1800, 0x9281, 0xFCE3, 0xF482, 0xFCE3, 0xD402, 0x40E0, 0x0000, 0x2880, 0xAB42, 0xFD03, 0xFD03, 0xF4C3, 0xFD03, 0xFD03, 0x8281,
  0xBBC2, 0xFD43, 0xF4E3, 0x30C0, 0x0800, 0x1020, 0x0820, 0x0800, 0x0820, 0xD462, 0xFD63, 0xFD83, 0xBBE2, 0x0000, 0x6201, 0xFDC3,
  0xF563, 0xFD63, 0xFD83, 0xF563, 0xFDC3, 0xBC22, 0x0000, 0x0000, 0x0000, 0x0800, 0x0800, 0x0800, 0xCC83, 0xFDA3, 0xFDA3, 0x4961,
  0x28C0, 0x9B22, 0xECE3, 0xFDA3, 0x5960, 0x2820, 0x3080, 0x2840, 0xD442, 0xFD63, 0xF543, 0xFD63, 0xFD63, 0xFD63, 0xFD83, 0x5160,
  0x2000, 0x2840, 0x92E1, 0xFD83, 0xFD83, 0xDCA3, 0x4900, 0x2040, 0x38C0, 0x30A0, 0x8AE1, 0xF583, 0xE543, 0xDD43, 0xD543, 0xCD03,
  0xCD23, 0xDE28, 0xEF2F, 0xE66A, 0xCD23, 0xA423, 0x8B62, 0x72C2, 0x6222, 0x49A2, 0x4142, 0x3102, 0x28E2, 0x20C2, 0x20A2, 0x20C2,
  0x3962, 0x49C2, 0x41A2, 0x2902, 0x18A2, 0x1082, 0x1062, 0x1062, 0x1062, 0x1062, 0x0862, 0x0862, 0x0862, 0x0862, 0x0862, 0x1082,
  0x0862, 0x0862, 0x0862, 0x0862, 0x0862, 0x0862, 0x0862, 0x0862, 0x0862, 0x0862, 0x0862, 0x0862, 0x0862, 0x0862, 0x0862, 0x0862,
  0x0862, 0x0862, 0x0862, 0x0862, 0x0862, 0x0862, 0x0862, 0x0862, 0x0862, 0x0862, 0x0862, 0x0862, 0x0862, 0x0862, 0x0862, 0x0862,
  0x0862, 0x0862, 0x0862, 0x0862, 0x0862, 0x0862, 0x0862, 0x0862, 0x0862, 0x0862, 0x0862, 0x0862, 0x0862, 0x0862, 0x0862, 0x0862,
  0x0862, 0x0862, 0x0862, 0x0862, 0x0862, 0x0862, 0x0862, 0x0862, 0x0862, 0x0862, 0x0862, 0x0862, 0x0862, 0x0862, 0x0862, 0x0862,
  0x0862, 0x0862, 0x0862, 0x0862, 0x0862, 0x0862, 0x0862, 0x0862, 0x0862, 0x0862, 0x0862, 0x0862, 0x0862, 0x0862, 0x0862, 0x0862,
  0x0862, 0x0862, 0x0862, 0x0862, 0x0862, 0x0862, 0x0862, 0x0862, 0x0862, 0x0862, 0x0862, 0x0862, 0x0862, 0x0862, 0x0862, 0x0862,
  0x0862, 0x0862, 0x0862, 0x0862, 0x0862, 0x0862, 0x0862, 0x0862, 0x0862, 0x0862, 0x0862, 0x0862, 0x0862, 0x0862, 0x0862, 0x0862,
  0x0862, 0x0862, 0x0862, 0x0862, 0x0862, 0x0862, 0x0862, 0x0862, 0x0862, 0x0862, 0x0862, 0x0862, 0x0862, 0x0862, 0x0862, 0x0862,
  0x0862, 0x0862, 0x0862, 0x0862, 0x0862, 0x0862, 0x0862, 0x0862, 0x0862, 0x0862, 0x0862, 0x0862, 0x0862, 0x0862, 0x0862, 0x0862,
  0x0862, 0x0862, 0x0862, 0x0862, 0x0862, 0x0862, 0x0862, 0x0862, 0x0862, 0x1062, 0x1062, 0x1062, 0x1062, 0x1062, 0x1062, 0x1062,
  0x1062, 0x1062, 0x1062, 0x1862, 0x1882, 0x2082, 0x2082, 0x28A2, 0x30A2, 0x30C2, 0x30C2, 0x30C2, 0x38C2, 0x38C2, 0x38C2, 0x40E2,
  0x40E2, 0x4902, 0x5102, 0x5922, 0x6962, 0x79C2, 0x81E2, 0x81E2, 0x79E2, 0x71C2, 0x71C2, 0x8222, 0x9262, 0x9242, 0x9A62, 0xCB42,
  0xA302, 0xB382, 0xFCC3, 0xF462, 0xF462, 0xF462, 0xFC62, 0xFC62, 0xFC82, 0xFC82, 0xF482, 0xF482, 0xFCA3, 0xE422, 0x5940, 0x2860,
  0x3080, 0x1800, 0x8A41, 0xFCE3, 0xF4A3, 0xFCE3, 0xF4A3, 0x7201, 0x0800, 0x0000, 0x5181, 0xC3E2, 0xFD23, 0xFD23, 0xF503, 0xFD43,
  0xFD23, 0xFD43, 0xD462, 0x2080, 0x0000, 0x0000, 0x0000, 0x0000, 0x3100, 0xF543, 0xF543, 0xFDA3, 0x9322, 0x0000, 0x8AE1, 0xFDC3,
  0xF563, 0xFD83, 0xFD83, 0xF563, 0xFDC3, 0xC442, 0x0000, 0x0800, 0x0800, 0x0800, 0x0820, 0x0000, 0xABC2, 0xFDC3, 0xED03, 0xB3A2,
  0xF523, 0xFD83, 0xFD23, 0xFD43, 0x9AC1, 0x2020, 0x3880, 0x2000, 0x7221, 0xFDA3, 0xF543, 0xFD63, 0xFD63, 0xF543, 0xFD83, 0xB3A2,
  0x2840, 0x3060, 0x3060, 0xDC83, 0xD462, 0x38C0, 0x2860, 0x38C0, 0x38C0, 0x9B42, 0xF583, 0xE543, 0xDD43, 0xD543, 0xCD03, 0xCD23,
  0xDE28, 0xEF31, 0xE6CD, 0xD585, 0xB462, 0x93A3, 0x7AE2, 0x6242, 0x51C2, 0x4162, 0x3922, 0x30E2, 0x28C2, 0x20A2, 0x20A2, 0x28E2,
  0x49C2, 0x41A2, 0x3982, 0x18A2, 0x1882, 0x1062, 0x1062, 0x1062, 0x1062, 0x0862, 0x0862, 0x0862, 0x0862, 0x0862, 0x0862, 0x0862,
  0x0862, 0x0862, 0x0862, 0x0862, 0x0862, 0x0862, 0x0862, 0x0862, 0x0862, 0x0862, 0x0862, 0x0862, 0x0862, 0x0862, 0x0862, 0x0862,
  0x0862, 0x0862, 0x0862, 0x0862, 0x0862, 0x0862, 0x0862, 0x0862, 0x0862, 0x0862, 0x0862, 0x0862, 0x0862, 0x0862, 0x0862, 0x0862,
  0x0862, 0x0862, 0x0862, 0x0862, 0x0862, 0x0862, 0x0862, 0x0862, 0x0862, 0x0862, 0x0862, 0x0862, 0x0862, 0x0862, 0x0862, 0x0862,
  0x0862, 0x0862, 0x0862, 0x0862, 0x0862, 0x0862, 0x0862, 0x0862, 0x0862, 0x0862, 0x0862, 0x0862, 0x0862, 0x0862, 0x0862, 0x0862,
  0x0862, 0x0862, 0x0862, 0x0862, 0x0862, 0x0862, 0x0862, 0x0862, 0x0862, 0x0862, 0x0862, 0x0862, 0x0862, 0x0862, 0x0862, 0x0862,
  0x0862, 0x0862, 0x0862, 0x0862, 0x0862, 0x0862, 0x0862, 0x0862, 0x0862, 0x0862, 0x0862, 0x0862, 0x0862, 0x0862, 0x0862, 0x0862,
  0x0862, 0x0862, 0x0862, 0x0862, 0x0862, 0x0862, 0x0862, 0x0862, 0x0862, 0x0862, 0x0862, 0x0862, 0x0862, 0x0862, 0x0862, 0x0862,
  0x0862, 0x0862, 0x0862, 0x0862, 0x0862, 0x0862, 0x0862, 0x0862, 0x0862, 0x0862, 0x0862, 0x0862, 0x0862, 0x0862, 0x0862, 0x0862,
  0x0862, 0x0862, 0x0862, 0x0862, 0x0862, 0x0862, 0x0862, 0x0862, 0x0862, 0x0862, 0x0862, 0x0862, 0x0862, 0x0862, 0x0862, 0x0862,
  0x0862, 0x0862, 0x0862, 0x0862, 0x0862, 0x0862, 0x0862, 0x0862, 0x0862, 0x0862, 0x1062, 0x1062, 0x1062, 0x1062, 0x1062, 0x1062,
  0x1062, 0x1062, 0x1062, 0x1862, 0x1862, 0x1882, 0x2082, 0x2082, 0x28A2, 0x30A2, 0x30C2, 0x30C2, 0x38C2, 0x38C2, 0x38C2, 0x38C2,
  0x40E2, 0x4922, 0x4902, 0x5102, 0x5922, 0x6962, 0x79C2, 0x8A02, 0x8202, 0x79E2, 0x79C2, 0x71C2, 0x8222, 0x9A82, 0x9A62, 0xB2C2,
  0xEBE2, 0xAB42, 0xBBA2, 0xFCC3, 0xF462, 0xF462, 0xF462, 0xF462, 0xFC82, 0xFC82, 0xF482, 0xF482, 0xF482, 0xFCC3, 0xEC62, 0x61A1,
  0x2860, 0x38A0, 0x1820, 0x71E1, 0xFCC3, 0xFCC3, 0xF4C3, 0xFD23, 0xB382, 0x30E0, 0x0000, 0x0800, 0x61C1, 0xC3E2, 0xFD23, 0xFD43,
  0xFD23, 0xF503, 0xF503, 0xE4C3, 0xABA2, 0x7241, 0x3920, 0x0000, 0x6A21, 0xFDA3, 0xF523, 0xFDA3, 0x6A41, 0x0000, 0xABC2, 0xFDC3,
  0xF563, 0xFD83, 0xFD83, 0xF563, 0xFDC3, 0xC462, 0x0000, 0x0800, 0x0800, 0x0800, 0x1020, 0x0000, 0x8AE1, 0xFDA3, 0xF543, 0xFD83,
  0xFD43, 0xF503, 0xF503, 0xFD23, 0xECA3, 0x38A0, 0x2840, 0x2840, 0x2860, 0xDCC3, 0xFD83, 0xF563, 0xFD63, 0xFD43, 0xFD43, 0xFD63,
  0x6181, 0x2840, 0x3880, 0x5960, 0x40E0, 0x3080, 0x30A0, 0x4100, 0xB3E2, 0xF5A3, 0xE543, 0xDD43, 0xD523, 0xCD03, 0xCD23, 0xDE49,
  0xEF53, 0xE710, 0xDDE6, 0xB4A3, 0x93C3, 0x7B02, 0x6A62, 0x51E2, 0x4182, 0x3922, 0x30E2, 0x28C2, 0x20A2, 0x20A2, 0x20A2, 0x3962,
  0x49C2, 0x41A2, 0x2902, 0x18A2, 0x1082, 0x1062, 0x1062, 0x1062, 0x1062, 0x1062, 0x0862, 0x0862, 0x0862, 0x0862, 0x0862, 0x0862,
  0x0862, 0x0862, 0x0862, 0x0862, 0x0862, 0x0862, 0x0862, 0x0862, 0x0862, 0x0862, 0x0862, 0x0862, 0x0862, 0x0862, 0x0862, 0x0862,
  0x0862, 0x0862, 0x0862, 0x0862, 0x0862, 0x0862, 0x0862, 0x0862, 0x0862, 0x0862, 0x0862, 0x0862, 0x0862, 0x0862, 0x0862, 0x0862,
  0x0862, 0x0862, 0x0862, 0x0862, 0x0862, 0x0862, 0x0862, 0x0862, 0x0862, 0x0862, 0x0862, 0x0862, 0x0862, 0x0862, 0x0862, 0x0862,
  0x0862, 0x0862, 0x0862, 0x0862, 0x0862, 0x0862, 0x0862, 0x0862, 0x0862, 0x0862, 0x0862, 0x0862, 0x0862, 0x0862, 0x0862, 0x0862,
  0x0862, 0x0862, 0x0862, 0x0862, 0x0862, 0x0862, 0x0862, 0x0862, 0x0862, 0x0862, 0x0862, 0x0862, 0x0862, 0x0862, 0x0862, 0x0862,
  0x0862, 0x0862, 0x0862, 0x0862, 0x0862, 0x0862, 0x0862, 0x0862, 0x0862, 0x0862, 0x0862, 0x0862, 0x0862, 0x0862, 0x0862, 0x0862,
  0x0862, 0x0862, 0x0862, 0x0862, 0x0862, 0x0862, 0x0862, 0x0862, 0x0862, 0x0862, 0x0862, 0x0862, 0x0862, 0x0862, 0x0862, 0x0862,
  0x0862, 0x0862, 0x0862, 0x0862, 0x0862, 0x0862, 0x0862, 0x0862, 0x0862, 0x0862, 0x0862, 0x0862, 0x0862, 0x0862, 0x0862, 0x0862,
  0x0862, 0x0862, 0x0862, 0x0862, 0x0862, 0x0862, 0x0862, 0x0862, 0x0862, 0x0862, 0x0862, 0x0862, 0x0862, 0x0862, 0x0862, 0x0862,
  0x0862, 0x0862, 0x0862, 0x0862, 0x0862, 0x0862, 0x0862, 0x0862, 0x0862, 0x0862, 0x0862, 0x0862, 0x1062, 0x1062, 0x1062, 0x1062,
  0x1062, 0x1062, 0x1062, 0x1062, 0x1862, 0x1862, 0x1882, 0x2082, 0x2082, 0x28A2, 0x30C2, 0x30C2, 0x30C2, 0x38C2, 0x38C2, 0x40E2,
  0x4922, 0x4922, 0x4922, 0x4902, 0x5102, 0x5922, 0x6162, 0x79C2, 0x8A02, 0x8A02, 0x81E2, 0x79E2, 0x79E2, 0x8202, 0x9A82, 0xA282,
  0xCB02, 0xFC43, 0xAB62, 0xC3A2, 0xFCE3, 0xF482, 0xF462, 0xF462, 0xF482, 0xF482, 0xF482, 0xF482, 0xF4A2, 0xF482, 0xFCC3, 0xF4A3,
  0x8221, 0x2880, 0x38C0, 0x2040, 0x5960, 0xE462, 0xFD03, 0xF4A3, 0xFD23, 0xF4C3, 0x8AA1, 0x2060, 0x0000, 0x0800, 0x5181, 0xAB82,
  0xF503, 0xFD83, 0xFD63, 0xFD43, 0xFD63, 0xFD83, 0xFD63, 0xCC62, 0xDCA3, 0xFD63, 0xF563, 0xFD83, 0x4140, 0x0000, 0xCC82, 0xFDA3,
  0xF563, 0xFD83, 0xFD83, 0xF563, 0xFDC3, 0xC462, 0x0800, 0x0800, 0x1000, 0x1000, 0x1820, 0x0800, 0x6A01, 0xFD83, 0xF523, 0xF523,
  0xFD23, 0xFD23, 0xFD03, 0xF503, 0xFD63, 0x8261, 0x1800, 0x2860, 0x1000, 0x82A1, 0xFDC3, 0xF543, 0xFD43, 0xFD43, 0xF523, 0xFD63,
  0xCC02, 0x3880, 0x40C0, 0x3080, 0x30A0, 0x30A0, 0x59A1, 0xD483, 0xF5A3, 0xE543, 0xDD43, 0xD523, 0xC503, 0xCD23, 0xE669, 0xEF74,
  0xE753, 0xDE28, 0xBCC3, 0x9BE3, 0x8322, 0x6A82, 0x5A02, 0x4982, 0x3942, 0x3102, 0x28C2, 0x20A2, 0x2082, 0x20A2, 0x2902, 0x49C2,
  0x41A2, 0x3982, 0x18A2, 0x1882, 0x1062, 0x1062, 0x1062, 0x1062, 0x0862, 0x0862, 0x0862, 0x0862, 0x0862, 0x0862, 0x0862, 0x0862,
  0x0862, 0x0862, 0x0862, 0x0862, 0x0862, 0x0862, 0x0862, 0x0862, 0x0862, 0x0862, 0x0862, 0x0862, 0x0862, 0x0862, 0x0862, 0x0862,
  0x0862, 0x0862, 0x0862, 0x0862, 0x0862, 0x0862, 0x0862, 0x0862, 0x0862, 0x0862, 0x0862, 0x0862, 0x0862, 0x0862, 0x0862, 0x0862,
  0x0862, 0x0862, 0x0862, 0x0862, 0x0862, 0x0862, 0x0862, 0x0862, 0x0862, 0x0862, 0x0862, 0x0862, 0x0862, 0x0862, 0x0862, 0x0862,
  0x0862, 0x0862, 0x0862, 0x0862, 0x0862, 0x0862, 0x0862, 0x0862, 0x0862, 0x0862, 0x0862, 0x0862, 0x0862, 0x0862, 0x0862, 0x0862,
  0x0862, 0x0862, 0x0862, 0x0862, 0x0862, 0x0862, 0x0862, 0x0862, 0x0862, 0x0862, 0x0862, 0x0862, 0x0862, 0x0862, 0x0862, 0x0862,
  0x0862, 0x0862, 0x0862, 0x0862, 0x0862, 0x0862, 0x0862, 0x0862, 0x0862, 0x0862, 0x0862, 0x0862, 0x0862, 0x0862, 0x0862, 0x0862,
  0x0862, 0x0862, 0x0862, 0x0862, 0x0862, 0x0862, 0x0862, 0x0862, 0x0862, 0x0862, 0x0862, 0x0862, 0x0862, 0x0862, 0x0862, 0x0862,
  0x0862, 0x0862, 0x0862, 0x0862, 0x0862, 0x0862, 0x0862, 0x0862, 0x0862, 0x0862, 0x0862, 0x0862, 0x0862, 0x0862, 0x0862, 0x0862,
  0x0862, 0x0862, 0x0862, 0x0862, 0x0862, 0x0862, 0x0862, 0x0862, 0x0862, 0x0862, 0x0862, 0x0862, 0x0862, 0x0862, 0x0862, 0x0862,
  0x0862, 0x0862, 0x0862, 0x0862, 0x0862, 0x0862, 0x0862, 0x0862, 0x0862, 0x0862, 0x0862, 0x1062, 0x0862, 0x1062, 0x1062, 0x1062,
  0x1062, 0x1062, 0x1062, 0x1062, 0x1062, 0x1862, 0x1862, 0x1882, 0x2082, 0x2882, 0x28A2, 0x30C2, 0x30C2, 0x30C2, 0x38C2, 0x4102,
  0x5162, 0x4922, 0x4942, 0x4902, 0x4902, 0x4902, 0x5122, 0x6142, 0x79A2, 0x9202, 0x9222, 0x8A02, 0x81E2, 0x79E2, 0x8202, 0x9A82,
  0xB2C2, 0xDB42, 0xFC83, 0xB383, 0xC3A2, 0xFCE3, 0xF482, 0xF462, 0xF482, 0xF482, 0xF482, 0xF482, 0xF4A2, 0xF4A3, 0xF4A3, 0xFCC3,
  0xFCE3, 0xA2E1, 0x38A0, 0x30A0, 0x2860, 0x40E0, 0xC3C2, 0xFD23, 0xF4C3, 0xFCE3, 0xFD43, 0xE462, 0x7A61, 0x2060, 0x0000, 0x0000,
  0x38E0, 0x8AC1, 0xD482, 0xFD63, 0xFD83, 0xFD43, 0xF543, 0xFD63, 0xFD63, 0xF543, 0xFD63, 0xED23, 0x2080, 0x1040, 0xED23, 0xFD83,
  0xF563, 0xFD83, 0xFD83, 0xF563, 0xFDA3, 0xCC62, 0x1000, 0x1020, 0x1020, 0x1820, 0x2020, 0x1800, 0x5160, 0xFD43, 0xFD23, 0xFD23,
  0xFD23, 0xFD03, 0xFD03, 0xF503, 0xFD63, 0xDC82, 0x2840, 0x2040, 0x2020, 0x30A0, 0xED03, 0xFD63, 0xFD43, 0xFD23, 0xFD23, 0xF523,
  0xFD83, 0x7A41, 0x3080, 0x38A0, 0x38C0, 0x8AE1, 0xED23, 0xF583, 0xE523, 0xDD43, 0xD523, 0xC4E3, 0xCD44, 0xE68B, 0xEF95, 0xE774,
  0xDE49, 0xC4E3, 0x9C03, 0x8342, 0x6AA2, 0x5A02, 0x49A2, 0x4142, 0x3102, 0x28E2, 0x20A2, 0x1882, 0x20A2, 0x20C2, 0x4182, 0x41A2,
  0x41C2, 0x2902, 0x18A2, 0x1082, 0x1062, 0x1062, 0x1062, 0x0862, 0x0862, 0x0862, 0x0862, 0x0862, 0x0862, 0x0862, 0x0862, 0x0862,
  0x0862, 0x0862, 0x0862, 0x0862, 0x0862, 0x0862, 0x0862, 0x0862, 0x0862, 0x0862, 0x0862, 0x0862, 0x0862, 0x0862, 0x0862, 0x0862,
  0x0862, 0x0862, 0x0862, 0x0862, 0x0862, 0x0862, 0x0862, 0x0862, 0x0862, 0x0862, 0x0862, 0x0862, 0x0862, 0x0862, 0x0862, 0x0862,
  0x0862, 0x0862, 0x0862, 0x0862, 0x0862, 0x0862, 0x0862, 0x0862, 0x0862, 0x0862, 0x0862, 0x0862, 0x0862, 0x0862, 0x0862, 0x0862,
  0x0862, 0x0862, 0x0862, 0x0862, 0x0862, 0x0862, 0x0862, 0x0862, 0x0862, 0x0862, 0x0862, 0x0862, 0x0862, 0x0862, 0x0862, 0x0862,
  0x0862, 0x0862, 0x0862, 0x0862, 0x0862, 0x0862, 0x0862, 0x0862, 0x0862, 0x0862, 0x0862, 0x0862, 0x0862, 0x0862, 0x0862, 0x0862,
  0x0862, 0x0862, 0x0862, 0x0862, 0x0862, 0x0862, 0x0862, 0x0862, 0x0862, 0x0862, 0x0862, 0x0862, 0x0862, 0x0862, 0x0862, 0x0862,
  0x0862, 0x0862, 0x0862, 0x0862, 0x0862, 0x0862, 0x0862, 0x0862, 0x0862, 0x0862, 0x0862, 0x0862, 0x0862, 0x0862, 0x0862, 0x0862,
  0x0862, 0x0862, 0x0862, 0x0862, 0x0862, 0x0862, 0x0862, 0x0862, 0x0862, 0x0862, 0x0862, 0x0862, 0x0862, 0x0862, 0x0862, 0x0862,
  0x0862, 0x0862, 0x0862, 0x0862, 0x0862, 0x0862, 0x0862, 0x0862, 0x0862, 0x0862, 0x0862, 0x0862, 0x0862, 0x0862, 0x0862, 0x0862,
  0x0862, 0x0862, 0x0862, 0x0862, 0x0862, 0x0862, 0x0862, 0x0862, 0x0862, 0x0862, 0x0862, 0x0862, 0x1062, 0x1062, 0x1062, 0x1062,
  0x1062, 0x1062, 0x1062, 0x1062, 0x1062, 0x1062, 0x1862, 0x1862, 0x1882, 0x2082, 0x2882, 0x28A2, 0x30C2, 0x30C2, 0x38C2, 0x38E2,
  0x4942, 0x5162, 0x4922, 0x4922, 0x4102, 0x48E2, 0x4902, 0x5122, 0x5942, 0x71A2, 0x8A02, 0x9A42, 0x9242, 0x8202, 0x79E2, 0x8202,
  0x9A82, 0xBB02, 0xEB82, 0xFCC3, 0xBBC3, 0xC3A2, 0xF4E3, 0xF482, 0xF482, 0xF482, 0xF482, 0xF482, 0xF4A2, 0xF4A2, 0xF4A3, 0xF4A3,
  0xF4A2, 0xFD03, 0xCBC2, 0x5140, 0x3080, 0x3080, 0x3080, 0x9AC1, 0xFCE3, 0xFD03, 0xF4C3, 0xFD03, 0xFD43, 0xE482, 0x8AA1, 0x30C0,
  0x0000, 0x0000, 0x1820, 0x59A1, 0xAB82, 0xE4E3, 0xFD83, 0xFD83, 0xFD63, 0xF543, 0xFD83, 0xD482, 0x0000, 0x3920, 0xFD83, 0xFD63,
  0xFD63, 0xFD63, 0xFD63, 0xF563, 0xFD83, 0xCC62, 0x1820, 0x1820, 0x2020, 0x2020, 0x2840, 0x2020, 0x40E0, 0xF4E3, 0xFD23, 0xFD03,
  0xFD03, 0xFD03, 0xFD23, 0xFD43, 0xF543, 0xFDA3, 0x6A01, 0x1800, 0x3080, 0x2000, 0x9AE2, 0xFD83, 0xF523, 0xFD23, 0xFD23, 0xF523,
  0xFD63, 0xDC83, 0x38C0, 0x61C1, 0xCC62, 0xFD83, 0xED63, 0xDD43, 0xDD43, 0xCD23, 0xC4E2, 0xCD85, 0xE6CD, 0xE7B6, 0xDF75, 0xE66A,
  0xC503, 0xA403, 0x8342, 0x72A2, 0x5A22, 0x49A2, 0x4142, 0x3102, 0x28E2, 0x20A2, 0x1882, 0x2082, 0x20A2, 0x3122, 0x49C2, 0x41A2,
  0x3982, 0x18A2, 0x1082, 0x1062, 0x1062, 0x1062, 0x1062, 0x1062, 0x0862, 0x0862, 0x0862, 0x0862, 0x0862, 0x0862, 0x0862, 0x0862,
  0x0862, 0x0862, 0x0862, 0x0862, 0x0862, 0x0862, 0x0862, 0x0862, 0x0862, 0x0862, 0x0862, 0x0862, 0x0862, 0x0862, 0x0862, 0x0862,
  0x0862, 0x0862, 0x0862, 0x0862, 0x0862, 0x0862, 0x0862, 0x0862, 0x0862, 0x0862, 0x0862, 0x0862, 0x0862, 0x0862, 0x0862, 0x0862,
  0x0862, 0x0862, 0x0862, 0x0862, 0x0862, 0x0862, 0x0862, 0x0862, 0x0862, 0x0862, 0x0862, 0x0862, 0x0862, 0x0862, 0x0862, 0x0862,
  0x0862, 0x0862, 0x0862, 0x0862, 0x0862, 0x0862, 0x0862, 0x0862, 0x0862, 0x0862, 0x0862, 0x0862, 0x0862, 0x0862, 0x0862, 0x0862,
  0x0862, 0x0862, 0x0862, 0x0862, 0x0862, 0x0862, 0x0862, 0x0862, 0x0862, 0x0862, 0x0862, 0x0862, 0x0862, 0x0862, 0x0862, 0x0862,
  0x0862, 0x0862, 0x0862, 0x0862, 0x0862, 0x0862, 0x0862, 0x0862, 0x0862, 0x0862, 0x0862, 0x0862, 0x0862, 0x0862, 0x0862, 0x0862,
  0x0862, 0x0862, 0x0862, 0x0862, 0x0862, 0x0862, 0x0862, 0x0862, 0x0862, 0x0862, 0x0862, 0x0862, 0x0862, 0x0862, 0x0862, 0x0862,
  0x0862, 0x0862, 0x0862, 0x0862, 0x0862, 0x0862, 0x0862, 0x0862, 0x0862, 0x0862, 0x0862, 0x0862, 0x0862, 0x0862, 0x0862, 0x0862,
  0x0862, 0x0862, 0x0862, 0x0862, 0x0862, 0x0862, 0x0862, 0x0862, 0x0862, 0x0862, 0x0862, 0x0862, 0x0862, 0x0862, 0x0862, 0x0862,
  0x0862, 0x0862, 0x0862, 0x0862, 0x0862, 0x0862, 0x0862, 0x0862, 0x0862, 0x0862, 0x0862, 0x0862, 0x0862, 0x1062, 0x1062, 0x1062,
  0x1062, 0x1062, 0x1062, 0x1062, 0x1062, 0x1062, 0x1062, 0x1862, 0x1862, 0x1882, 0x2082, 0x2882, 0x28A2, 0x30C2, 0x30C2, 0x38C2,
  0x40E2, 0x5162, 0x4942, 0x4922, 0x4922, 0x4102, 0x4902, 0x4902, 0x5122, 0x5942, 0x6982, 0x89E2, 0xA242, 0xA262, 0x9222, 0x8202,
  0x8202, 0x9262, 0xC322, 0xF3C2, 0xFD03, 0xCC43, 0xC3A2, 0xF4C3, 0xF4C3, 0xF482, 0xF482, 0xF4A2, 0xF4A2, 0xF4A2, 0xF4A2, 0xF4A3,
  0xF4C3, 0xF4A3, 0xFCE3, 0xECA3, 0x8241, 0x30A0, 0x30A0, 0x2860, 0x6181, 0xD422, 0xFD23, 0xFD03, 0xF4C3, 0xFD03, 0xFD43, 0xECC3,
  0xAB42, 0x5981, 0x1820, 0x0000, 0x0000, 0x2880, 0x6A21, 0xB3C2, 0xED03, 0xFD83, 0xFDE3, 0xBBE2, 0x0000, 0x61E1, 0xFDA3, 0xF543,
  0xFD63, 0xFD43, 0xFD43, 0xF543, 0xFD63, 0xD462, 0x2040, 0x2040, 0x2840, 0x2840, 0x2840, 0x2840, 0x3060, 0xDC62, 0xFD43, 0xFD03,
  0xFD23, 0xFD23, 0xFD43, 0xFD43, 0xF543, 0xFDA3, 0xCC42, 0x2020, 0x2040, 0x2000, 0x69C1, 0xFD43, 0xFD23, 0xFD23, 0xFD23, 0xFD43,
  0xF543, 0xF563, 0xBC22, 0xED23, 0xF583, 0xE543, 0xDD43, 0xD543, 0xCD03, 0xC4E2, 0xD5C6, 0xEF30, 0xE7B7, 0xDF75, 0xE66A, 0xC4E3,
  0xA423, 0x8363, 0x72A2, 0x5A22, 0x49A2, 0x4142, 0x3102, 0x28E2, 0x20A2, 0x1882, 0x1882, 0x20A2, 0x20C2, 0x41A2, 0x41A2, 0x41C2,
  0x20E2, 0x18A2, 0x1082, 0x1062, 0x1062, 0x1062, 0x0862, 0x0862, 0x0862, 0x0862, 0x0862, 0x0862, 0x0862, 0x0862, 0x0862, 0x0862,
  0x0862, 0x0862, 0x0862, 0x0862, 0x0862, 0x0862, 0x0862, 0x0862, 0x0862, 0x0862, 0x0862, 0x0862, 0x0862, 0x0862, 0x0862, 0x0862,
  0x0862, 0x0862, 0x0862, 0x0862, 0x0862, 0x0862, 0x0862, 0x0862, 0x0862, 0x0862, 0x0862, 0x0862, 0x0862, 0x0862, 0x0862, 0x0862,
  0x0862, 0x0862, 0x0862, 0x0862, 0x0862, 0x0862, 0x0862, 0x0862, 0x0862, 0x0862, 0x0862, 0x0862, 0x0862, 0x0862, 0x0862, 0x0862,
  0x0862, 0x0862, 0x0862, 0x0862, 0x0862, 0x0862, 0x0862, 0x0862, 0x0862, 0x0862, 0x0862, 0x0862, 0x0862, 0x0862, 0x0862, 0x0862,
  0x0862, 0x0862, 0x0862, 0x0862, 0x0862, 0x0862, 0x0862, 0x0862, 0x0862, 0x0862, 0x0862, 0x0862, 0x0862, 0x0862, 0x0862, 0x0862,
  0x0862, 0x0862, 0x0862, 0x0862, 0x0862, 0x0862, 0x0862, 0x0862, 0x0862, 0x0862, 0x0862, 0x0862, 0x0862, 0x0862, 0x0862, 0x0862,
  0x0862, 0x0862, 0x0862, 0x0862, 0x0862, 0x0862, 0x0862, 0x0862, 0x0862, 0x0862, 0x0862, 0x0862, 0x0862, 0x0862, 0x0862, 0x0862,
  0x0862, 0x0862, 0x0862, 0x0862, 0x0862, 0x0862, 0x0862, 0x0862, 0x0862, 0x0862, 0x0862, 0x0862, 0x0862, 0x0862, 0x0862, 0x0862,
  0x0862, 0x0862, 0x0862, 0x0862, 0x0862, 0x0862, 0x0862, 0x0862, 0x0862, 0x0862, 0x0862, 0x0862, 0x0862, 0x0862, 0x0862, 0x0862,
  0x0862, 0x0862, 0x0862, 0x0862, 0x0862, 0x0862, 0x0862, 0x0862, 0x0862, 0x0862, 0x0862, 0x0862, 0x0862, 0x1062, 0x1062, 0x1062,
  0x1062, 0x1062, 0x1062, 0x1062, 0x1062, 0x1062, 0x1062, 0x1062, 0x1862, 0x1862, 0x1882, 0x2082, 0x2882, 0x28A2, 0x30C2, 0x38C2,
  0x38E2, 0x4102, 0x5182, 0x4942, 0x5142, 0x4902, 0x40E2, 0x40E2, 0x4902, 0x5102, 0x5942, 0x6162, 0x79C2, 0x9A42, 0xAA82, 0x9A62,
  0x8A22, 0x8202, 0x9242, 0xC322, 0xFBE2, 0xFD03, 0xDCC3, 0xC3C2, 0xECA3, 0xF4C3, 0xF482, 0xF482, 0xF4A2, 0xF4A2, 0xF4A2, 0xF4A3,
  0xF4C3, 0xF4C3, 0xF4A3, 0xF4E3, 0xFD03, 0xBB82, 0x5140, 0x30A0, 0x2880, 0x38A0, 0x8A81, 0xE482, 0xFD43, 0xFD03, 0xF4E3, 0xFD03,
  0xFD43, 0xFD43, 0xD442, 0x8AC1, 0x4920, 0x1800, 0x0000, 0x0800, 0x30A0, 0x6A01, 0xBC02, 0x8AA1, 0x0000, 0x8AC1, 0xFDA3, 0xF523,
  0xFD43, 0xFD43, 0xFD43, 0xF523, 0xFD63, 0xD463, 0x2840, 0x2840, 0x2840, 0x2860, 0x3060, 0x3080, 0x3060, 0xC3E2, 0xFD43, 0xF523,
  0xFD43, 0xFD43, 0xFD63, 0xFD63, 0xFD63, 0xFD63, 0xFD83, 0x61A1, 0x5120, 0xB3A2, 0xF503, 0xFD23, 0xFD23, 0xFD23, 0xFD43, 0xF543,
  0xF543, 0xF543, 0xF583, 0xED63, 0xE543, 0xDD43, 0xD523, 0xC503, 0xC503, 0xDE28, 0xEF73, 0xE7D8, 0xDF74, 0xDE49, 0xC4E3, 0xA403,
  0x8362, 0x72A2, 0x5A22, 0x49A2, 0x4142, 0x3102, 0x28E2, 0x20A2, 0x2082, 0x1882, 0x2082, 0x20A2, 0x3962, 0x41A2, 0x41C2, 0x3142,
  0x18A2, 0x1082, 0x1062, 0x1062, 0x1062, 0x1062, 0x1062, 0x0862, 0x0862, 0x0862, 0x0862, 0x0862, 0x0862, 0x0862, 0x0862, 0x0862,
  0x0862, 0x0862, 0x0862, 0x0862, 0x0862, 0x0862, 0x0862, 0x0862, 0x0862, 0x0862, 0x0862, 0x0862, 0x0862, 0x0862, 0x0862, 0x0862,
  0x0862, 0x0862, 0x0862, 0x0862, 0x0862, 0x0862, 0x0862, 0x0862, 0x0862, 0x0862, 0x0862, 0x0862, 0x0862, 0x0862, 0x0862, 0x0862,
  0x0862, 0x0862, 0x0862, 0x0862, 0x0862, 0x0862, 0x0862, 0x0862, 0x0862, 0x0862, 0x0862, 0x0862, 0x0862, 0x0862, 0x0862, 0x0862,
  0x0862, 0x0862, 0x0862, 0x0862, 0x0862, 0x0862, 0x0862, 0x0862, 0x0862, 0x0862, 0x0862, 0x0862, 0x0862, 0x0862, 0x0862, 0x0862,
  0x0862, 0x0862, 0x0862, 0x0862, 0x0862, 0x0862, 0x0862, 0x0862, 0x0862, 0x0862, 0x0862, 0x0862, 0x0862, 0x0862, 0x0862, 0x0862,
  0x0862, 0x0862, 0x0862, 0x0862, 0x0862, 0x0862, 0x0862, 0x0862, 0x0862, 0x0862, 0x0862, 0x0862, 0x0862, 0x0862, 0x0862, 0x0862,
  0x0862, 0x0862, 0x0862, 0x0862, 0x0862, 0x0862, 0x0862, 0x0862, 0x0862, 0x0862, 0x0862, 0x0862, 0x0862, 0x0862, 0x0862, 0x0862,
  0x0862, 0x0862, 0x0862, 0x0862, 0x0862, 0x0862, 0x0862, 0x0862, 0x0862, 0x0862, 0x0862, 0x0862, 0x0862, 0x0862, 0x0862, 0x0862,
  0x0862, 0x0862, 0x0862, 0x0862, 0x0862, 0x0862, 0x0862, 0x0862, 0x0862, 0x0862, 0x0862, 0x0862, 0x0862, 0x0862, 0x0862, 0x0862,
  0x0862, 0x0862, 0x0862, 0x0862, 0x0862, 0x0862, 0x0862, 0x0862, 0x0862, 0x0862, 0x0862, 0x0862, 0x0862, 0x0862, 0x1062, 0x0862,
  0x1062, 0x1062, 0x1062, 0x1062, 0x1062, 0x1062, 0x1062, 0x1062, 0x1062, 0x1862, 0x1862, 0x1882, 0x2082, 0x2882, 0x28A2, 0x30C2,
  0x38C2, 0x38E2, 0x4922, 0x5182, 0x4942, 0x5142, 0x4102, 0x40E2, 0x40E2, 0x4902, 0x4902, 0x5122, 0x6162, 0x71A2, 0x9202, 0xAA62,
  0xAA82, 0x9A62, 0x8A22, 0x8A22, 0xBB02, 0xF402, 0xFD03, 0xF523, 0xD403, 0xE463, 0xF4E3, 0xF482, 0xF482, 0xF4A3, 0xF4A3, 0xF4A3,
  0xF4C3, 0xF4C3, 0xF4C3, 0xF4C3, 0xF4C3, 0xFD03, 0xECA3, 0x8AA1, 0x40E0, 0x30A0, 0x2880, 0x4100, 0x92A1, 0xDC62, 0xFD23, 0xFD43,
  0xFD03, 0xF4E3, 0xFD23, 0xFD63, 0xFD03, 0xCC22, 0x92C1, 0x5160, 0x2040, 0x0800, 0x0800, 0x2020, 0x1000, 0xAB82, 0xFD83, 0xF523,
  0xFD23, 0xFD23, 0xFD23, 0xF523, 0xFD63, 0xDC62, 0x3060, 0x2860, 0x3060, 0x3060, 0x3880, 0x40A0, 0x3040, 0xAB42, 0xFD83, 0xF523,
  0xFD43, 0xFD63, 0xFD63, 0xFD63, 0xFD63, 0xFD43, 0xFD43, 0xECE3, 0xFD23, 0xFD63, 0xFD23, 0xFD23, 0xFD23, 0xF543, 0xF543, 0xF543,
  0xED43, 0xED43, 0xE543, 0xE543, 0xDD43, 0xCD23, 0xC4E2, 0xCD44, 0xE68C, 0xEFB6, 0xE7D9, 0xE752, 0xDE07, 0xBCC2, 0x9C03, 0x8342,
  0x6AA2, 0x5A22, 0x49A2, 0x4142, 0x3102, 0x28E2, 0x20A2, 0x2082, 0x1882, 0x1882, 0x20A2, 0x3102, 0x49C2, 0x41A2, 0x41A2, 0x18C2,
  0x18A2, 0x1062, 0x1062, 0x1062, 0x1062, 0x1062, 0x0862, 0x0862, 0x0862, 0x0862, 0x0862, 0x0862, 0x0862, 0x0862, 0x0862, 0x0862,
  0x0862, 0x0862, 0x0862, 0x0862, 0x0862, 0x0862, 0x0862, 0x0862, 0x0862, 0x0862, 0x0862, 0x0862, 0x0862, 0x0862, 0x0862, 0x0862,
  0x0862, 0x0862, 0x0862, 0x0862, 0x0862, 0x0862, 0x0862, 0x0862, 0x0862, 0x0862, 0x0862, 0x0862, 0x0862, 0x0862, 0x0862, 0x0862,
  0x0862, 0x0862, 0x0862, 0x0862, 0x0862, 0x0862, 0x0862, 0x0862, 0x0862, 0x0862, 0x0862, 0x0862, 0x0862, 0x0862, 0x0862, 0x0862,
  0x0862, 0x0862, 0x0862, 0x0862, 0x0862, 0x0862, 0x0862, 0x0862, 0x0862, 0x0862, 0x0862, 0x0862, 0x0862, 0x0862, 0x0862, 0x0862,
  0x0862, 0x0862, 0x0862, 0x0862, 0x0862, 0x0862, 0x0862, 0x0862, 0x0862, 0x0862, 0x0862, 0x0862, 0x0862, 0x0862, 0x0862, 0x0862,
  0x0862, 0x0862, 0x0862, 0x0862, 0x0862, 0x0862, 0x0862, 0x0862, 0x0862, 0x0862, 0x0862, 0x0862, 0x0862, 0x0862, 0x0862, 0x0862,
  0x0862, 0x0862, 0x0862, 0x0862, 0x0862, 0x0862, 0x0862, 0x0862, 0x0862, 0x0862, 0x0862, 0x0862, 0x0862, 0x0862, 0x0862, 0x0862,
  0x0862, 0x0862, 0x0862, 0x0862, 0x0862, 0x0862, 0x0862, 0x0862, 0x0862, 0x0862, 0x0862, 0x0862, 0x0862, 0x0862, 0x0862, 0x0862,
  0x0862, 0x0862, 0x0862, 0x0862, 0x0862, 0x0862, 0x0862, 0x0862, 0x0862, 0x0862, 0x0862, 0x0862, 0x0862, 0x0862, 0x0862, 0x0862,
  0x0862, 0x0862, 0x0862, 0x0862, 0x0862, 0x0862, 0x0862, 0x0862, 0x0862, 0x0862, 0x0862, 0x0862, 0x0862, 0x0862, 0x0862, 0x1062,
  0x0862, 0x1062, 0x1062, 0x1062, 0x1062, 0x1062, 0x1062, 0x1062, 0x1062, 0x1062, 0x1862, 0x1862, 0x1882, 0x2082, 0x2882, 0x28A2,
  0x30C2, 0x38E2, 0x38E2, 0x4962, 0x5182, 0x4942, 0x4942, 0x4102, 0x40E2, 0x40E2, 0x40E2, 0x4902, 0x5122, 0x5942, 0x6982, 0x81E2,
  0x9A42, 0xB2A2, 0xB2A2, 0xA262, 0x9242, 0xB2C2, 0xEBE2, 0xFCE3, 0xFD64, 0xE463, 0xE442, 0xF4E3, 0xF4C3, 0xF4A3, 0xF4A3, 0xF4A3,
  0xF4A3, 0xF4C3, 0xF4C3, 0xF4C3, 0xF4C3, 0xF4C3, 0xF4E3, 0xFD23, 0xD422, 0x7201, 0x38C0, 0x30A0, 0x3080, 0x38C0, 0x69E1, 0xAB42,
  0xE482, 0xFD23, 0xFD43, 0xFD23, 0xFD03, 0xFD23, 0xFD63, 0xFD23, 0xDC83, 0xB382, 0x7A41, 0x4920, 0x2860, 0xCC42, 0xFD63, 0xF523,
  0xFD23, 0xFD23, 0xFD23, 0xFD23, 0xFD43, 0xDC83, 0x3880, 0x3060, 0x3880, 0x3880, 0x38A0, 0x38A0, 0x2820, 0x8A81, 0xFDA3, 0xF543,
  0xFD63, 0xFD63, 0xFD63, 0xFD43, 0xFD43, 0xFD23, 0xFD23, 0xFD23, 0xFD23, 0xF503, 0xFD23, 0xF523, 0xF543, 0xF543, 0xED43, 0xED43,
  0xED43, 0xE543, 0xDD43, 0xD523, 0xCD03, 0xC502, 0xD5C6, 0xEF10, 0xEFD7, 0xE7B7, 0xE70F, 0xDDC5, 0xB4A2, 0x9BE3, 0x8322, 0x6AA2,
  0x5A02, 0x49A2, 0x4142, 0x3102, 0x28C2, 0x20A2, 0x2082, 0x1882, 0x1882, 0x20A2, 0x20E2, 0x41A2, 0x39A2, 0x49E2, 0x2902, 0x18A2,
  0x1082, 0x1062, 0x1062, 0x1062, 0x0862, 0x0862, 0x0862, 0x0862, 0x0862, 0x0862, 0x0862, 0x0862, 0x0862, 0x0862, 0x0862, 0x0862,
  0x0862, 0x0862, 0x0862, 0x0862, 0x0862, 0x0862, 0x0862, 0x0862, 0x0862, 0x0862, 0x0862, 0x0862, 0x0862, 0x0862, 0x0862, 0x0862,
  0x0862, 0x0862, 0x0862, 0x0862, 0x0862, 0x0862, 0x0862, 0x0862, 0x0862, 0x0862, 0x0862, 0x0862, 0x0862, 0x0862, 0x0862, 0x0862,
  0x0862, 0x0862, 0x0862, 0x0862, 0x0862, 0x0862, 0x0862, 0x0862, 0x0862, 0x0862, 0x0862, 0x0862, 0x0862, 0x0862, 0x0862, 0x0862,
  0x0862, 0x0862, 0x0862, 0x0862, 0x0862, 0x0862, 0x0862, 0x0862, 0x0862, 0x0862, 0x0862, 0x0862, 0x0862, 0x0862, 0x0862, 0x0862,
  0x0862, 0x0862, 0x0862, 0x0862, 0x0862, 0x0862, 0x0862, 0x0862, 0x0862, 0x0862, 0x0862, 0x0862, 0x0862, 0x0862, 0x0862, 0x0862,
  0x0862, 0x0862, 0x0862, 0x0862, 0x0862, 0x0862, 0x0862, 0x0862, 0x0862, 0x0862, 0x0862, 0x0862, 0x0862, 0x0862, 0x0862, 0x0862,
  0x0862, 0x0862, 0x0862, 0x0862, 0x0862, 0x0862, 0x0862, 0x0862, 0x0862, 0x0862, 0x0862, 0x0862, 0x0862, 0x0862, 0x0862, 0x0862,
  0x0862, 0x0862, 0x0862, 0x0862, 0x0862, 0x0862, 0x0862, 0x0862, 0x0862, 0x0862, 0x0862, 0x0862, 0x0862, 0x0862, 0x0862, 0x0862,
  0x0862, 0x0862, 0x0862, 0x0862, 0x0862, 0x0862, 0x0862, 0x0862, 0x0862, 0x0862, 0x0862, 0x0862, 0x0862, 0x0862, 0x0862, 0x0862,
  0x0862, 0x0862, 0x0862, 0x0862, 0x0862, 0x0862, 0x0862, 0x0862, 0x0862, 0x0862, 0x0862, 0x0862, 0x0862, 0x0862, 0x0862, 0x0862,
  0x1062, 0x1062, 0x1062, 0x1062, 0x1062, 0x1062, 0x1062, 0x1062, 0x1062, 0x1062, 0x1062, 0x1862, 0x1862, 0x1882, 0x2082, 0x2082,
  0x28A2, 0x30C2, 0x38E2, 0x40E2, 0x5182, 0x5162, 0x4942, 0x4942, 0x4102, 0x40E2, 0x40E2, 0x40E2, 0x4902, 0x5102, 0x5942, 0x6162,
  0x71C2, 0x8A02, 0xA262, 0xB2A2, 0xB2A2, 0xAA62, 0xB2A2, 0xE3A2, 0xFCA3, 0xFDA4, 0xED03, 0xE422, 0xF4C3, 0xF4E3, 0xF4A3, 0xF4A3,
  0xF4A3, 0xF4C3, 0xF4C3, 0xF4C3, 0xF4C3, 0xF4C3, 0xF4E3, 0xECC3, 0xFD03, 0xFD03, 0xBBA2, 0x61C1, 0x38C0, 0x38A0, 0x30A0, 0x3080,
  0x40E0, 0x69E1, 0xA322, 0xD442, 0xF503, 0xFD43, 0xFD43, 0xFD23, 0xFD43, 0xFD63, 0xFD63, 0xF503, 0xDC62, 0xECE3, 0xFD23, 0xFD23,
  0xFD23, 0xFD23, 0xFD23, 0xFD03, 0xFD43, 0xDC83, 0x40A0, 0x3880, 0x40A0, 0x38A0, 0x3880, 0x3080, 0x2020, 0x69C1, 0xFD83, 0xF543,
  0xFD43, 0xFD43, 0xFD43, 0xFD23, 0xFD23, 0xFD23, 0xFD23, 0xF523, 0xF503, 0xF523, 0xF523, 0xF543, 0xED43, 0xED43, 0xED43, 0xE543,
  0xE543, 0xDD43, 0xCD23, 0xC502, 0xCD43, 0xDE6A, 0xEF73, 0xEFD7, 0xE774, 0xE68B, 0xD564, 0xAC62, 0x93C3, 0x7B02, 0x6A82, 0x5A02,
  0x49A2, 0x4142, 0x3102, 0x28C2, 0x20A2, 0x2082, 0x1882, 0x1882, 0x1882, 0x20A2, 0x3982, 0x41A2, 0x41C2, 0x3962, 0x18A2, 0x1082,
  0x1062, 0x1062, 0x1062, 0x1062, 0x0862, 0x0862, 0x0862, 0x0862, 0x0862, 0x0862, 0x0862, 0x0862, 0x0862, 0x0862, 0x0862, 0x0862,
  0x0862, 0x0862, 0x0862, 0x0862, 0x0862, 0x0862, 0x0862, 0x0862, 0x0862, 0x0862, 0x0862, 0x0862, 0x0862, 0x0862, 0x0862, 0x0862,
  0x0862, 0x0862, 0x0862, 0x0862, 0x0862, 0x0862, 0x0862, 0x0862, 0x0862, 0x0862, 0x0862, 0x0862, 0x0862, 0x0862, 0x0862, 0x0862,
  0x0862, 0x0862, 0x0862, 0x0862, 0x0862, 0x0862, 0x0862, 0x0862, 0x0862, 0x0862, 0x0862, 0x0862, 0x0862, 0x0862, 0x0862, 0x0862,
  0x0862, 0x0862, 0x0862, 0x0862, 0x0862, 0x0862, 0x0862, 0x0862, 0x0862, 0x0862, 0x0862, 0x0862, 0x0862, 0x0862, 0x0862, 0x0862,
  0x0862, 0x0862, 0x0862, 0x0862, 0x0862, 0x0862, 0x0862, 0x0862, 0x0862, 0x0862, 0x0862, 0x0862, 0x0862, 0x0862, 0x0862, 0x0862,
  0x0862, 0x0862, 0x0862, 0x0862, 0x0862, 0x0862, 0x0862, 0x0862, 0x0862, 0x0862, 0x0862, 0x0862, 0x0862, 0x0862, 0x0862, 0x0862,
  0x0862, 0x0862, 0x0862, 0x0862, 0x0862, 0x0862, 0x0862, 0x0862, 0x0862, 0x0862, 0x0862, 0x0862, 0x0862, 0x0862, 0x0862, 0x0862,
  0x0862, 0x0862, 0x0862, 0x0862, 0x0862, 0x0862, 0x0862, 0x0862, 0x0862, 0x0862, 0x0862, 0x0862, 0x0862, 0x0862, 0x0862, 0x0862,
  0x0862, 0x0862, 0x0862, 0x0862, 0x0862, 0x0862, 0x0862, 0x0862, 0x0862, 0x0862, 0x0862, 0x0862, 0x0862, 0x0862, 0x0862, 0x0862,
  0x0862, 0x0862, 0x0862, 0x0862, 0x0862, 0x0862, 0x0862, 0x0862, 0x0862, 0x0862, 0x0862, 0x0862, 0x0862, 0x0862, 0x0862, 0x0862,
  0x0862, 0x1062, 0x0862, 0x1062, 0x1062, 0x1062, 0x1062, 0x1062, 0x1062, 0x1062, 0x1062, 0x1062, 0x1862, 0x1862, 0x1882, 0x2082,
  0x2082, 0x28A2, 0x30C2, 0x38E2, 0x4102, 0x5182, 0x4942, 0x5162, 0x4922, 0x4102, 0x40E2, 0x40E2, 0x40E2, 0x48E2, 0x4902, 0x5122,
  0x5942, 0x6982, 0x79E2, 0x9222, 0xA262, 0xB2A2, 0xBAC2, 0xC2C2, 0xE362, 0xFC42, 0xFD84, 0xFDA4, 0xEC83, 0xF462, 0xF4E3, 0xF4C3,
  0xF4A3, 0xF4A3, 0xF4C3, 0xF4C3, 0xF4C3, 0xF4C3, 0xF4C3, 0xF4E3, 0xF4E3, 0xF4E3, 0xFD23, 0xF4E3, 0xB382, 0x61C1, 0x38C0, 0x38C0,
  0x38C0, 0x30A0, 0x3080, 0x38C0, 0x5960, 0x8A81, 0xB382, 0xDC62, 0xF503, 0xFD43, 0xFD43, 0xFD63, 0xFD63, 0xFD43, 0xFD23, 0xFD03,
  0xFD03, 0xF503, 0xF503, 0xF503, 0xFD23, 0xE483, 0x48E0, 0x40A0, 0x38A0, 0x3880, 0x3080, 0x3080, 0x2840, 0x5120, 0xF543, 0xFD43,
  0xFD43, 0xFD43, 0xFD23, 0xFD23, 0xFD23, 0xF523, 0xF503, 0xF503, 0xF523, 0xF523, 0xED43, 0xED43, 0xED43, 0xE543, 0xE543, 0xDD43,
  0xD523, 0xCD03, 0xC503, 0xD5C6, 0xE6EF, 0xEF96, 0xE7B6, 0xE710, 0xE607, 0xC503, 0xA423, 0x8B83, 0x7AE2, 0x6262, 0x51E2, 0x4982,
  0x3942, 0x3102, 0x28C2, 0x20A2, 0x2082, 0x1882, 0x1882, 0x1882, 0x20A2, 0x3142, 0x41A2, 0x41A2, 0x41C2, 0x18C2, 0x18A2, 0x1082,
  0x1062, 0x1062, 0x1062, 0x1062, 0x0862, 0x0862, 0x0862, 0x0862, 0x0862, 0x0862, 0x0862, 0x0862, 0x0862, 0x0862, 0x0862, 0x0862,
  0x0862, 0x0862, 0x0862, 0x0862, 0x0862, 0x0862, 0x0862, 0x0862, 0x0862, 0x0862, 0x0862, 0x0862, 0x0862, 0x0862, 0x0862, 0x0862,
  0x0862, 0x0862, 0x0862, 0x0862, 0x0862, 0x0862, 0x0862, 0x0862, 0x0862, 0x0862, 0x0862, 0x0862, 0x0862, 0x0862, 0x0862, 0x0862,
  0x0862, 0x0862, 0x0862, 0x0862, 0x0862, 0x0862, 0x0862, 0x0862, 0x0862, 0x0862, 0x0862, 0x0862, 0x0862, 0x0862, 0x0862, 0x0862,
  0x0862, 0x0862, 0x0862, 0x0862, 0x0862, 0x0862, 0x0862, 0x0862, 0x0862, 0x0862, 0x0862, 0x0862, 0x0862, 0x0862, 0x0862, 0x0862,
  0x0862, 0x0862, 0x0862, 0x0862, 0x0862, 0x0862, 0x0862, 0x0862, 0x0862, 0x0862, 0x0862, 0x0862, 0x0862, 0x0862, 0x0862, 0x0862,
  0x0862, 0x0862, 0x0862, 0x0862, 0x0862, 0x0862, 0x0862, 0x0862, 0x0862, 0x0862, 0x0862, 0x0862, 0x0862, 0x0862, 0x0862, 0x0862,
  0x0862, 0x0862, 0x0862, 0x0862, 0x0862, 0x0862, 0x0862, 0x0862, 0x0862, 0x0862, 0x0862, 0x0862, 0x0862, 0x0862, 0x0862, 0x0862,
  0x0862, 0x0862, 0x0862, 0x0862, 0x0862, 0x0862, 0x0862, 0x0862, 0x0862, 0x0862, 0x0862, 0x0862, 0x0862, 0x0862, 0x0862, 0x0862,
  0x0862, 0x0862, 0x0862, 0x0862, 0x0862, 0x0862, 0x0862, 0x0862, 0x0862, 0x0862, 0x0862, 0x0862, 0x0862, 0x0862, 0x0862, 0x0862,
  0x0862, 0x0862, 0x0862, 0x0862, 0x0862, 0x0862, 0x0862, 0x0862, 0x0862, 0x0862, 0x0862, 0x0862, 0x0862, 0x0862, 0x0862, 0x0862,
  0x0862, 0x0862, 0x0862, 0x1062, 0x1062, 0x1062, 0x1062, 0x1062, 0x1062, 0x1062, 0x1062, 0x1062, 0x1062, 0x1862, 0x1862, 0x1882,
  0x2082, 0x2082, 0x28A2, 0x30C2, 0x38C2, 0x4922, 0x59A2, 0x4942, 0x5162, 0x4922, 0x4102, 0x40E2, 0x40E2, 0x40E2, 0x48E2, 0x4902,
  0x5122, 0x5942, 0x6162, 0x71A2, 0x81E2, 0x9222, 0xA262, 0xB2A2, 0xC2E2, 0xEB62, 0xFC02, 0xFD23, 0xFE24, 0xF584, 0xF483, 0xF4A3,
  0xF4E3, 0xF4C3, 0xF4C3, 0xF4C3, 0xF4C3, 0xF4C3, 0xF4C3, 0xF4C3, 0xF4E3, 0xF4E3, 0xECE3, 0xF4E3, 0xFD23, 0xF503, 0xBBC2, 0x7221,
  0x4920, 0x38C0, 0x38C0, 0x38C0, 0x38A0, 0x3080, 0x3060, 0x38C0, 0x5960, 0x7A21, 0x9B01, 0xBBA2, 0xD442, 0xECA3, 0xF503, 0xFD23,
  0xFD43, 0xFD43, 0xFD43, 0xFD43, 0xFD63, 0xECA3, 0x48E0, 0x3880, 0x3880, 0x3080, 0x3080, 0x3080, 0x3080, 0x40C0, 0xE4C3, 0xFD43,
  0xF523, 0xF523, 0xF523, 0xF523, 0xF523, 0xF523, 0xF523, 0xF523, 0xED23, 0xED43, 0xED43, 0xE543, 0xE543, 0xDD43, 0xD543, 0xCD23,
  0xCD03, 0xCD64, 0xDE6B, 0xEF52, 0xEF96, 0xE752, 0xE66A, 0xD564, 0xB4A2, 0x9BE3, 0x8342, 0x72C2, 0x6242, 0x51C2, 0x4182, 0x3922,
  0x3102, 0x28C2, 0x20A2, 0x1882, 0x1882, 0x1882, 0x1882, 0x18A2, 0x2902, 0x41C2, 0x3982, 0x49E2, 0x2102, 0x18A2, 0x1082, 0x1062,
  0x1062, 0x1062, 0x0862, 0x0862, 0x0862, 0x0862, 0x0862, 0x0862, 0x0862, 0x0862, 0x0862, 0x0862, 0x0862, 0x0862, 0x0862, 0x0862,
  0x0862, 0x0862, 0x0862, 0x0862, 0x0862, 0x0862, 0x0862, 0x0862, 0x0862, 0x0862, 0x0862, 0x0862, 0x0862, 0x0862, 0x0862, 0x0862,
  0x0862, 0x0862, 0x0862, 0x0862, 0x0862, 0x0862, 0x0862, 0x0862, 0x0862, 0x0862, 0x0862, 0x0862, 0x0862, 0x0862, 0x0862, 0x0862,
  0x0862, 0x0862, 0x0862, 0x0862, 0x0862, 0x0862, 0x0862, 0x0862, 0x0862, 0x0862, 0x0862, 0x0862, 0x0862, 0x0862, 0x0862, 0x0862,
  0x0862, 0x0862, 0x0862, 0x0862, 0x0862, 0x0862, 0x0862, 0x0862, 0x0862, 0x0862, 0x0862, 0x0862, 0x0862, 0x0862, 0x0862, 0x0862,
  0x0862, 0x0862, 0x0862, 0x0862, 0x0862, 0x0862, 0x0862, 0x0862, 0x0862, 0x0862, 0x0862, 0x0862, 0x0862, 0x0862, 0x0862, 0x0862,
  0x0862, 0x0862, 0x0862, 0x0862, 0x0862, 0x0862, 0x0862, 0x0862, 0x0862, 0x0862, 0x0862, 0x0862, 0x0862, 0x0862, 0x0862, 0x0862,
  0x0862, 0x0862, 0x0862, 0x0862, 0x0862, 0x0862, 0x0862, 0x0862, 0x0862, 0x0862, 0x0862, 0x0862, 0x0862, 0x0862, 0x0862, 0x0862,
  0x0862, 0x0862, 0x0862, 0x0862, 0x0862, 0x0862, 0x0862, 0x0862, 0x0862, 0x0862, 0x0862, 0x0862, 0x0862, 0x0862, 0x0862, 0x0862,
  0x0862, 0x0862, 0x0862, 0x0862, 0x0862, 0x0862, 0x0862, 0x0862, 0x0862, 0x0862, 0x0862, 0x0862, 0x0862, 0x0862, 0x0862, 0x0862,
  0x0862, 0x0862, 0x0862, 0x0862, 0x0862, 0x0862, 0x0862, 0x0862, 0x0862, 0x0862, 0x0862, 0x0862, 0x0862, 0x0862, 0x0862, 0x0862,
  0x0862, 0x0862, 0x1062, 0x1062, 0x1062, 0x1062, 0x1062, 0x1062, 0x1062, 0x1062, 0x1062, 0x1062, 0x1062, 0x1062, 0x1862, 0x1862,
  0x1882, 0x2082, 0x2082, 0x28A2, 0x30C2, 0x38C2, 0x4942, 0x5182, 0x4942, 0x5162, 0x4922, 0x4902, 0x4102, 0x40E2, 0x40E2, 0x40E2,
  0x4902, 0x4902, 0x5122, 0x5942, 0x6982, 0x71C2, 0x8202, 0x8A22, 0x9A42, 0xAA82, 0xD322, 0xFBC2, 0xFC83, 0xFE04, 0xFE64, 0xFD64,
  0xFCA3, 0xFCA3, 0xF4C3, 0xF4C3, 0xF4C3, 0xF4C3, 0xF4C3, 0xF4C3, 0xF4C3, 0xF4E3, 0xF4E3, 0xF4E3, 0xECE3, 0xF4E3, 0xFD23, 0xF523,
  0xD462, 0x9B22, 0x69E1, 0x4920, 0x40E0, 0x40E0, 0x40E0, 0x40E0, 0x38C0, 0x38A0, 0x38A0, 0x38A0, 0x40E0, 0x5120, 0x61A1, 0x71E1,
  0x8241, 0x8A61, 0x8A81, 0x8A61, 0x8221, 0x69C1, 0x40C0, 0x38A0, 0x38A0, 0x38A0, 0x38C0, 0x40C0, 0x40E0, 0x40E0, 0xD442, 0xFD43,
  0xF503, 0xF523, 0xF523, 0xF523, 0xF523, 0xF523, 0xED43, 0xED43, 0xED43, 0xE543, 0xE543, 0xDD43, 0xDD43, 0xD523, 0xCD03, 0xCD44,
  0xDE08, 0xEEEE, 0xEF73, 0xEF53, 0xE6AD, 0xDDC5, 0xC4E2, 0xA423, 0x8B83, 0x7B02, 0x6A82, 0x5A22, 0x49C2, 0x4162, 0x3922, 0x30E2,
  0x28C2, 0x20A2, 0x1882, 0x1882, 0x1882, 0x1882, 0x18A2, 0x28E2, 0x41A2, 0x3982, 0x49E2, 0x3142, 0x18A2, 0x1082, 0x1062, 0x1062,
  0x1062, 0x0862, 0x0862, 0x0862, 0x0862, 0x0862, 0x0862, 0x0862, 0x0862, 0x0862, 0x0862, 0x0862, 0x0862, 0x0862, 0x0862, 0x0862,
  0x0862, 0x0862, 0x0862, 0x0862, 0x0862, 0x0862, 0x0862, 0x0862, 0x0862, 0x0862, 0x0862, 0x0862, 0x0862, 0x0862, 0x0862, 0x0862,
  0x0862, 0x0862, 0x0862, 0x0862, 0x0862, 0x0862, 0x0862, 0x0862, 0x0862, 0x0862, 0x0862, 0x0862, 0x0862, 0x0862, 0x0862, 0x0862,
  0x0862, 0x0862, 0x0862, 0x0862, 0x0862, 0x0862, 0x0862, 0x0862, 0x0862, 0x0862, 0x0862, 0x0862, 0x0862, 0x0862, 0x0862, 0x0862,
  0x0862, 0x0862, 0x0862, 0x0862, 0x0862, 0x0862, 0x0862, 0x0862, 0x0862, 0x0862, 0x0862, 0x0862, 0x0862, 0x0862, 0x0862, 0x0862,
  0x0862, 0x0862, 0x0862, 0x0862, 0x0862, 0x0862, 0x0862, 0x0862, 0x0862, 0x0862, 0x0862, 0x0862, 0x0862, 0x0862, 0x0862, 0x0862,
  0x0862, 0x0862, 0x0862, 0x0862, 0x0862, 0x0862, 0x0862, 0x0862, 0x0862, 0x0862, 0x0862, 0x0862, 0x0862, 0x0862, 0x0862, 0x0862,
  0x0862, 0x0862, 0x0862, 0x0862, 0x0862, 0x0862, 0x0862, 0x0862, 0x0862, 0x0862, 0x0862, 0x0862, 0x0862, 0x0862, 0x0862, 0x0862,
  0x0862, 0x0862, 0x0862, 0x0862, 0x0862, 0x0862, 0x0862, 0x0862, 0x0862, 0x0862, 0x0862, 0x0862, 0x0862, 0x0862, 0x0862, 0x0862,
  0x0862, 0x0862, 0x0862, 0x0862, 0x0862, 0x0862, 0x0862, 0x0862, 0x0862, 0x0862, 0x0862, 0x0862, 0x0862, 0x0862, 0x0862, 0x0862,
  0x0862, 0x0862, 0x0862, 0x0862, 0x0862, 0x0862, 0x0862, 0x0862, 0x0862, 0x0862, 0x0862, 0x0862, 0x0862, 0x0862, 0x0862, 0x0862,
  0x0862, 0x0862, 0x0862, 0x1062, 0x0862, 0x1062, 0x1062, 0x1062, 0x1062, 0x1062, 0x1062, 0x1062, 0x1062, 0x1062, 0x1062, 0x1862,
  0x1862, 0x1882, 0x2082, 0x2082, 0x28A2, 0x30C2, 0x30C2, 0x4942, 0x5182, 0x4942, 0x5162, 0x4922, 0x4902, 0x4902, 0x40E2, 0x40E2,
  0x40E2, 0x48E2, 0x4902, 0x5122, 0x5122, 0x5962, 0x69A2, 0x79C2, 0x8202, 0x8A22, 0x9222, 0xAA82, 0xD322, 0xF3C2, 0xFD03, 0xFE65,
  0xFE85, 0xFDC4, 0xFD03, 0xFCA3, 0xFCA3, 0xF4C3, 0xF4C3, 0xF4C3, 0xF4C3, 0xF4C3, 0xF4E3, 0xF4E3, 0xF4E3, 0xF4E3, 0xECE3, 0xECE3,
  0xF503, 0xFD23, 0xF503, 0xD462, 0xAB62, 0x8281, 0x69C1, 0x5960, 0x5140, 0x5140, 0x5940, 0x5940, 0x5940, 0x5940, 0x5940, 0x5920,
  0x5120, 0x4900, 0x48E0, 0x40E0, 0x40C0, 0x40E0, 0x4900, 0x4900, 0x4900, 0x4920, 0x5120, 0x5140, 0x5960, 0x5960, 0xC3E2, 0xFD43,
  0xF523, 0xF523, 0xF523, 0xF523, 0xED23, 0xED43, 0xED43, 0xE543, 0xE543, 0xE543, 0xDD43, 0xD543, 0xCD23, 0xCD23, 0xD5C6, 0xEEAB,
  0xF74F, 0xF750, 0xE6CD, 0xDDE6, 0xCD23, 0xB462, 0x93C3, 0x8342, 0x72C2, 0x6242, 0x51E2, 0x49A2, 0x4142, 0x3902, 0x30E2, 0x28C2,
  0x20A2, 0x1882, 0x1882, 0x1882, 0x1882, 0x18A2, 0x20C2, 0x4182, 0x3982, 0x49E2, 0x3982, 0x18A2, 0x18A2, 0x1062, 0x1062, 0x1062,
  0x1062, 0x0862, 0x0862, 0x0862, 0x0862, 0x0862, 0x0862, 0x0862, 0x0862, 0x0862, 0x0862, 0x0862, 0x0862, 0x0862, 0x0862, 0x0862,
  0x0862, 0x0862, 0x0862, 0x0862, 0x0862, 0x0862, 0x0862, 0x0862, 0x0862, 0x0862, 0x0862, 0x0862, 0x0862, 0x0862, 0x0862, 0x0862,
  0x0862, 0x0862, 0x0862, 0x0862, 0x0862, 0x0862, 0x0862, 0x0862, 0x0862, 0x0862, 0x0862, 0x0862, 0x0862, 0x0862, 0x0862, 0x0862,
  0x0862, 0x0862, 0x0862, 0x0862, 0x0862, 0x0862, 0x0862, 0x0862, 0x0862, 0x0862, 0x0862, 0x0862, 0x0862, 0x0862, 0x0862, 0x0862,
  0x0862, 0x0862, 0x0862, 0x0862, 0x0862, 0x0862, 0x0862, 0x0862, 0x0862, 0x0862, 0x0862, 0x0862, 0x0862, 0x0862, 0x0862, 0x0862,
  0x0862, 0x0862, 0x0862, 0x0862, 0x0862, 0x0862, 0x0862, 0x0862, 0x0862, 0x0862, 0x0862, 0x0862, 0x0862, 0x0862, 0x0862, 0x0862,
  0x0862, 0x0862, 0x0862, 0x0862, 0x0862, 0x0862, 0x0862, 0x0862, 0x0862, 0x0862, 0x0862, 0x0862, 0x0862, 0x0862, 0x0862, 0x0862,
  0x0862, 0x0862, 0x0862, 0x0862, 0x0862, 0x0862, 0x0862, 0x0862, 0x0862, 0x0862, 0x0862, 0x0862, 0x0862, 0x0862, 0x0862, 0x0862,
  0x0862, 0x0862, 0x0862, 0x0862, 0x0862, 0x0862, 0x0862, 0x0862, 0x0862, 0x0862, 0x0862, 0x0862, 0x0862, 0x0862, 0x0862, 0x0862,
  0x0862, 0x0862, 0x0862, 0x0862, 0x0862, 0x0862, 0x0862, 0x0862, 0x0862, 0x0862, 0x0862, 0x0862, 0x0862, 0x0862, 0x0862, 0x0862,
  0x0862, 0x0862, 0x0862, 0x0862, 0x0862, 0x0862, 0x0862, 0x0862, 0x0862, 0x0862, 0x0862, 0x0862, 0x0862, 0x0862, 0x0862, 0x0862,
  0x0862, 0x0862, 0x0862, 0x0862, 0x1062, 0x0862, 0x1062, 0x1062, 0x1062, 0x1062, 0x1062, 0x1062, 0x1062, 0x1062, 0x1062, 0x1062,
  0x1062, 0x1862, 0x1882, 0x2082, 0x2082, 0x2882, 0x30C2, 0x30C2, 0x4962, 0x5182, 0x4942, 0x5162, 0x4902, 0x4102, 0x4902, 0x4902,
  0x40E2, 0x40E2, 0x4902, 0x4902, 0x4902, 0x5122, 0x5142, 0x6162, 0x69A2, 0x79E2, 0x8202, 0x8202, 0x8A22, 0xAA82, 0xCAE2, 0xEBA2,
  0xFCE3, 0xFE24, 0xFE85, 0xFDE4, 0xFD43, 0xFCC3, 0xFC83, 0xFCA3, 0xFCA3, 0xFCC3, 0xF4C3, 0xF4C3, 0xF4C3, 0xF4E3, 0xF4E3, 0xF4E3,
  0xF4E3, 0xF4E3, 0xF4E3, 0xF503, 0xFD23, 0xFD03, 0xECC3, 0xDC42, 0xC3A2, 0xAB22, 0x92A1, 0x8241, 0x7A01, 0x69C1, 0x6181, 0x5960,
  0x5960, 0x5140, 0x5140, 0x5120, 0x5120, 0x5140, 0x5140, 0x5140, 0x5160, 0x5981, 0x61A1, 0x69E1, 0x7A21, 0x8241, 0xC3E2, 0xFD43,
  0xED23, 0xF523, 0xED23, 0xED43, 0xE543, 0xE543, 0xE543, 0xE543, 0xDD43, 0xD543, 0xCD23, 0xCD23, 0xDDA5, 0xEE88, 0xFF2B, 0xFF4D,
  0xF6CB, 0xDDE7, 0xD523, 0xBC82, 0x9BE3, 0x8B62, 0x7AE2, 0x6A82, 0x5A22, 0x51C2, 0x4182, 0x3942, 0x3102, 0x28E2, 0x28A2, 0x2082,
  0x1882, 0x1882, 0x1882, 0x1882, 0x18A2, 0x20C2, 0x3982, 0x41A2, 0x41C2, 0x41C2, 0x18C2, 0x18A2, 0x1082, 0x1062, 0x1062, 0x1062,
  0x1062, 0x0862, 0x0862, 0x0862, 0x0862, 0x0862, 0x0862, 0x0862, 0x0862, 0x0862, 0x0862, 0x0862, 0x0862, 0x0862, 0x0862, 0x0862,
  0x0862, 0x0862, 0x0862, 0x0862, 0x0862, 0x0862, 0x0862, 0x0862, 0x0862, 0x0862, 0x0862, 0x0862, 0x0862, 0x0862, 0x0862, 0x0862,
  0x0862, 0x0862, 0x0862, 0x0862, 0x0862, 0x0862, 0x0862, 0x0862, 0x0862, 0x0862, 0x0862, 0x0862, 0x0862, 0x0862, 0x0862, 0x0862,
  0x0862, 0x0862, 0x0862, 0x0862, 0x0862, 0x0862, 0x0862, 0x0862, 0x0862, 0x0862, 0x0862, 0x0862, 0x0862, 0x0862, 0x0862, 0x0862,
  0x0862, 0x0862, 0x0862, 0x0862, 0x0862, 0x0862, 0x0862, 0x0862, 0x0862, 0x0862, 0x0862, 0x0862, 0x0862, 0x0862, 0x0862, 0x0862,
  0x0862, 0x0862, 0x0862, 0x0862, 0x0862, 0x0862, 0x0862, 0x0862, 0x0862, 0x0862, 0x0862, 0x0862, 0x0862, 0x0862, 0x0862, 0x0862,
  0x0862, 0x0862, 0x0862, 0x0862, 0x0862, 0x0862, 0x0862, 0x0862, 0x0862, 0x0862, 0x0862, 0x0862, 0x0862, 0x0862, 0x0862, 0x0862,
  0x0862, 0x0862, 0x0862, 0x0862, 0x0862, 0x0862, 0x0862, 0x0862, 0x0862, 0x0862, 0x0862, 0x0862, 0x0862, 0x0862, 0x0862, 0x0862,
  0x0862, 0x0862, 0x0862, 0x0862, 0x0862, 0x0862, 0x0862, 0x0862, 0x0862, 0x0862, 0x0862, 0x0862, 0x0862, 0x0862, 0x0862, 0x0862,
  0x0862, 0x0862, 0x0862, 0x0862, 0x0862, 0x0862, 0x0862, 0x0862, 0x0862, 0x0862, 0x0862, 0x0862, 0x0862, 0x0862, 0x0862, 0x0862,
  0x0862, 0x0862, 0x0862, 0x0862, 0x0862, 0x0862, 0x0862, 0x0862, 0x0862, 0x0862, 0x0862, 0x0862, 0x0862, 0x0862, 0x0862, 0x0862,
  0x0862, 0x0862, 0x0862, 0x0862, 0x0862, 0x1062, 0x1062, 0x1062, 0x1062, 0x1062, 0x1062, 0x1062, 0x1062, 0x1062, 0x1062, 0x1062,
  0x1062, 0x1062, 0x1862, 0x1882, 0x1882, 0x2082, 0x2082, 0x28A2, 0x30C2, 0x4962, 0x5182, 0x4942, 0x5162, 0x4902, 0x4102, 0x4102,
  0x48E2, 0x48E2, 0x48E2, 0x4902, 0x4902, 0x4902, 0x5102, 0x5122, 0x5942, 0x6162, 0x69A2, 0x79E2, 0x8202, 0x8202, 0x9242, 0xA282,
  0xCAE2, 0xEB82, 0xFC83, 0xFD84, 0xFE24, 0xFDC4, 0xFD23, 0xFCC3, 0xFC83, 0xFC83, 0xFCA3, 0xFCA3, 0xFCA3, 0xFCA3, 0xFCA3, 0xFCC3,
  0xFCC3, 0xF4C3, 0xF4C3, 0xF4C3, 0xF4C3, 0xF4E3, 0xF4E3, 0xFD03, 0xFD23, 0xFD23, 0xF523, 0xECE3, 0xE4A3, 0xD463, 0xCC22, 0xBBE2,
  0xB3A2, 0xAB82, 0xA362, 0xA342, 0xA342, 0xA342, 0xA342, 0xAB62, 0xABA2, 0xBBC2, 0xC402, 0xCC42, 0xDC83, 0xE4C3, 0xED03, 0xED23,
  0xED23, 0xED23, 0xE543, 0xE543, 0xE543, 0xE563, 0xDD63, 0xD543, 0xD523, 0xD543, 0xDDA4, 0xEE86, 0xFF29, 0xFF4A, 0xFEE9, 0xEE06,
  0xCD23, 0xBC82, 0xA403, 0x8B63, 0x7B02, 0x6AA2, 0x6242, 0x51E2, 0x49A2, 0x4162, 0x3922, 0x30E2, 0x28C2, 0x28A2, 0x2082, 0x1882,
  0x1882, 0x1882, 0x1882, 0x18A2, 0x20A2, 0x3962, 0x41A2, 0x41C2, 0x49E2, 0x20E2, 0x18A2, 0x1082, 0x1062, 0x1062, 0x1062, 0x1062,
  0x0862, 0x0862, 0x0862, 0x0862, 0x0862, 0x0862, 0x0862, 0x0862, 0x0862, 0x0862, 0x0862, 0x0862, 0x0862, 0x0862, 0x0862, 0x0862,
  0x0862, 0x0862, 0x0862, 0x0862, 0x0862, 0x0862, 0x0862, 0x0862, 0x0862, 0x0862, 0x0862, 0x0862, 0x0862, 0x0862, 0x0862, 0x0862,
  0x0862, 0x0862, 0x0862, 0x0862, 0x0862, 0x0862, 0x0862, 0x0862, 0x0862, 0x0862, 0x0862, 0x0862, 0x0862, 0x0862, 0x0862, 0x0862,
  0x0862, 0x0862, 0x0862, 0x0862, 0x0862, 0x0862, 0x0862, 0x0862, 0x0862, 0x0862, 0x0862, 0x0862, 0x0862, 0x0862, 0x0862, 0x0862,
  0x0862, 0x0862, 0x0862, 0x0862, 0x0862, 0x0862, 0x0862, 0x0862, 0x0862, 0x0862, 0x0862, 0x0862, 0x0862, 0x0862, 0x0862, 0x0862,
  0x0862, 0x0862, 0x0862, 0x0862, 0x0862, 0x0862, 0x0862, 0x0862, 0x0862, 0x0862, 0x0862, 0x0862, 0x0862, 0x0862, 0x0862, 0x0862,
  0x0862, 0x0862, 0x0862, 0x0862, 0x0862, 0x0862, 0x0862, 0x0862, 0x0862, 0x0862, 0x0862, 0x0862, 0x0862, 0x0862, 0x0862, 0x0862,
  0x0862, 0x0862, 0x0862, 0x0862, 0x0862, 0x0862, 0x0862, 0x0862, 0x0862, 0x0862, 0x0862, 0x0862, 0x0862, 0x0862, 0x0862, 0x0862,
  0x0862, 0x0862, 0x0862, 0x0862, 0x0862, 0x0862, 0x0862, 0x0862, 0x0862, 0x0862, 0x0862, 0x0862, 0x0862, 0x0862, 0x0862, 0x0862,
  0x0862, 0x0862, 0x0862, 0x0862, 0x0862, 0x0862, 0x0862, 0x0862, 0x0862, 0x0862, 0x0862, 0x0862, 0x0862, 0x0862, 0x0862, 0x0862,
  0x0862, 0x0862, 0x0862, 0x0862, 0x0862, 0x0862, 0x0862, 0x0862, 0x0862, 0x0862, 0x0862, 0x0862, 0x0862, 0x0862, 0x0862, 0x0862,
  0x0862, 0x0862, 0x0862, 0x0862, 0x0862, 0x0862, 0x1062, 0x0862, 0x1062, 0x1062, 0x1062, 0x1062, 0x1062, 0x1062, 0x1062, 0x1062,
  0x1062, 0x1062, 0x1062, 0x1862, 0x1862, 0x1882, 0x2082, 0x2082, 0x28A2, 0x30C2, 0x4962, 0x4962, 0x4922, 0x5162, 0x4922, 0x4102,
  0x4102, 0x4102, 0x48E2, 0x4902, 0x4902, 0x4902, 0x4902, 0x4902, 0x5122, 0x5122, 0x5942, 0x6162, 0x69A2, 0x71C2, 0x79E2, 0x8202,
  0x9242, 0xAA82, 0xCAE2, 0xE362, 0xF443, 0xFD23, 0xFDA4, 0xFD84, 0xFD23, 0xFCE3, 0xFCC3, 0xFCC3, 0xFCC3, 0xFCC3, 0xF4C3, 0xF4E3,
  0xF4E3, 0xF4E3, 0xF4E3, 0xF4E3, 0xF503, 0xF503, 0xF503, 0xED03, 0xED03, 0xED03, 0xED03, 0xED23, 0xF523, 0xF543, 0xF543, 0xF563,
  0xF563, 0xF563, 0xF563, 0xF563, 0xF563, 0xF563, 0xF563, 0xFD63, 0xFD63, 0xFD63, 0xF563, 0xF563, 0xF543, 0xED43, 0xED43, 0xED43,
  0xE543, 0xE543, 0xE563, 0xE563, 0xDD43, 0xD543, 0xD523, 0xDD63, 0xEDE4, 0xF6A5, 0xFF26, 0xFF27, 0xFEA7, 0xF5E5, 0xD503, 0xB462,
  0xA403, 0x8B63, 0x7B02, 0x72A2, 0x6242, 0x51E2, 0x49A2, 0x4162, 0x3922, 0x3102, 0x28E2, 0x28C2, 0x20A2, 0x2082, 0x1882, 0x1882,
  0x1882, 0x1882, 0x18A2, 0x20A2, 0x3962, 0x41A2, 0x41A2, 0x4A02, 0x2902, 0x18A2, 0x1082, 0x1062, 0x0862, 0x0862, 0x1062, 0x0862,
  0x0862, 0x0862, 0x0862, 0x0862, 0x0862, 0x0862, 0x0862, 0x0862, 0x0862, 0x0862, 0x0862, 0x0862, 0x0862, 0x0862, 0x0862, 0x0862,
  0x0862, 0x0862, 0x0862, 0x0862, 0x0862, 0x0862, 0x0862, 0x0862, 0x0862, 0x0862, 0x0862, 0x0862, 0x0862, 0x0862, 0x0862, 0x0862,
  0x0862, 0x0862, 0x0862, 0x0862, 0x0862, 0x0862, 0x0862, 0x0862, 0x0862, 0x0862, 0x0862, 0x0862, 0x0862, 0x0862, 0x0862, 0x0862,
  0x0862, 0x0862, 0x0862, 0x0862, 0x0862, 0x0862, 0x0862, 0x0862, 0x0862, 0x0862, 0x0862, 0x0862, 0x0862, 0x0862, 0x0862, 0x0862,
  0x0862, 0x0862, 0x0862, 0x0862, 0x0862, 0x0862, 0x0862, 0x0862, 0x0862, 0x0862, 0x0862, 0x0862, 0x0862, 0x0862, 0x0862, 0x0862,
  0x0862, 0x0862, 0x0862, 0x0862, 0x0862, 0x0862, 0x0862, 0x0862, 0x0862, 0x0862, 0x0862, 0x0862, 0x0862, 0x0862, 0x0862, 0x0862,
  0x0862, 0x0862, 0x0862, 0x0862, 0x0862, 0x0862, 0x0862, 0x0862, 0x0862, 0x0862, 0x0862, 0x0862, 0x0862, 0x0862, 0x0862, 0x0862,
  0x0862, 0x0862, 0x0862, 0x0862, 0x0862, 0x0862, 0x0862, 0x0862, 0x0862, 0x0862, 0x0862, 0x0862, 0x0862, 0x0862, 0x0862, 0x0862,
  0x0862, 0x0862, 0x0862, 0x0862, 0x0862, 0x0862, 0x0862, 0x0862, 0x0862, 0x0862, 0x0862, 0x0862, 0x0862, 0x0862, 0x0862, 0x0862,
  0x0862, 0x0862, 0x0862, 0x0862, 0x0862, 0x0862, 0x0862, 0x0862, 0x0862, 0x0862, 0x0862, 0x0862, 0x0862, 0x0862, 0x0862, 0x0862,
  0x0862, 0x0862, 0x0862, 0x0862, 0x0862, 0x0862, 0x0862, 0x0862, 0x0862, 0x0862, 0x0862, 0x0862, 0x0862, 0x0862, 0x0862, 0x0862,
  0x0862, 0x0862, 0x0862, 0x0862, 0x0862, 0x0862, 0x0862, 0x1062, 0x1062, 0x1062, 0x1062, 0x1062, 0x1062, 0x1062, 0x1062, 0x1062,
  0x1062, 0x1062, 0x1062, 0x1062, 0x1862, 0x1862, 0x1882, 0x2082, 0x2082, 0x28A2, 0x30C2, 0x4962, 0x4962, 0x4122, 0x4942, 0x4922,
  0x4102, 0x4102, 0x40E2, 0x40E2, 0x48E2, 0x4902, 0x4902, 0x5102, 0x5102, 0x5122, 0x5122, 0x5122, 0x5942, 0x5962, 0x6982, 0x71C2,
  0x79E2, 0x8202, 0x9242, 0xAAA2, 0xCB02, 0xE362, 0xF422, 0xFCE3, 0xFD84, 0xFDA4, 0xFD63, 0xFD03, 0xFCE3, 0xFCC3, 0xFCE3, 0xF4E3,
  0xF503, 0xF503, 0xF503, 0xF503, 0xF503, 0xF503, 0xF523, 0xF523, 0xF523, 0xF523, 0xED23, 0xED23, 0xED23, 0xED23, 0xED23, 0xED23,
  0xED23, 0xED23, 0xED23, 0xED23, 0xED23, 0xED23, 0xED23, 0xED23, 0xED23, 0xED23, 0xED23, 0xED23, 0xED43, 0xED43, 0xED43, 0xE563,
  0xE563, 0xDD63, 0xDD43, 0xDD23, 0xE543, 0xEDA4, 0xF664, 0xFF05, 0xFF45, 0xFEE5, 0xFE65, 0xF5A4, 0xD503, 0xB443, 0x9BC2, 0x8342,
  0x7AE2, 0x6AA2, 0x6242, 0x5A02, 0x51C2, 0x4182, 0x4142, 0x3922, 0x30E2, 0x28C2, 0x28A2, 0x2082, 0x2082, 0x1882, 0x1882, 0x1882,
  0x1882, 0x18A2, 0x20A2, 0x3142, 0x41A2, 0x41A2, 0x5202, 0x2922, 0x18A2, 0x1082, 0x1062, 0x0862, 0x0862, 0x1062, 0x0862, 0x0862,
  0x0862, 0x0862, 0x0862, 0x0862, 0x0862, 0x0862, 0x0862, 0x0862, 0x0862, 0x0862, 0x0862, 0x0862, 0x0862, 0x0862, 0x0862, 0x0862,
  0x0862, 0x0862, 0x0862, 0x0862, 0x0862, 0x0862, 0x0862, 0x0862, 0x0862, 0x0862, 0x0862, 0x0862, 0x0862, 0x0862, 0x0862, 0x0862,
  0x0862, 0x0862, 0x0862, 0x0862, 0x0862, 0x0862, 0x0862, 0x0862, 0x0862, 0x0862, 0x0862, 0x0862, 0x0862, 0x0862, 0x0862, 0x0862,
  0x0862, 0x0862, 0x0862, 0x0862, 0x0862, 0x0862, 0x0862, 0x0862, 0x0862, 0x0862, 0x0862, 0x0862, 0x0862, 0x0862, 0x0862, 0x0862,
  0x0862, 0x0862, 0x0862, 0x0862, 0x0862, 0x0862, 0x0862, 0x0862, 0x0862, 0x0862, 0x0862, 0x0862, 0x0862, 0x0862, 0x0862, 0x0862,
  0x0862, 0x0862, 0x0862, 0x0862, 0x0862, 0x0862, 0x0862, 0x0862, 0x0862, 0x0862, 0x0862, 0x0862, 0x0862, 0x0862, 0x0862, 0x0862,
  0x0862, 0x0862, 0x0862, 0x0862, 0x0862, 0x0862, 0x0862, 0x0862, 0x0862, 0x0862, 0x0862, 0x0862, 0x0862, 0x0862, 0x0862, 0x0862,
  0x0862, 0x0862, 0x0862, 0x0862, 0x0862, 0x0862, 0x0862, 0x0862, 0x0862, 0x0862, 0x0862, 0x0862, 0x0862, 0x0862, 0x0862, 0x0862,
  0x0862, 0x0862, 0x0862, 0x0862, 0x0862, 0x0862, 0x0862, 0x0862, 0x0862, 0x0862, 0x0862, 0x0862, 0x0862, 0x0862, 0x0862, 0x0862,
  0x0862, 0x0862, 0x0862, 0x0862, 0x0862, 0x0862, 0x0862, 0x0862, 0x0862, 0x0862, 0x0862, 0x0862, 0x0862, 0x0862, 0x0862, 0x0862,
  0x0862, 0x0862, 0x0862, 0x0862, 0x0862, 0x0862, 0x0862, 0x0862, 0x0862, 0x0862, 0x0862, 0x0862, 0x0862, 0x0862, 0x0862, 0x0862,
  0x0862, 0x0862, 0x0862, 0x0862, 0x0862, 0x0862, 0x0862, 0x0862, 0x1062, 0x0862, 0x0862, 0x1062, 0x1062, 0x1062, 0x1062, 0x1062,
  0x1062, 0x1062, 0x1062, 0x1062, 0x1062, 0x1062, 0x1862, 0x1882, 0x1882, 0x2082, 0x28A2, 0x28C2, 0x4142, 0x4962, 0x4122, 0x4942,
  0x4122, 0x4102, 0x4102, 0x4102, 0x40E2, 0x4902, 0x4902, 0x4902, 0x5102, 0x5122, 0x5122, 0x5122, 0x5122, 0x5122, 0x5942, 0x5962,
  0x6182, 0x69A2, 0x71C2, 0x7A02, 0x8A42, 0xA282, 0xC2E2, 0xDB62, 0xF402, 0xFCE3, 0xFDA4, 0xFDE4, 0xFDC4, 0xFD63, 0xFD23, 0xFCE3,
  0xFCE3, 0xF4E3, 0xF503, 0xF503, 0xF523, 0xF523, 0xF523, 0xF523, 0xF523, 0xF523, 0xF523, 0xF523, 0xF523, 0xF523, 0xED23, 0xED23,
  0xED23, 0xED23, 0xED23, 0xED23, 0xED23, 0xED43, 0xED43, 0xED43, 0xED43, 0xED43, 0xED43, 0xED43, 0xED43, 0xE543, 0xE543, 0xE543,
  0xE543, 0xED63, 0xF5E4, 0xFE64, 0xFF05, 0xFF45, 0xFF25, 0xFEA5, 0xFDE4, 0xED44, 0xD4C3, 0xAC23, 0x9383, 0x8322, 0x72C2, 0x6A82,
  0x6242, 0x5202, 0x49C2, 0x4982, 0x4142, 0x3922, 0x3102, 0x30E2, 0x28C2, 0x20A2, 0x2082, 0x1882, 0x1882, 0x1862, 0x1882, 0x1882,
  0x18A2, 0x20A2, 0x3962, 0x41A2, 0x41A2, 0x5222, 0x2922, 0x18A2, 0x1082, 0x1062, 0x0862, 0x0862, 0x1062, 0x0862, 0x0862, 0x0862,
  0x0862, 0x0862, 0x0862, 0x0862, 0x0862, 0x0862, 0x0862, 0x0862, 0x0862, 0x0862, 0x0862, 0x0862, 0x0862, 0x0862, 0x0862, 0x0862,
  0x0862, 0x0862, 0x0862, 0x0862, 0x0862, 0x0862, 0x0862, 0x0862, 0x0862, 0x0862, 0x0862, 0x0862, 0x0862, 0x0862, 0x0862, 0x0862,
  0x0862, 0x0862, 0x0862, 0x0862, 0x0862, 0x0862, 0x0862, 0x0862, 0x0862, 0x0862, 0x0862, 0x0862, 0x0862, 0x0862, 0x0862, 0x0862,
  0x0862, 0x0862, 0x0862, 0x0862, 0x0862, 0x0862, 0x0862, 0x0862, 0x0862, 0x0862, 0x0862, 0x0862, 0x0862, 0x0862, 0x0862, 0x0862,
  0x0862, 0x0862, 0x0862, 0x0862, 0x0862, 0x0862, 0x0862, 0x0862, 0x0862, 0x0862, 0x0862, 0x0862, 0x0862, 0x0862, 0x0862, 0x0862,
  0x0862, 0x0862, 0x0862, 0x0862, 0x0862, 0x0862, 0x0862, 0x0862, 0x0862, 0x0862, 0x0862, 0x0862, 0x0862, 0x0862, 0x0862, 0x0862,
  0x0862, 0x0862, 0x0862, 0x0862, 0x0862, 0x0862, 0x0862, 0x0862, 0x0862, 0x0862, 0x0862, 0x0862, 0x0862, 0x0862, 0x0862, 0x0862,
  0x0862, 0x0862, 0x0862, 0x0862, 0x0862, 0x0862, 0x0862, 0x0862, 0x0862, 0x0862, 0x0862, 0x0862, 0x0862, 0x0862, 0x0862, 0x0862,
  0x0862, 0x0862, 0x0862, 0x0862, 0x0862, 0x0862, 0x0862, 0x0862, 0x0862, 0x0862, 0x0862, 0x0862, 0x0862, 0x0862, 0x0862, 0x0862,
  0x0862, 0x0862, 0x0862, 0x0862, 0x0862, 0x0862, 0x0862, 0x0862, 0x0862, 0x0862, 0x0862, 0x0862, 0x0862, 0x0862, 0x0862, 0x0862,
  0x0862, 0x0862, 0x0862, 0x0862, 0x0862, 0x0862, 0x0862, 0x0862, 0x0862, 0x0862, 0x0862, 0x0862, 0x0862, 0x0862, 0x0862, 0x0862,
  0x0862, 0x0862, 0x0862, 0x0862, 0x0862, 0x0862, 0x0862, 0x0862, 0x0862, 0x0862, 0x1062, 0x0862, 0x1062, 0x1062, 0x1062, 0x1062,
  0x1062, 0x1062, 0x1062, 0x1062, 0x1062, 0x1062, 0x1062, 0x1862, 0x1862, 0x1882, 0x2082, 0x20A2, 0x28C2, 0x4142, 0x4962, 0x3922,
  0x4142, 0x4122, 0x40E2, 0x40E2, 0x4102, 0x4102, 0x4902, 0x48E2, 0x48E2, 0x4902, 0x5102, 0x5122, 0x5122, 0x5122, 0x5922, 0x5942,
  0x5942, 0x5942, 0x6162, 0x6982, 0x71A2, 0x79E2, 0x8222, 0x9A82, 0xB2C2, 0xCB22, 0xEBC2, 0xFC83, 0xFD23, 0xFDA4, 0xFDC4, 0xFDA4,
  0xFD84, 0xFD43, 0xFD03, 0xF4E3, 0xF4E3, 0xF4E3, 0xF4E3, 0xF503, 0xED03, 0xED23, 0xED23, 0xED23, 0xED23, 0xED23, 0xED23, 0xED23,
  0xED23, 0xED43, 0xED43, 0xED43, 0xED43, 0xED43, 0xED43, 0xED23, 0xED23, 0xED23, 0xED23, 0xED43, 0xED43, 0xED83, 0xF5C4, 0xFE44,
  0xFEC5, 0xFF25, 0xFF45, 0xFF25, 0xFEA5, 0xFE04, 0xFD63, 0xE4E3, 0xC463, 0xA3C3, 0x8342, 0x72E2, 0x6AA2, 0x6262, 0x5A22, 0x51E2,
  0x49A2, 0x4182, 0x4142, 0x3922, 0x3102, 0x28E2, 0x28C2, 0x28A2, 0x2082, 0x2082, 0x1882, 0x1862, 0x1862, 0x1882, 0x1882, 0x18A2,
  0x20C2, 0x3962, 0x41A2, 0x41A2, 0x5222, 0x3142, 0x18A2, 0x18A2, 0x1062, 0x1062, 0x1062, 0x1062, 0x0862, 0x0862, 0x0862, 0x0862,
  0x0862, 0x0862, 0x0862, 0x0862, 0x0862, 0x0862, 0x0862, 0x0862, 0x0862, 0x0862, 0x0862, 0x0862, 0x0862, 0x0862, 0x0862, 0x0862,
  0x0862, 0x0862, 0x0862, 0x0862, 0x0862, 0x0862, 0x0862, 0x0862, 0x0862, 0x0862, 0x0862, 0x0862, 0x0862, 0x0862, 0x0862, 0x0862,
  0x0862, 0x0862, 0x0862, 0x0862, 0x0862, 0x0862, 0x0862, 0x0862, 0x0862, 0x0862, 0x0862, 0x0862, 0x0862, 0x0862, 0x0862, 0x0862,
  0x0862, 0x0862, 0x0862, 0x0862, 0x0862, 0x0862, 0x0862, 0x0862, 0x0862, 0x0862, 0x0862, 0x0862, 0x0862, 0x0862, 0x0862, 0x0862,
  0x0862, 0x0862, 0x0862, 0x0862, 0x0862, 0x0862, 0x0862, 0x0862, 0x0862, 0x0862, 0x0862, 0x0862, 0x0862, 0x0862, 0x0862, 0x0862,
  0x0862, 0x0862, 0x0862, 0x0862, 0x0862, 0x0862, 0x0862, 0x0862, 0x0862, 0x0862, 0x0862, 0x0862, 0x0862, 0x0862, 0x0862, 0x0862,
  0x0862, 0x0862, 0x0862, 0x0862, 0x0862, 0x0862, 0x0862, 0x0862, 0x0862, 0x0862, 0x0862, 0x0862, 0x0862, 0x0862, 0x0862, 0x0862,
  0x0862, 0x0862, 0x0862, 0x0862, 0x0862, 0x0862, 0x0862, 0x0862, 0x0862, 0x0862, 0x0862, 0x0862, 0x0862, 0x0862, 0x0862, 0x0862,
  0x0862, 0x0862, 0x0862, 0x0862, 0x0862, 0x0862, 0x0862, 0x0862, 0x0862, 0x0862, 0x0862, 0x0862, 0x0862, 0x0862, 0x0862, 0x0862,
  0x0862, 0x0862, 0x0862, 0x0862, 0x0862, 0x0862, 0x0862, 0x0862, 0x0862, 0x0862, 0x0862, 0x0862, 0x0862, 0x0862, 0x0862, 0x0862,
  0x0862, 0x0862, 0x0862, 0x0862, 0x0862, 0x0862, 0x0862, 0x0862, 0x0862, 0x0862, 0x0862, 0x0862, 0x0862, 0x0862, 0x0862, 0x0862,
  0x0862, 0x0862, 0x0862, 0x0862, 0x0862, 0x0862, 0x0862, 0x0862, 0x0862, 0x0862, 0x0862, 0x1062, 0x0862, 0x1062, 0x1062, 0x1062,
  0x1062, 0x1062, 0x1062, 0x1062, 0x1062, 0x1062, 0x1062, 0x1062, 0x1862, 0x1862, 0x1882, 0x2082, 0x2082, 0x28A2, 0x3942, 0x4982,
  0x3922, 0x4142, 0x4122, 0x38E2, 0x38E2, 0x40E2, 0x40E2, 0x40E2, 0x48E2, 0x48E2, 0x4902, 0x4902, 0x5102, 0x5122, 0x5122, 0x5942,
  0x5942, 0x5942, 0x5942, 0x6142, 0x6162, 0x6182, 0x69A2, 0x71C2, 0x7A02, 0x8A42, 0xA282, 0xBAE2, 0xD362, 0xEBE2, 0xF463, 0xFD03,
  0xFD84, 0xFDE4, 0xFE04, 0xFE04, 0xFDE4, 0xFDA4, 0xFD63, 0xFD43, 0xFD23, 0xFD23, 0xF503, 0xF503, 0xF4E3, 0xF4E3, 0xF4E3, 0xF4E3,
  0xF4E2, 0xF502, 0xF502, 0xF503, 0xF523, 0xFD23, 0xFD43, 0xFD84, 0xFDC4, 0xFE04, 0xFE44, 0xFEA5, 0xFEE5, 0xFF25, 0xFF45, 0xFF25,
  0xFEC5, 0xFE44, 0xFDC4, 0xFD43, 0xECC3, 0xCC63, 0xABC3, 0x8B42, 0x72C2, 0x6A82, 0x6262, 0x5A22, 0x59E2, 0x51C2, 0x4982, 0x4162,
  0x4142, 0x3922, 0x30E2, 0x28E2, 0x28C2, 0x28A2, 0x2082, 0x2082, 0x1882, 0x1882, 0x1862, 0x1862, 0x1882, 0x1882, 0x18A2, 0x20C2,
  0x3982, 0x41A2, 0x41A2, 0x5222, 0x3142, 0x18A2, 0x18A2, 0x1062, 0x1062, 0x0862, 0x1062, 0x0862, 0x0862, 0x0862, 0x0862, 0x0862,
  0x0862, 0x0862, 0x0862, 0x0862, 0x0862, 0x0862, 0x0862, 0x0862, 0x0862, 0x0862, 0x0862, 0x0862, 0x0862, 0x0862, 0x0862, 0x0862,
  0x0862, 0x0862, 0x0862, 0x0862, 0x0862, 0x0862, 0x0862, 0x0862, 0x0862, 0x0862, 0x0862, 0x0862, 0x0862, 0x0862, 0x0862, 0x0862,
  0x0862, 0x0862, 0x0862, 0x0862, 0x0862, 0x0862, 0x0862, 0x0862, 0x0862, 0x0862, 0x0862, 0x0862, 0x0862, 0x0862, 0x0862, 0x0862,
  0x0862, 0x0862, 0x0862, 0x0862, 0x0862, 0x0862, 0x0862, 0x0862, 0x0862, 0x0862, 0x0862, 0x0862, 0x0862, 0x0862, 0x0862, 0x0862,
  0x0862, 0x0862, 0x0862, 0x0862, 0x0862, 0x0862, 0x0862, 0x0862, 0x0862, 0x0862, 0x0862, 0x0862, 0x0862, 0x0862, 0x0862, 0x0862,
  0x0862, 0x0862, 0x0862, 0x0862, 0x0862, 0x0862, 0x0862, 0x0862, 0x0862, 0x0862, 0x0862, 0x0862, 0x0862, 0x0862, 0x0862, 0x0862,
  0x0862, 0x0862, 0x0862, 0x0862, 0x0862, 0x0862, 0x0862, 0x0862, 0x0862, 0x0862, 0x0862, 0x0862, 0x0862, 0x0862, 0x0862, 0x0862,
  0x0862, 0x0862, 0x0862, 0x0862, 0x0862, 0x0862, 0x0862, 0x0862, 0x0862, 0x0862, 0x0862, 0x0862, 0x0862, 0x0862, 0x0862, 0x0862,
  0x0862, 0x0862, 0x0862, 0x0862, 0x0862, 0x0862, 0x0862, 0x0862, 0x0862, 0x0862, 0x0862, 0x0862, 0x0862, 0x0862, 0x0862, 0x0862,
  0x0862, 0x0862, 0x0862, 0x0862, 0x0862, 0x0862, 0x0862, 0x0862, 0x0862, 0x0862, 0x0862, 0x0862, 0x0862, 0x0862, 0x0862, 0x0862,
  0x0862, 0x0862, 0x0862, 0x0862, 0x0862, 0x0862, 0x0862, 0x0862, 0x0862, 0x0862, 0x0862, 0x0862, 0x0862, 0x0862, 0x0862, 0x0862,
  0x0862, 0x0862, 0x0862, 0x0862, 0x0862, 0x0862, 0x0862, 0x0862, 0x0862, 0x0862, 0x0862, 0x0862, 0x1062, 0x0862, 0x1062, 0x1062,
  0x1062, 0x1062, 0x1062, 0x1062, 0x1062, 0x1062, 0x1062, 0x1062, 0x1062, 0x1862, 0x1862, 0x1882, 0x1882, 0x2082, 0x28A2, 0x3922,
  0x4982, 0x3922, 0x3922, 0x4122, 0x38E2, 0x38C2, 0x38C2, 0x38C2, 0x40E2, 0x40E2, 0x4902, 0x4902, 0x4902, 0x4902, 0x5102, 0x5102,
  0x5122, 0x5922, 0x5922, 0x5942, 0x6142, 0x6162, 0x6162, 0x6982, 0x6982, 0x71A2, 0x79C2, 0x8202, 0x9242, 0xAAA2, 0xBB02, 0xD362,
  0xE3E2, 0xF443, 0xFCC3, 0xFD43, 0xFDA4, 0xFE04, 0xFE24, 0xFE44, 0xFE64, 0xFE64, 0xFE84, 0xFE84, 0xFE84, 0xFE85, 0xFE85, 0xFE86,
  0xFE87, 0xFEA8, 0xFEE8, 0xFF07, 0xFF27, 0xFF26, 0xFF25, 0xFF05, 0xFF05, 0xFEE5, 0xFEE5, 0xFEA5, 0xFE64, 0xFE04, 0xFD84, 0xFD23,
  0xF4C3, 0xDC83, 0xC403, 0xA383, 0x8302, 0x72A2, 0x6262, 0x6242, 0x5A02, 0x59E2, 0x51C2, 0x49A2, 0x4162, 0x4142, 0x3922, 0x3902,
  0x30E2, 0x30C2, 0x28C2, 0x28A2, 0x2082, 0x2082, 0x2082, 0x1882, 0x1862, 0x1862, 0x1862, 0x1882, 0x1882, 0x18A2, 0x28E2, 0x41A2,
  0x41A2, 0x41C2, 0x5A22, 0x3122, 0x18A2, 0x18A2, 0x1082, 0x1062, 0x0862, 0x1062, 0x0862, 0x0862, 0x0862, 0x0862, 0x0862, 0x0862,
  0x0862, 0x0862, 0x0862, 0x0862, 0x0862, 0x0862, 0x0862, 0x0862, 0x0862, 0x0862, 0x0862, 0x0862, 0x0862, 0x0862, 0x0862, 0x0862,
  0x0862, 0x0862, 0x0862, 0x0862, 0x0862, 0x0862, 0x0862, 0x0862, 0x0862, 0x0862, 0x0862, 0x0862, 0x0862, 0x0862, 0x0862, 0x0862,
  0x0862, 0x0862, 0x0862, 0x0862, 0x0862, 0x0862, 0x0862, 0x0862, 0x0862, 0x0862, 0x0862, 0x0862, 0x0862, 0x0862, 0x0862, 0x0862,
  0x0862, 0x0862, 0x0862, 0x0862, 0x0862, 0x0862, 0x0862, 0x0862, 0x0862, 0x0862, 0x0862, 0x0862, 0x0862, 0x0862, 0x0862, 0x0862,
  0x0862, 0x0862, 0x0862, 0x0862, 0x0862, 0x0862, 0x0862, 0x0862, 0x0862, 0x0862, 0x0862, 0x0862, 0x0862, 0x0862, 0x0862, 0x0862,
  0x0862, 0x0862, 0x0862, 0x0862, 0x0862, 0x0862, 0x0862, 0x0862, 0x0862, 0x0862, 0x0862, 0x0862, 0x0862, 0x0862, 0x0862, 0x0862,
  0x0862, 0x0862, 0x0862, 0x0862, 0x0862, 0x0862, 0x0862, 0x0862, 0x0862, 0x0862, 0x0862, 0x0862, 0x0862, 0x0862, 0x0862, 0x0862,
  0x0862, 0x0862, 0x0862, 0x0862, 0x0862, 0x0862, 0x0862, 0x0862, 0x0862, 0x0862, 0x0862, 0x0862, 0x0862, 0x0862, 0x0862, 0x0862,
  0x0862, 0x0862, 0x0862, 0x0862, 0x0862, 0x0862, 0x0862, 0x0862, 0x0862, 0x0862, 0x0862, 0x0862, 0x0862, 0x0862, 0x0862, 0x0862,
  0x0862, 0x0862, 0x0862, 0x0862, 0x0862, 0x0862, 0x0862, 0x0862, 0x0862, 0x0862, 0x0862, 0x0862, 0x0862, 0x0862, 0x0862, 0x0862,
  0x0862, 0x0862, 0x0862, 0x0862, 0x0862, 0x0862, 0x0862, 0x0862, 0x0862, 0x0862, 0x0862, 0x0862, 0x0862, 0x0862, 0x0862, 0x0862,
  0x0862, 0x0862, 0x0862, 0x0862, 0x0862, 0x0862, 0x0862, 0x0862, 0x0862, 0x0862, 0x0862, 0x0862, 0x0862, 0x1062, 0x1062, 0x0862,
  0x1062, 0x1062, 0x1062, 0x1062, 0x1062, 0x1062, 0x1062, 0x1062, 0x1062, 0x1062, 0x1062, 0x1862, 0x1862, 0x1882, 0x2082, 0x20A2,
  0x3102, 0x4982, 0x3942, 0x3902, 0x4122, 0x38E2, 0x30C2, 0x30C2, 0x38C2, 0x38C2, 0x38C2, 0x40E2, 0x40E2, 0x4902, 0x4902, 0x5102,
  0x5102, 0x5122, 0x5122, 0x5122, 0x5122, 0x5942, 0x5942, 0x5942, 0x6142, 0x6162, 0x6162, 0x6982, 0x6982, 0x71C2, 0x79E2, 0x8A22,
  0x9A62, 0xAAA2, 0xBB02, 0xCB62, 0xDBA2, 0xE402, 0xEC43, 0xF4A3, 0xF4E3, 0xFD23, 0xFD64, 0xFDE4, 0xFE44, 0xFEA6, 0xFEE8, 0xFF2A,
  0xFF2B, 0xFF0B, 0xFEEA, 0xFEA9, 0xFE68, 0xFE06, 0xFDA4, 0xFD63, 0xFD23, 0xFCE3, 0xF4C3, 0xEC83, 0xDC43, 0xCC03, 0xB3C3, 0x9B63,
  0x8302, 0x72A2, 0x6242, 0x5A22, 0x5A02, 0x59E2, 0x51C2, 0x49A2, 0x4982, 0x4162, 0x4142, 0x3922, 0x3922, 0x3102, 0x30E2, 0x28C2,
  0x28C2, 0x28A2, 0x2082, 0x2082, 0x2082, 0x1882, 0x1882, 0x1862, 0x1862, 0x1882, 0x1882, 0x1882, 0x18A2, 0x2902, 0x41A2, 0x4182,
  0x49E2, 0x5222, 0x2922, 0x18A2, 0x18A2, 0x1062, 0x1062, 0x0862, 0x1062, 0x0862, 0x0862, 0x0862, 0x0862, 0x0862, 0x0862, 0x0862,
  0x0862, 0x0862, 0x0862, 0x0862, 0x0862, 0x0862, 0x0862, 0x0862, 0x0862, 0x0862, 0x0862, 0x0862, 0x0862, 0x0862, 0x0862, 0x0862,
  0x0862, 0x0862, 0x0862, 0x0862, 0x0862, 0x0862, 0x0862, 0x0862, 0x0862, 0x0862, 0x0862, 0x0862, 0x0862, 0x0862, 0x0862, 0x0862,
  0x0862, 0x0862, 0x0862, 0x0862, 0x0862, 0x0862, 0x0862, 0x0862, 0x0862, 0x0862, 0x0862, 0x0862, 0x0862, 0x0862, 0x0862, 0x0862,
  0x0862, 0x0862, 0x0862, 0x0862, 0x0862, 0x0862, 0x0862, 0x0862, 0x0862, 0x0862, 0x0862, 0x0862, 0x0862, 0x0862, 0x0862, 0x0862,
  0x0862, 0x0862, 0x0862, 0x0862, 0x0862, 0x0862, 0x0862, 0x0862, 0x0862, 0x0862, 0x0862, 0x0862, 0x0862, 0x0862, 0x0862, 0x0862,
  0x0862, 0x0862, 0x0862, 0x0862, 0x0862, 0x0862, 0x0862, 0x0862, 0x0862, 0x0862, 0x0862, 0x0862, 0x0862, 0x0862, 0x0862, 0x0862,
  0x0862, 0x0862, 0x0862, 0x0862, 0x0862, 0x0862, 0x0862, 0x0862, 0x0862, 0x0862, 0x0862, 0x0862, 0x0862, 0x0862, 0x0862, 0x0862,
  0x0862, 0x0862, 0x0862, 0x0862, 0x0862, 0x0862, 0x0862, 0x0862, 0x0862, 0x0862, 0x0862, 0x0862, 0x0862, 0x0862, 0x0862, 0x0862,
  0x0862, 0x0862, 0x0862, 0x0862, 0x0862, 0x0862, 0x0862, 0x0862, 0x0862, 0x0862, 0x0862, 0x0862, 0x0862, 0x0862, 0x0862, 0x0862,
  0x0862, 0x0862, 0x0862, 0x0862, 0x0862, 0x0862, 0x0862, 0x0862, 0x0862, 0x0862, 0x0862, 0x0862, 0x0862, 0x0862, 0x0862, 0x0862,
  0x0862, 0x0862, 0x0862, 0x0862, 0x0862, 0x0862, 0x0862, 0x0862, 0x0862, 0x0862, 0x0862, 0x0862, 0x0862, 0x0862, 0x0862, 0x0862,
  0x0862, 0x0862, 0x0862, 0x0862, 0x0862, 0x0862, 0x0862, 0x0862, 0x0862, 0x0862, 0x0862, 0x0862, 0x0862, 0x0862, 0x0862, 0x1062,
  0x0862, 0x1062, 0x1062, 0x1062, 0x1062, 0x1062, 0x1062, 0x1062, 0x1062, 0x1062, 0x1062, 0x1062, 0x1862, 0x1862, 0x1882, 0x2082,
  0x20A2, 0x28E2, 0x4162, 0x4162, 0x3102, 0x3922, 0x3902, 0x30C2, 0x30C2, 0x30C2, 0x30C2, 0x30C2, 0x38C2, 0x38C2, 0x40E2, 0x40E2,
  0x4902, 0x4902, 0x5122, 0x5122, 0x5122, 0x5922, 0x5942, 0x5942, 0x5942, 0x5942, 0x5942, 0x5942, 0x6142, 0x6142, 0x6162, 0x6162,
  0x6982, 0x6982, 0x71A2, 0x79E2, 0x8A02, 0x9242, 0xA282, 0xB2E2, 0xC322, 0xD362, 0xDBA2, 0xDBC2, 0xDBE2, 0xDBE3, 0xDBE3, 0xD3E2,
  0xD3C2, 0xCBA2, 0xC3A2, 0xC382, 0xBB62, 0xB362, 0xB362, 0xAB42, 0xA322, 0x9302, 0x82C2, 0x72A2, 0x6A62, 0x6222, 0x5A02, 0x51E2,
  0x51C2, 0x51C2, 0x51A2, 0x4982, 0x4982, 0x4162, 0x4142, 0x4142, 0x3922, 0x3902, 0x3102, 0x30E2, 0x30C2, 0x28C2, 0x28A2, 0x20A2,
  0x2082, 0x2082, 0x2082, 0x1882, 0x1882, 0x1862, 0x1862, 0x1862, 0x1882, 0x1882, 0x1882, 0x20C2, 0x3142, 0x41A2, 0x3982, 0x5202,
  0x5202, 0x2902, 0x18A2, 0x18A2, 0x1062, 0x1062, 0x1062, 0x0862, 0x1062, 0x0862, 0x0862, 0x0862, 0x0862, 0x0862, 0x0862, 0x0862,
  0x0862, 0x0862, 0x0862, 0x0862, 0x0862, 0x0862, 0x0862, 0x0862, 0x0862, 0x0862, 0x0862, 0x0862, 0x0862, 0x0862, 0x0862, 0x0862,
  0x0862, 0x0862, 0x0862, 0x0862, 0x0862, 0x0862, 0x0862, 0x0862, 0x0862, 0x0862, 0x0862, 0x0862, 0x0862, 0x0862, 0x0862, 0x0862,
  0x0862, 0x0862, 0x0862, 0x0862, 0x0862, 0x0862, 0x0862, 0x0862, 0x0862, 0x0862, 0x0862, 0x0862, 0x0862, 0x0862, 0x0862, 0x0862,
  0x0862, 0x0862, 0x0862, 0x0862, 0x0862, 0x0862, 0x0862, 0x0862, 0x0862, 0x0862, 0x0862, 0x0862, 0x0862, 0x0862, 0x0862, 0x0862,
  0x0862, 0x0862, 0x0862, 0x0862, 0x0862, 0x0862, 0x0862, 0x0862, 0x0862, 0x0862, 0x0862, 0x0862, 0x0862, 0x0862, 0x0862, 0x0862,
  0x0862, 0x0862, 0x0862, 0x0862, 0x0862, 0x0862, 0x0862, 0x0862, 0x0862, 0x0862, 0x0862, 0x0862, 0x0862, 0x0862, 0x0862, 0x0862,
  0x0862, 0x0862, 0x0862, 0x0862, 0x0862, 0x0862, 0x0862, 0x0862, 0x0862, 0x0862, 0x0862, 0x0862, 0x0862, 0x0862, 0x0862, 0x0862,
  0x0862, 0x0862, 0x0862, 0x0862, 0x0862, 0x0862, 0x0862, 0x0862, 0x0862, 0x0862, 0x0862, 0x0862, 0x0862, 0x0862, 0x0862, 0x0862,
  0x0862, 0x0862, 0x0862, 0x0862, 0x0862, 0x0862, 0x0862, 0x0862, 0x0862, 0x0862, 0x0862, 0x0862, 0x0862, 0x0862, 0x0862, 0x0862,
  0x0862, 0x0862, 0x0862, 0x0862, 0x0862, 0x0862, 0x0862, 0x0862, 0x0862, 0x0862, 0x0862, 0x0862, 0x0862, 0x0862, 0x0862, 0x0862,
  0x0862, 0x0862, 0x0862, 0x0862, 0x0862, 0x0862, 0x0862, 0x0862, 0x0862, 0x0862, 0x0862, 0x0862, 0x0862, 0x0862, 0x0862, 0x0862,
  0x0862, 0x0862, 0x0862, 0x0862, 0x0862, 0x0862, 0x0862, 0x0862, 0x0862, 0x0862, 0x0862, 0x0862, 0x0862, 0x0862, 0x0862, 0x0862,
  0x1062, 0x0862, 0x1062, 0x1062, 0x1062, 0x1062, 0x1062, 0x1062, 0x1062, 0x1062, 0x1062, 0x1062, 0x1062, 0x1062, 0x1862, 0x1882,
  0x1882, 0x2082, 0x28C2, 0x3942, 0x4182, 0x3902, 0x3902, 0x3922, 0x30C2, 0x28A2, 0x28A2, 0x30A2, 0x30A2, 0x30A2, 0x30A2, 0x30A2,
  0x38C2, 0x38C2, 0x40E2, 0x40E2, 0x4902, 0x4902, 0x5122, 0x5122, 0x5922, 0x5922, 0x5942, 0x5942, 0x6142, 0x6142, 0x6162, 0x6962,
  0x6962, 0x6982, 0x7182, 0x7182, 0x71A2, 0x71A2, 0x79C2, 0x79C2, 0x71C2, 0x71E2, 0x71E2, 0x71E2, 0x69E2, 0x69E2, 0x69E2, 0x6A02,
  0x6A02, 0x6A02, 0x6A02, 0x6202, 0x6202, 0x59E2, 0x59C2, 0x51C2, 0x51A2, 0x51A2, 0x49A2, 0x4982, 0x4982, 0x4982, 0x4982, 0x4962,
  0x4162, 0x4142, 0x4122, 0x3922, 0x3922, 0x3902, 0x3902, 0x30E2, 0x30E2, 0x28C2, 0x28C2, 0x28A2, 0x28A2, 0x2082, 0x2082, 0x2082,
  0x2082, 0x1882, 0x1862, 0x1862, 0x1862, 0x1862, 0x1862, 0x1882, 0x1882, 0x18A2, 0x20E2, 0x3982, 0x41A2, 0x41A2, 0x5A22, 0x49E2,
  0x20E2, 0x18A2, 0x1882, 0x1062, 0x1062, 0x1062, 0x0862, 0x1062, 0x0862, 0x0862, 0x0862, 0x0862, 0x0862, 0x0862, 0x0862, 0x0862,
  0x0862, 0x0862, 0x0862, 0x0862, 0x0862, 0x0862, 0x0862, 0x0862, 0x0862, 0x0862, 0x0862, 0x0862, 0x0862, 0x0862, 0x0862, 0x0862,
  0x0862, 0x0862, 0x0862, 0x0862, 0x0862, 0x0862, 0x0862, 0x0862, 0x0862, 0x0862, 0x0862, 0x0862, 0x0862, 0x0862, 0x0862, 0x0862,
  0x0862, 0x0862, 0x0862, 0x0862, 0x0862, 0x0862, 0x0862, 0x0862, 0x0862, 0x0862, 0x0862, 0x0862, 0x0862, 0x0862, 0x0862, 0x0862,
  0x0862, 0x0862, 0x0862, 0x0862, 0x0862, 0x0862, 0x0862, 0x0862, 0x0862, 0x0862, 0x0862, 0x0862, 0x0862, 0x0862, 0x0862, 0x0862,
  0x0862, 0x0862, 0x0862, 0x0862, 0x0862, 0x0862, 0x0862, 0x0862, 0x0862, 0x0862, 0x0862, 0x0862, 0x0862, 0x0862, 0x0862, 0x0862,
  0x0862, 0x0862, 0x0862, 0x0862, 0x0862, 0x0862, 0x0862, 0x0862, 0x0862, 0x0862, 0x0862, 0x0862, 0x0862, 0x0862, 0x0862, 0x0862,
  0x0862, 0x0862, 0x0862, 0x0862, 0x0862, 0x0862, 0x0862, 0x0862, 0x0862, 0x0862, 0x0862, 0x0862, 0x0862, 0x0862, 0x0862, 0x0862,
  0x0862, 0x0862, 0x0862, 0x0862, 0x0862, 0x0862, 0x0862, 0x0862, 0x0862, 0x0862, 0x0862, 0x0862, 0x0862, 0x0862, 0x0862, 0x0862,
  0x0862, 0x0862, 0x0862, 0x0862, 0x0862, 0x0862, 0x0862, 0x0862, 0x0862, 0x0862, 0x0862, 0x0862, 0x0862, 0x0862, 0x0862, 0x0862,
  0x0862, 0x0862, 0x0862, 0x0862, 0x0862, 0x0862, 0x0862, 0x0862, 0x0862, 0x0862, 0x0862, 0x0862, 0x0862, 0x0862, 0x0862, 0x0862,
  0x0862, 0x0862, 0x0862, 0x0862, 0x0862, 0x0862, 0x0862, 0x0862, 0x0862, 0x0862, 0x0862, 0x0862, 0x0862, 0x0862, 0x0862, 0x0862,
  0x0862, 0x0862, 0x0862, 0x0862, 0x0862, 0x0862, 0x0862, 0x0862, 0x0862, 0x0862, 0x0862, 0x0862, 0x0862, 0x0862, 0x0862, 0x0862,
  0x0862, 0x1062, 0x0862, 0x0862, 0x1062, 0x1062, 0x1062, 0x1062, 0x1062, 0x1062, 0x1062, 0x1062, 0x1062, 0x1062, 0x1062, 0x1862,
  0x1882, 0x1882, 0x2082, 0x20A2, 0x3122, 0x4182, 0x3942, 0x3102, 0x3922, 0x3102, 0x28A2, 0x28A2, 0x28A2, 0x28A2, 0x28A2, 0x28A2,
  0x30A2, 0x30A2, 0x30A2, 0x30A2, 0x38A2, 0x38C2, 0x38C2, 0x40E2, 0x40E2, 0x40E2, 0x48E2, 0x4902, 0x4902, 0x4902, 0x5102, 0x5102,
  0x5102, 0x5122, 0x5102, 0x5122, 0x5102, 0x4902, 0x4902, 0x4902, 0x4902, 0x4902, 0x4922, 0x4922, 0x4922, 0x4922, 0x4922, 0x4922,
  0x4922, 0x4122, 0x4142, 0x4142, 0x4142, 0x4142, 0x4142, 0x4142, 0x4142, 0x4122, 0x4122, 0x4122, 0x3922, 0x3902, 0x3902, 0x3902,
  0x30E2, 0x30E2, 0x30E2, 0x30E2, 0x30C2, 0x30C2, 0x28C2, 0x28A2, 0x28A2, 0x20A2, 0x2082, 0x2082, 0x2082, 0x2082, 0x2082, 0x1882,
  0x1862, 0x1862, 0x1862, 0x1862, 0x1862, 0x1882, 0x1882, 0x1882, 0x20A2, 0x2902, 0x41A2, 0x4182, 0x49C2, 0x5A42, 0x41A2, 0x20C2,
  0x18A2, 0x1082, 0x1062, 0x1062, 0x1062, 0x1062, 0x1062, 0x1062, 0x0862, 0x0862, 0x0862, 0x0862, 0x0862, 0x0862, 0x0862, 0x0862,
  0x0862, 0x0862, 0x0862, 0x0862, 0x0862, 0x0862, 0x0862, 0x0862, 0x0862, 0x0862, 0x0862, 0x0862, 0x0862, 0x0862, 0x0862, 0x0862,
  0x0862, 0x0862, 0x0862, 0x0862, 0x0862, 0x0862, 0x0862, 0x0862, 0x0862, 0x0862, 0x0862, 0x0862, 0x0862, 0x0862, 0x0862, 0x0862,
  0x0862, 0x0862, 0x0862, 0x0862, 0x0862, 0x0862, 0x0862, 0x0862, 0x0862, 0x0862, 0x0862, 0x0862, 0x0862, 0x0862, 0x0862, 0x0862,
  0x0862, 0x0862, 0x0862, 0x0862, 0x0862, 0x0862, 0x0862, 0x0862, 0x0862, 0x0862, 0x0862, 0x0862, 0x0862, 0x0862, 0x0862, 0x0862,
  0x0862, 0x0862, 0x0862, 0x0862, 0x0862, 0x0862, 0x0862, 0x0862, 0x0862, 0x0862, 0x0862, 0x0862, 0x0862, 0x0862, 0x0862, 0x0862,
  0x0862, 0x0862, 0x0862, 0x0862, 0x0862, 0x0862, 0x0862, 0x0862, 0x0862, 0x0862, 0x0862, 0x0862, 0x0862, 0x0862, 0x0862, 0x0862,
  0x0862, 0x0862, 0x0862, 0x0862, 0x0862, 0x0862, 0x0862, 0x0862, 0x0862, 0x0862, 0x0862, 0x0862, 0x0862, 0x0862, 0x0862, 0x0862,
  0x0862, 0x0862, 0x0862, 0x0862, 0x0862, 0x0862, 0x0862, 0x0862, 0x0862, 0x0862, 0x0862, 0x0862, 0x0862, 0x0862, 0x0862, 0x0862,
  0x0862, 0x0862, 0x0862, 0x0862, 0x0862, 0x0862, 0x0862, 0x0862, 0x0862, 0x0862, 0x0862, 0x0862, 0x0862, 0x0862, 0x0862, 0x0862,
  0x0862, 0x0862, 0x0862, 0x0862, 0x0862, 0x0862, 0x0862, 0x0862, 0x0862, 0x0862, 0x0862, 0x0862, 0x0862, 0x0862, 0x0862, 0x0862,
  0x0862, 0x0862, 0x0862, 0x0862, 0x0862, 0x0862, 0x0862, 0x0862, 0x0862, 0x0862, 0x0862, 0x0862, 0x0862, 0x0862, 0x0862, 0x0862,
  0x0862, 0x0862, 0x0862, 0x0862, 0x0862, 0x0862, 0x0862, 0x0862, 0x0862, 0x0862, 0x0862, 0x0862, 0x0862, 0x0862, 0x0862, 0x0862,
  0x0862, 0x0862, 0x0862, 0x1062, 0x0862, 0x1062, 0x1062, 0x1062, 0x1062, 0x1062, 0x1062, 0x1062, 0x1062, 0x1062, 0x1062, 0x1062,
  0x1062, 0x1862, 0x1882, 0x1882, 0x2082, 0x28E2, 0x4162, 0x4162, 0x3102, 0x3102, 0x3922, 0x30E2, 0x28A2, 0x28A2, 0x2882, 0x2882,
  0x2882, 0x2882, 0x28A2, 0x28A2, 0x30A2, 0x30A2, 0x30A2, 0x30A2, 0x30A2, 0x30A2, 0x38C2, 0x38C2, 0x38C2, 0x38C2, 0x38C2, 0x38C2,
  0x38C2, 0x38C2, 0x38C2, 0x38C2, 0x38C2, 0x38C2, 0x38C2, 0x38C2, 0x38C2, 0x38C2, 0x38C2, 0x38C2, 0x38C2, 0x38C2, 0x38E2, 0x38E2,
  0x38E2, 0x38E2, 0x38E2, 0x38E2, 0x38E2, 0x38E2, 0x38E2, 0x30E2, 0x30E2, 0x30E2, 0x30E2, 0x30C2, 0x30C2, 0x30C2, 0x30C2, 0x30C2,
  0x30C2, 0x28C2, 0x28A2, 0x28A2, 0x28A2, 0x2082, 0x2082, 0x2082, 0x2082, 0x2082, 0x2082, 0x2082, 0x1882, 0x1882, 0x1862, 0x1862,
  0x1862, 0x1862, 0x1862, 0x1862, 0x1882, 0x1882, 0x20A2, 0x28E2, 0x3962, 0x41A2, 0x3982, 0x5202, 0x5A42, 0x3142, 0x18C2, 0x18A2,
  0x1082, 0x1062, 0x1062, 0x1062, 0x1062, 0x1062, 0x1062, 0x0862, 0x0862, 0x0862, 0x0862, 0x0862, 0x0862, 0x0862, 0x0862, 0x0862,
  0x0862, 0x0862, 0x0862, 0x0862, 0x0862, 0x0862, 0x0862, 0x0862, 0x0862, 0x0862, 0x0862, 0x0862, 0x0862, 0x0862, 0x0862, 0x0862,
  0x0862, 0x0862, 0x0862, 0x0862, 0x0862, 0x0862, 0x0862, 0x0862, 0x0862, 0x0862, 0x0862, 0x0862, 0x0862, 0x0862, 0x0862, 0x0862,
  0x0862, 0x0862, 0x0862, 0x0862, 0x0862, 0x0862, 0x0862, 0x0862, 0x0862, 0x0862, 0x0862, 0x0862, 0x0862, 0x0862, 0x0862, 0x0862,
  0x0862, 0x0862, 0x0862, 0x0862, 0x0862, 0x0862, 0x0862, 0x0862, 0x0862, 0x0862, 0x0862, 0x0862, 0x0862, 0x0862, 0x0862, 0x0862,
  0x0862, 0x0862, 0x0862, 0x0862, 0x0862, 0x0862, 0x0862, 0x0862, 0x0862, 0x0862, 0x0862, 0x0862, 0x0862, 0x0862, 0x0862, 0x0862,
  0x0862, 0x0862, 0x0862, 0x0862, 0x0862, 0x0862, 0x0862, 0x0862, 0x0862, 0x0862, 0x0862, 0x0862, 0x0862, 0x0862, 0x0862, 0x0862,
  0x0862, 0x0862, 0x0862, 0x0862, 0x0862, 0x0862, 0x0862, 0x0862, 0x0862, 0x0862, 0x0862, 0x0862, 0x0862, 0x0862, 0x0862, 0x0862,
  0x0862, 0x0862, 0x0862, 0x0862, 0x0862, 0x0862, 0x0862, 0x0862, 0x0862, 0x0862, 0x0862, 0x0862, 0x0862, 0x0862, 0x0862, 0x0862,
  0x0862, 0x0862, 0x0862, 0x0862, 0x0862, 0x0862, 0x0862, 0x0862, 0x0862, 0x0862, 0x0862, 0x0862, 0x0862, 0x0862, 0x0862, 0x0862,
  0x0862, 0x0862, 0x0862, 0x0862, 0x0862, 0x0862, 0x0862, 0x0862, 0x0862, 0x0862, 0x0862, 0x0862, 0x0862, 0x0862, 0x0862, 0x0862,
  0x0862, 0x0862, 0x0862, 0x0862, 0x0862, 0x0862, 0x0862, 0x0862, 0x0862, 0x0862, 0x0862, 0x0862, 0x0862, 0x0862, 0x0862, 0x0862,
  0x0862, 0x0862, 0x0862, 0x0862, 0x0862, 0x0862, 0x0862, 0x0862, 0x0862, 0x0862, 0x0862, 0x0862, 0x0862, 0x0862, 0x0862, 0x0862,
  0x0862, 0x0862, 0x0862, 0x0862, 0x1062, 0x1062, 0x0862, 0x1062, 0x1062, 0x1062, 0x1062, 0x1062, 0x1062, 0x1062, 0x1062, 0x1062,
  0x1062, 0x1062, 0x1862, 0x1882, 0x1882, 0x2082, 0x20A2, 0x3122, 0x4182, 0x3942, 0x3102, 0x3122, 0x3102, 0x28C2, 0x2082, 0x2082,
  0x2882, 0x2082, 0x2082, 0x2082, 0x2882, 0x2882, 0x2882, 0x2882, 0x2882, 0x28A2, 0x30A2, 0x30A2, 0x30A2, 0x30A2, 0x30A2, 0x30A2,
  0x30A2, 0x30A2, 0x30A2, 0x30A2, 0x30A2, 0x30A2, 0x30A2, 0x30A2, 0x30A2, 0x30A2, 0x30A2, 0x30A2, 0x30A2, 0x30A2, 0x30A2, 0x30A2,
  0x30A2, 0x30A2, 0x30A2, 0x30A2, 0x30A2, 0x28A2, 0x28A2, 0x28A2, 0x28A2, 0x28A2, 0x28A2, 0x28A2, 0x28A2, 0x28A2, 0x28A2, 0x28A2,
  0x2882, 0x2082, 0x2082, 0x2082, 0x2082, 0x2082, 0x2082, 0x2082, 0x1882, 0x1882, 0x1882, 0x1862, 0x1862, 0x1862, 0x1862, 0x1862,
  0x1862, 0x1862, 0x1882, 0x1882, 0x1882, 0x20C2, 0x3122, 0x41A2, 0x41A2, 0x41C2, 0x5A42, 0x5202, 0x2902, 0x18A2, 0x18A2, 0x1082,
  0x1062, 0x1062, 0x1062, 0x1062, 0x1062, 0x0862, 0x1062, 0x0862, 0x0862, 0x0862, 0x0862, 0x0862, 0x0862, 0x0862, 0x0862, 0x0862,
  0x0862, 0x0862, 0x0862, 0x0862, 0x0862, 0x0862, 0x0862, 0x0862, 0x0862, 0x0862, 0x0862, 0x0862, 0x0862, 0x0862, 0x0862, 0x0862,
  0x0862, 0x0862, 0x0862, 0x0862, 0x0862, 0x0862, 0x0862, 0x0862, 0x0862, 0x0862, 0x0862, 0x0862, 0x0862, 0x0862, 0x0862, 0x0862,
  0x0862, 0x0862, 0x0862, 0x0862, 0x0862, 0x0862, 0x0862, 0x0862, 0x0862, 0x0862, 0x0862, 0x0862, 0x0862, 0x0862, 0x0862, 0x0862,
  0x0862, 0x0862, 0x0862, 0x0862, 0x0862, 0x0862, 0x0862, 0x0862, 0x0862, 0x0862, 0x0862, 0x0862, 0x0862, 0x0862, 0x0862, 0x0862,
  0x0862, 0x0862, 0x0862, 0x0862, 0x0862, 0x0862, 0x0862, 0x0862, 0x0862, 0x0862, 0x0862, 0x0862, 0x0862, 0x0862, 0x0862, 0x0862,
  0x0862, 0x0862, 0x0862, 0x0862, 0x0862, 0x0862, 0x0862, 0x0862, 0x0862, 0x0862, 0x0862, 0x0862, 0x0862, 0x0862, 0x0862, 0x0862,
  0x0862, 0x0862, 0x0862, 0x0862, 0x0862, 0x0862, 0x0862, 0x0862, 0x0862, 0x0862, 0x0862, 0x0862, 0x0862, 0x0862, 0x0862, 0x0862,
  0x0862, 0x0862, 0x0862, 0x0862, 0x0862, 0x0862, 0x0862, 0x0862, 0x0862, 0x0862, 0x0862, 0x0862, 0x0862, 0x0862, 0x0862, 0x0862,
  0x0862, 0x0862, 0x0862, 0x0862, 0x0862, 0x0862, 0x0862, 0x0862, 0x0862, 0x0862, 0x0862, 0x0862, 0x0862, 0x0862, 0x0862, 0x0862,
  0x0862, 0x0862, 0x0862, 0x0862, 0x0862, 0x0862, 0x0862, 0x0862, 0x0862, 0x0862, 0x0862, 0x0862, 0x0862, 0x0862, 0x0862, 0x0862,
  0x0862, 0x0862, 0x0862, 0x0862, 0x0862, 0x0862, 0x0862, 0x0862, 0x0862, 0x0862, 0x0862, 0x0862, 0x0862, 0x0862, 0x0862, 0x0862,
  0x0862, 0x0862, 0x0862, 0x0862, 0x0862, 0x0862, 0x0862, 0x0862, 0x0862, 0x0862, 0x0862, 0x0862, 0x0862, 0x0862, 0x0862, 0x0862,
  0x0862, 0x0862, 0x0862, 0x0862, 0x0862, 0x0862, 0x1062, 0x1062, 0x0862, 0x1062, 0x1062, 0x1062, 0x1062, 0x1062, 0x1062, 0x1062,
  0x1062, 0x1062, 0x1062, 0x1062, 0x1862, 0x1882, 0x1882, 0x20A2, 0x28E2, 0x4162, 0x4182, 0x3122, 0x3102, 0x3922, 0x30E2, 0x28A2,
  0x2082, 0x2082, 0x2082, 0x2082, 0x2082, 0x2082, 0x2082, 0x2082, 0x2882, 0x2882, 0x2882, 0x2882, 0x2882, 0x2882, 0x2882, 0x2882,
  0x2882, 0x2882, 0x2882, 0x2882, 0x2882, 0x2882, 0x2882, 0x2882, 0x2882, 0x2882, 0x2882, 0x2882, 0x2882, 0x2882, 0x2882, 0x2882,
  0x2882, 0x2882, 0x2882, 0x2882, 0x2882, 0x2882, 0x2882, 0x2882, 0x2882, 0x2882, 0x2882, 0x2082, 0x2082, 0x2082, 0x2082, 0x2082,
  0x2082, 0x2082, 0x2082, 0x2082, 0x2082, 0x1882, 0x1882, 0x1882, 0x1862, 0x1862, 0x1862, 0x1862, 0x1862, 0x1862, 0x1862, 0x1862,
  0x1882, 0x1882, 0x1882, 0x20A2, 0x2902, 0x4182, 0x41A2, 0x41A2, 0x5222, 0x5A62, 0x3982, 0x20E2, 0x18A2, 0x1882, 0x1062, 0x1062,
  0x1062, 0x1062, 0x1062, 0x1062, 0x1062, 0x1062, 0x0862, 0x0862, 0x0862, 0x0862, 0x0862, 0x0862, 0x0862, 0x0862, 0x0862, 0x0862,
  0x0862, 0x0862, 0x0862, 0x0862, 0x0862, 0x0862, 0x0862, 0x0862, 0x0862, 0x0862, 0x0862, 0x0862, 0x0862, 0x0862, 0x0862, 0x0862,
  0x0862, 0x0862, 0x0862, 0x0862, 0x0862, 0x0862, 0x0862, 0x0862, 0x0862, 0x0862, 0x0862, 0x0862, 0x0862, 0x0862, 0x0862, 0x0862,
  0x0862, 0x0862, 0x0862, 0x0862, 0x0862, 0x0862, 0x0862, 0x0862, 0x0862, 0x0862, 0x0862, 0x0862, 0x0862, 0x0862, 0x0862, 0x0862,
  0x0862, 0x0862, 0x0862, 0x0862, 0x0862, 0x0862, 0x0862, 0x0862, 0x0862, 0x0862, 0x0862, 0x0862, 0x0862, 0x0862, 0x0862, 0x0862,
  0x0862, 0x0862, 0x0862, 0x0862, 0x0862, 0x0862, 0x0862, 0x0862, 0x0862, 0x0862, 0x0862, 0x0862, 0x0862, 0x0862, 0x0862, 0x0862,
  0x0862, 0x0862, 0x0862, 0x0862, 0x0862, 0x0862, 0x0862, 0x0862, 0x0862, 0x0862, 0x0862, 0x0862, 0x0862, 0x0862, 0x0862, 0x0862,
  0x0862, 0x0862, 0x0862, 0x0862, 0x0862, 0x0862, 0x0862, 0x0862, 0x0862, 0x0862, 0x0862, 0x0862, 0x0862, 0x0862, 0x0862, 0x0862,
  0x0862, 0x0862, 0x0862, 0x0862, 0x0862, 0x0862, 0x0862, 0x0862, 0x0862, 0x0862, 0x0862, 0x0862, 0x0862, 0x0862, 0x0862, 0x0862,
  0x0862, 0x0862, 0x0862, 0x0862, 0x0862, 0x0862, 0x0862, 0x0862, 0x0862, 0x0862, 0x0862, 0x0862, 0x0862, 0x0862, 0x0862, 0x0862,
  0x0862, 0x0862, 0x0862, 0x0862, 0x0862, 0x0862, 0x0862, 0x0862, 0x0862, 0x0862, 0x0862, 0x0862, 0x0862, 0x0862, 0x0862, 0x0862,
  0x0862, 0x0862, 0x0862, 0x0862, 0x0862, 0x0862, 0x0862, 0x0862, 0x0862, 0x0862, 0x0862, 0x0862, 0x0862, 0x0862, 0x0862, 0x0862,
  0x0862, 0x0862, 0x0862, 0x0862, 0x0862, 0x0862, 0x0862, 0x0862, 0x0862, 0x0862, 0x0862, 0x0862, 0x0862, 0x0862, 0x0862, 0x0862,
  0x0862, 0x0862, 0x0862, 0x0862, 0x0862, 0x0862, 0x0862, 0x1062, 0x1062, 0x0862, 0x0862, 0x1062, 0x1062, 0x1062, 0x1062, 0x1062,
  0x1062, 0x1062, 0x1062, 0x1062, 0x1062, 0x1062, 0x1882, 0x1882, 0x18A2, 0x20A2, 0x3122, 0x4182, 0x3962, 0x3122, 0x3102, 0x3122,
  0x30E2, 0x28A2, 0x2082, 0x2082, 0x2082, 0x2082, 0x2082, 0x2082, 0x2082, 0x2082, 0x2082, 0x2082, 0x2082, 0x2082, 0x2082, 0x2082,
  0x2082, 0x2082, 0x2082, 0x2882, 0x2082, 0x2882, 0x2082, 0x2082, 0x2082, 0x2082, 0x2082, 0x2082, 0x2082, 0x2082, 0x2082, 0x2082,
  0x2082, 0x2082, 0x2082, 0x2082, 0x2082, 0x2082, 0x2082, 0x2082, 0x2082, 0x2082, 0x2082, 0x2082, 0x2082, 0x2082, 0x2082, 0x2082,
  0x1882, 0x1882, 0x1882, 0x1882, 0x1882, 0x1862, 0x1862, 0x1862, 0x1862, 0x1862, 0x1862, 0x1862, 0x1862, 0x1862, 0x1882, 0x1882,
  0x1882, 0x20A2, 0x28E2, 0x3962, 0x41A2, 0x4182, 0x49E2, 0x6262, 0x5202, 0x2922, 0x18C2, 0x18A2, 0x1082, 0x1062, 0x1062, 0x1062,
  0x1062, 0x1062, 0x1062, 0x0862, 0x1062, 0x0862, 0x0862, 0x0862, 0x0862, 0x0862, 0x0862, 0x0862, 0x0862, 0x0862, 0x0862, 0x0862,
  0x0862, 0x0862, 0x0862, 0x0862, 0x0862, 0x0862, 0x0862, 0x0862, 0x0862, 0x0862, 0x0862, 0x0862, 0x0862, 0x0862, 0x0862, 0x0862,
  0x0862, 0x0862, 0x0862, 0x0862, 0x0862, 0x0862, 0x0862, 0x0862, 0x0862, 0x0862, 0x0862, 0x0862, 0x0862, 0x0862, 0x0862, 0x0862,
  0x0862, 0x0862, 0x0862, 0x0862, 0x0862, 0x0862, 0x0862, 0x0862, 0x0862, 0x0862, 0x0862, 0x0862, 0x0862, 0x0862, 0x0862, 0x0862,
  0x0862, 0x0862, 0x0862, 0x0862, 0x0862, 0x0862, 0x0862, 0x0862, 0x0862, 0x0862, 0x0862, 0x0862, 0x0862, 0x0862, 0x0862, 0x0862,
  0x0862, 0x0862, 0x0862, 0x0862, 0x0862, 0x0862, 0x0862, 0x0862, 0x0862, 0x0862, 0x0862, 0x0862, 0x0862, 0x0862, 0x0862, 0x0862,
  0x0862, 0x0862, 0x0862, 0x0862, 0x0862, 0x0862, 0x0862, 0x0862, 0x0862, 0x0862, 0x0862, 0x0862, 0x0862, 0x0862, 0x0862, 0x0862,
  0x0862, 0x0862, 0x0862, 0x0862, 0x0862, 0x0862, 0x0862, 0x0862, 0x0862, 0x0862, 0x0862, 0x0862, 0x0862, 0x0862, 0x0862, 0x0862,
  0x0862, 0x0862, 0x0862, 0x0862, 0x0862, 0x0862, 0x0862, 0x0862, 0x0862, 0x0862, 0x0862, 0x0862, 0x0862, 0x0862, 0x0862, 0x0862,
  0x0862, 0x0862, 0x0862, 0x0862, 0x0862, 0x0862, 0x0862, 0x0862, 0x0862, 0x0862, 0x0862, 0x0862, 0x0862, 0x0862, 0x0862, 0x0862,
  0x0862, 0x0862, 0x0862, 0x0862, 0x0862, 0x0862, 0x0862, 0x0862, 0x0862, 0x0862, 0x0862, 0x0862, 0x0862, 0x0862, 0x0862, 0x0862,
  0x0862, 0x0862, 0x0862, 0x0862, 0x0862, 0x0862, 0x0862, 0x0862, 0x0862, 0x0862, 0x0862, 0x0862, 0x0862, 0x0862, 0x0862, 0x0862,
  0x0862, 0x0862, 0x0862, 0x0862, 0x0862, 0x0862, 0x0862, 0x0862, 0x0862, 0x0862, 0x0862, 0x0862, 0x0862, 0x0862, 0x0862, 0x0862,
  0x0862, 0x0862, 0x0862, 0x0862, 0x0862, 0x0862, 0x0862, 0x0862, 0x0862, 0x1062, 0x1062, 0x1062, 0x1062, 0x1062, 0x1062, 0x1062,
  0x1062, 0x1062, 0x1062, 0x1062, 0x1062, 0x1062, 0x1062, 0x1862, 0x1882, 0x1882, 0x1882, 0x20C2, 0x3942, 0x4182, 0x3962, 0x3102,
  0x3122, 0x3122, 0x30E2, 0x28C2, 0x2082, 0x2082, 0x2082, 0x2082, 0x2082, 0x2082, 0x2082, 0x2082, 0x2082, 0x2082, 0x2082, 0x2082,
  0x2082, 0x2082, 0x2082, 0x2082, 0x2082, 0x2082, 0x2082, 0x2082, 0x2082, 0x2082, 0x2082, 0x2082, 0x2082, 0x2082, 0x2082, 0x2082,
  0x2082, 0x2082, 0x2082, 0x2082, 0x2082, 0x2082, 0x2082, 0x2082, 0x2082, 0x2082, 0x2082, 0x2082, 0x1882, 0x1882, 0x1882, 0x1882,
  0x1882, 0x1882, 0x1862, 0x1862, 0x1862, 0x1862, 0x1862, 0x1862, 0x1862, 0x1862, 0x1862, 0x1882, 0x1882, 0x1882, 0x1882, 0x20A2,
  0x28E2, 0x3962, 0x41A2, 0x41A2, 0x41C2, 0x5A42, 0x5A42, 0x3982, 0x20C2, 0x18A2, 0x18A2, 0x1082, 0x1062, 0x1062, 0x1062, 0x1062,
  0x1062, 0x1062, 0x0862, 0x1062, 0x0862, 0x0862, 0x0862, 0x0862, 0x0862, 0x0862, 0x0862, 0x0862, 0x0862, 0x0862, 0x0862, 0x0862,
  0x0862, 0x0862, 0x0862, 0x0862, 0x0862, 0x0862, 0x0862, 0x0862, 0x0862, 0x0862, 0x0862, 0x0862, 0x0862, 0x0862, 0x0862, 0x0862,
  0x0862, 0x0862, 0x0862, 0x0862, 0x0862, 0x0862, 0x0862, 0x0862, 0x0862, 0x0862, 0x0862, 0x0862, 0x0862, 0x0862, 0x0862, 0x0862,
  0x0862, 0x0862, 0x0862, 0x0862, 0x0862, 0x0862, 0x0862, 0x0862, 0x0862, 0x0862, 0x0862, 0x0862, 0x0862, 0x0862, 0x0862, 0x0862,
  0x0862, 0x0862, 0x0862, 0x0862, 0x0862, 0x0862, 0x0862, 0x0862, 0x0862, 0x0862, 0x0862, 0x0862, 0x0862, 0x0862, 0x0862, 0x0862,
  0x0862, 0x0862, 0x0862, 0x0862, 0x0862, 0x0862, 0x0862, 0x0862, 0x0862, 0x0862, 0x0862, 0x0862, 0x0862, 0x0862, 0x0862, 0x0862,
  0x0862, 0x0862, 0x0862, 0x0862, 0x0862, 0x0862, 0x0862, 0x0862, 0x0862, 0x0862, 0x0862, 0x0862, 0x0862, 0x0862, 0x0862, 0x0862,
  0x0862, 0x0862, 0x0862, 0x0862, 0x0862, 0x0862, 0x0862, 0x0862, 0x0862, 0x0862, 0x0862, 0x0862, 0x0862, 0x0862, 0x0862, 0x0862,
  0x0862, 0x0862, 0x0862, 0x0862, 0x0862, 0x0862, 0x0862, 0x0862, 0x0862, 0x0862, 0x0862, 0x0862, 0x0862, 0x0862, 0x0862, 0x0862,
  0x0862, 0x0862, 0x0862, 0x0862, 0x0862, 0x0862, 0x0862, 0x0862, 0x0862, 0x0862, 0x0862, 0x0862, 0x0862, 0x0862, 0x0862, 0x0862,
  0x0862, 0x0862, 0x0862, 0x0862, 0x0862, 0x0862, 0x0862, 0x0862, 0x0862, 0x0862, 0x0862, 0x0862, 0x0862, 0x0862, 0x0862, 0x0862,
  0x0862, 0x0862, 0x0862, 0x0862, 0x0862, 0x0862, 0x0862, 0x0862, 0x0862, 0x0862, 0x0862, 0x0862, 0x0862, 0x0862, 0x0862, 0x0862,
  0x0862, 0x0862, 0x0862, 0x0862, 0x0862, 0x0862, 0x0862, 0x0862, 0x0862, 0x0862, 0x0862, 0x0862, 0x0862, 0x0862, 0x0862, 0x0862,
  0x0862, 0x0862, 0x0862, 0x0862, 0x0862, 0x0862, 0x0862, 0x0862, 0x0862, 0x0862, 0x0862, 0x1062, 0x1062, 0x1062, 0x0862, 0x1062,
  0x1062, 0x1062, 0x1062, 0x1062, 0x1062, 0x1062, 0x1062, 0x1062, 0x1062, 0x1882, 0x1882, 0x1882, 0x20A2, 0x28E2, 0x3962, 0x41A2,
  0x3962, 0x3122, 0x3122, 0x3122, 0x3102, 0x28C2, 0x20A2, 0x2082, 0x2082, 0x2082, 0x2082, 0x2082, 0x2082, 0x2082, 0x2082, 0x1882,
  0x2082, 0x2082, 0x2082, 0x2082, 0x2082, 0x2082, 0x2082, 0x2082, 0x2082, 0x2082, 0x2082, 0x2082, 0x2082, 0x2082, 0x2082, 0x2082,
  0x2082, 0x2082, 0x2082, 0x2082, 0x2082, 0x1882, 0x1882, 0x1882, 0x1882, 0x1882, 0x1882, 0x1882, 0x1882, 0x1882, 0x1862, 0x1862,
  0x1862, 0x1862, 0x1862, 0x1862, 0x1862, 0x1862, 0x1862, 0x1862, 0x1882, 0x1882, 0x1882, 0x1882, 0x1882, 0x20A2, 0x2902, 0x3962,
  0x41A2, 0x41A2, 0x41C2, 0x5A42, 0x6262, 0x41C2, 0x2902, 0x18A2, 0x18A2, 0x1082, 0x1062, 0x1062, 0x1062, 0x1062, 0x1062, 0x1062,
  0x1062, 0x0862, 0x1062, 0x0862, 0x0862, 0x0862, 0x0862, 0x0862, 0x0862, 0x0862, 0x0862, 0x0862, 0x0862, 0x0862, 0x0862, 0x0862,
  0x0862, 0x0862, 0x0862, 0x0862, 0x0862, 0x0862, 0x0862, 0x0862, 0x0862, 0x0862, 0x0862, 0x0862, 0x0862, 0x0862, 0x0862, 0x0862,
  0x0862, 0x0862, 0x0862, 0x0862, 0x0862, 0x0862, 0x0862, 0x0862, 0x0862, 0x0862, 0x0862, 0x0862, 0x0862, 0x0862, 0x0862, 0x0862,
  0x0862, 0x0862, 0x0862, 0x0862, 0x0862, 0x0862, 0x0862, 0x0862, 0x0862, 0x0862, 0x0862, 0x0862, 0x0862, 0x0862, 0x0862, 0x0862,
  0x0862, 0x0862, 0x0862, 0x0862, 0x0862, 0x0862, 0x0862, 0x0862, 0x0862, 0x0862, 0x0862, 0x0862, 0x0862, 0x0862, 0x0862, 0x0862,
  0x0862, 0x0862, 0x0862, 0x0862, 0x0862, 0x0862, 0x0862, 0x0862, 0x0862, 0x0862, 0x0862, 0x0862, 0x0862, 0x0862, 0x0862, 0x0862,
  0x0862, 0x0862, 0x0862, 0x0862, 0x0862, 0x0862, 0x0862, 0x0862, 0x0862, 0x0862, 0x0862, 0x0862, 0x0862, 0x0862, 0x0862, 0x0862,
  0x0862, 0x0862, 0x0862, 0x0862, 0x0862, 0x0862, 0x0862, 0x0862, 0x0862, 0x0862, 0x0862, 0x0862, 0x0862, 0x0862, 0x0862, 0x0862,
  0x0862, 0x0862, 0x0862, 0x0862, 0x0862, 0x0862, 0x0862, 0x0862, 0x0862, 0x0862, 0x0862, 0x0862, 0x0862, 0x0862, 0x0862, 0x0862,
  0x0862, 0x0862, 0x0862, 0x0862, 0x0862, 0x0862, 0x0862, 0x0862, 0x0862, 0x0862, 0x0862, 0x0862, 0x0862, 0x0862, 0x0862, 0x0862,
  0x0862, 0x0862, 0x0862, 0x0862, 0x0862, 0x0862, 0x0862, 0x0862, 0x0862, 0x0862, 0x0862, 0x0862, 0x0862, 0x0862, 0x0862, 0x0862,
  0x0862, 0x0862, 0x0862, 0x0862, 0x0862, 0x0862, 0x0862, 0x0862, 0x0862, 0x0862, 0x0862, 0x0862, 0x0862, 0x0862, 0x0862, 0x0862,
  0x0862, 0x0862, 0x0862, 0x0862, 0x0862, 0x0862, 0x0862, 0x0862, 0x0862, 0x0862, 0x0862, 0x0862, 0x0862, 0x0862, 0x0862, 0x0862,
  0x0862, 0x0862, 0x0862, 0x0862, 0x0862, 0x0862, 0x0862, 0x0862, 0x0862, 0x0862, 0x0862, 0x0862, 0x0862, 0x1062, 0x1062, 0x0862,
  0x0862, 0x1062, 0x1062, 0x1062, 0x1062, 0x1062, 0x1062, 0x1062, 0x1062, 0x1062, 0x1062, 0x1882, 0x1882, 0x1882, 0x20A2, 0x28E2,
  0x4162, 0x41A2, 0x4162, 0x3122, 0x3122, 0x3122, 0x3122, 0x28E2, 0x20A2, 0x2082, 0x2082, 0x2082, 0x2082, 0x2082, 0x1882, 0x1882,
  0x1882, 0x1882, 0x1882, 0x1882, 0x1882, 0x1882, 0x1882, 0x1882, 0x2082, 0x2082, 0x2082, 0x1882, 0x1882, 0x1882, 0x1882, 0x1882,
  0x1882, 0x1882, 0x1882, 0x1882, 0x1882, 0x1882, 0x1882, 0x1882, 0x1862, 0x1862, 0x1862, 0x1882, 0x1862, 0x1862, 0x1862, 0x1862,
  0x1862, 0x1862, 0x1862, 0x1862, 0x1862, 0x1862, 0x1882, 0x1882, 0x1882, 0x1882, 0x20A2, 0x20C2, 0x3122, 0x4182, 0x41A2, 0x41A2,
  0x41C2, 0x5A42, 0x6282, 0x49E2, 0x2922, 0x18C2, 0x18A2, 0x1882, 0x1082, 0x1062, 0x1062, 0x1062, 0x1062, 0x1062, 0x1062, 0x1062,
  0x0862, 0x1062, 0x0862, 0x0862, 0x0862, 0x0862, 0x0862, 0x0862, 0x0862, 0x0862, 0x0862, 0x0862, 0x0862, 0x0862, 0x0862, 0x0862,
  0x0862, 0x0862, 0x0862, 0x0862, 0x0862, 0x0862, 0x0862, 0x0862, 0x0862, 0x0862, 0x0862, 0x0862, 0x0862, 0x0862, 0x0862, 0x0862,
  0x0862, 0x0862, 0x0862, 0x0862, 0x0862, 0x0862, 0x0862, 0x0862, 0x0862, 0x0862, 0x0862, 0x0862, 0x0862, 0x0862, 0x0862, 0x0862,
  0x0862, 0x0862, 0x0862, 0x0862, 0x0862, 0x0862, 0x0862, 0x0862, 0x0862, 0x0862, 0x0862, 0x0862, 0x0862, 0x0862, 0x0862, 0x0862,
  0x0862, 0x0862, 0x0862, 0x0862, 0x0862, 0x0862, 0x0862, 0x0862, 0x0862, 0x0862, 0x0862, 0x0862, 0x0862, 0x0862, 0x0862, 0x0862,
  0x0862, 0x0862, 0x0862, 0x0862, 0x0862, 0x0862, 0x0862, 0x0862, 0x0862, 0x0862, 0x0862, 0x0862, 0x0862, 0x0862, 0x0862, 0x0862,
  0x0862, 0x0862, 0x0862, 0x0862, 0x0862, 0x0862, 0x0862, 0x0862, 0x0862, 0x0862, 0x0862, 0x0862, 0x0862, 0x0862, 0x0862, 0x0862,
  0x0862, 0x0862, 0x0862, 0x0862, 0x0862, 0x0862, 0x0862, 0x0862, 0x0862, 0x0862, 0x0862, 0x0862, 0x0862, 0x0862, 0x0862, 0x0862,
  0x0862, 0x0862, 0x0862, 0x0862, 0x0862, 0x0862, 0x0862, 0x0862, 0x0862, 0x0862, 0x0862, 0x0862, 0x0862, 0x0862, 0x0862, 0x0862,
  0x0862, 0x0862, 0x0862, 0x0862, 0x0862, 0x0862, 0x0862, 0x0862, 0x0862, 0x0862, 0x0862, 0x0862, 0x0862, 0x0862, 0x0862, 0x0862,
  0x0862, 0x0862, 0x0862, 0x0862, 0x0862, 0x0862, 0x0862, 0x0862, 0x0862, 0x0862, 0x0862, 0x0862, 0x0862, 0x0862, 0x0862, 0x0862,
  0x0862, 0x0862, 0x0862, 0x0862, 0x0862, 0x0862, 0x0862, 0x0862, 0x0862, 0x0862, 0x0862, 0x0862, 0x0862, 0x0862, 0x0862, 0x0862,
  0x0862, 0x0862, 0x0862, 0x0862, 0x0862, 0x0862, 0x0862, 0x0862, 0x0862, 0x0862, 0x0862, 0x0862, 0x0862, 0x0862, 0x0862, 0x0862,
  0x0862, 0x0862, 0x0862, 0x0862, 0x0862, 0x0862, 0x0862, 0x0862, 0x0862, 0x0862, 0x0862, 0x0862, 0x0862, 0x0862, 0x0862, 0x1062,
  0x1062, 0x1062, 0x0862, 0x1062, 0x1062, 0x1062, 0x1062, 0x1062, 0x1062, 0x1062, 0x1062, 0x1062, 0x1062, 0x1882, 0x1882, 0x18A2,
  0x20A2, 0x28E2, 0x3962, 0x41A2, 0x4182, 0x3942, 0x3122, 0x3122, 0x3122, 0x3102, 0x28E2, 0x20A2, 0x2082, 0x1882, 0x1882, 0x1882,
  0x1882, 0x1882, 0x1882, 0x1882, 0x1882, 0x1882, 0x1882, 0x1882, 0x1882, 0x1882, 0x1882, 0x1882, 0x1882, 0x1882, 0x1882, 0x1882,
  0x1882, 0x1882, 0x1862, 0x1862, 0x1862, 0x1862, 0x1862, 0x1862, 0x1862, 0x1862, 0x1862, 0x1862, 0x1862, 0x1862, 0x1862, 0x1862,
  0x1862, 0x1862, 0x1882, 0x1882, 0x1882, 0x1882, 0x1882, 0x20A2, 0x20C2, 0x2902, 0x3962, 0x4182, 0x41A2, 0x41A2, 0x49E2, 0x5A42,
  0x6282, 0x49E2, 0x2922, 0x20C2, 0x18A2, 0x18A2, 0x1082, 0x1062, 0x1062, 0x1062, 0x1062, 0x1062, 0x1062, 0x1062, 0x1062, 0x0862,
  0x1062, 0x0862, 0x0862, 0x0862, 0x0862, 0x0862, 0x0862, 0x0862, 0x0862, 0x0862, 0x0862, 0x0862, 0x0862, 0x0862, 0x0862, 0x0862,
  0x0862, 0x0862, 0x0862, 0x0862, 0x0862, 0x0862, 0x0862, 0x0862, 0x0862, 0x0862, 0x0862, 0x0862, 0x0862, 0x0862, 0x0862, 0x0862,
  0x0862, 0x0862, 0x0862, 0x0862, 0x0862, 0x0862, 0x0862, 0x0862, 0x0862, 0x0862, 0x0862, 0x0862, 0x0862, 0x0862, 0x0862, 0x0862,
  0x0862, 0x0862, 0x0862, 0x0862, 0x0862, 0x0862, 0x0862, 0x0862, 0x0862, 0x0862, 0x0862, 0x0862, 0x0862, 0x0862, 0x0862, 0x0862,
  0x0862, 0x0862, 0x0862, 0x0862, 0x0862, 0x0862, 0x0862, 0x0862, 0x0862, 0x0862, 0x0862, 0x0862, 0x0862, 0x0862, 0x0862, 0x0862,
  0x0862, 0x0862, 0x0862, 0x0862, 0x0862, 0x0862, 0x0862, 0x0862, 0x0862, 0x0862, 0x0862, 0x0862, 0x0862, 0x0862, 0x0862, 0x0862,
  0x0862, 0x0862, 0x0862, 0x0862, 0x0862, 0x0862, 0x0862, 0x0862, 0x0862, 0x0862, 0x0862, 0x0862, 0x0862, 0x0862, 0x0862, 0x0862,
  0x0862, 0x0862, 0x0862, 0x0862, 0x0862, 0x0862, 0x0862, 0x0862, 0x0862, 0x0862, 0x0862, 0x0862, 0x0862, 0x0862, 0x0862, 0x0862,
  0x0862, 0x0862, 0x0862, 0x0862, 0x0862, 0x0862, 0x0862, 0x0862, 0x0862, 0x0862, 0x0862, 0x0862, 0x0862, 0x0862, 0x0862, 0x0862,
  0x0862, 0x0862, 0x0862, 0x0862, 0x0862, 0x0862, 0x0862, 0x0862, 0x0862, 0x0862, 0x0862, 0x0862, 0x0862, 0x0862, 0x0862, 0x0862,
  0x0862, 0x0862, 0x0862, 0x0862, 0x0862, 0x0862, 0x0862, 0x0862, 0x0862, 0x0862, 0x0862, 0x0862, 0x0862, 0x0862, 0x0862, 0x0862,
  0x0862, 0x0862, 0x0862, 0x0862, 0x0862, 0x0862, 0x0862, 0x0862, 0x0862, 0x0862, 0x0862, 0x0862, 0x0862, 0x0862, 0x0862, 0x0862,
  0x0862, 0x0862, 0x0862, 0x0862, 0x0862, 0x0862, 0x0862, 0x0862, 0x0862, 0x0862, 0x0862, 0x0862, 0x0862, 0x0862, 0x0862, 0x0862,
  0x0862, 0x0862, 0x0862, 0x0862, 0x0862, 0x0862, 0x0862, 0x0862, 0x0862, 0x0862, 0x0862, 0x0862, 0x0862, 0x0862, 0x0862, 0x0862,
  0x0862, 0x1062, 0x0862, 0x0862, 0x0862, 0x1062, 0x1062, 0x1062, 0x1062, 0x1062, 0x1062, 0x1062, 0x1062, 0x1062, 0x1062, 0x1882,
  0x1882, 0x18A2, 0x20A2, 0x28E2, 0x3942, 0x41A2, 0x49A2, 0x4162, 0x3142, 0x3122, 0x3122, 0x3122, 0x3102, 0x28E2, 0x20C2, 0x20A2,
  0x1882, 0x1882, 0x1882, 0x1882, 0x1882, 0x1882, 0x1882, 0x1882, 0x1882, 0x1882, 0x1882, 0x1882, 0x1862, 0x1862, 0x1862, 0x1862,
  0x1862, 0x1862, 0x1862, 0x1862, 0x1862, 0x1862, 0x1862, 0x1862, 0x1862, 0x1862, 0x1862, 0x1862, 0x1882, 0x1882, 0x1882, 0x1882,
  0x1882, 0x1882, 0x1882, 0x1882, 0x20A2, 0x20C2, 0x2902, 0x3942, 0x4182, 0x41A2, 0x41A2, 0x41A2, 0x5222, 0x6282, 0x6262, 0x49E2,
  0x2922, 0x20C2, 0x18A2, 0x18A2, 0x1082, 0x1062, 0x1062, 0x1062, 0x1062, 0x1062, 0x1062, 0x1062, 0x1062, 0x0862, 0x1062, 0x1062,
  0x0862, 0x0862, 0x0862, 0x0862, 0x0862, 0x0862, 0x0862, 0x0862, 0x0862, 0x0862, 0x0862, 0x0862, 0x0862, 0x0862, 0x0862, 0x0862,
  0x0862, 0x0862, 0x0862, 0x0862, 0x0862, 0x0862, 0x0862, 0x0862, 0x0862, 0x0862, 0x0862, 0x0862, 0x0862, 0x0862, 0x0862, 0x0862,
  0x0862, 0x0862, 0x0862, 0x0862, 0x0862, 0x0862, 0x0862, 0x0862, 0x0862, 0x0862, 0x0862, 0x0862, 0x0862, 0x0862, 0x0862, 0x0862,
  0x0862, 0x0862, 0x0862, 0x0862, 0x0862, 0x0862, 0x0862, 0x0862, 0x0862, 0x0862, 0x0862, 0x0862, 0x0862, 0x0862, 0x0862, 0x0862,
  0x0862, 0x0862, 0x0862, 0x0862, 0x0862, 0x0862, 0x0862, 0x0862, 0x0862, 0x0862, 0x0862, 0x0862, 0x0862, 0x0862, 0x0862, 0x0862,
  0x0862, 0x0862, 0x0862, 0x0862, 0x0862, 0x0862, 0x0862, 0x0862, 0x0862, 0x0862, 0x0862, 0x0862, 0x0862, 0x0862, 0x0862, 0x0862,
  0x0862, 0x0862, 0x0862, 0x0862, 0x0862, 0x0862, 0x0862, 0x0862, 0x0862, 0x0862, 0x0862, 0x0862, 0x0862, 0x0862, 0x0862, 0x0862,
  0x0862, 0x0862, 0x0862, 0x0862, 0x0862, 0x0862, 0x0862, 0x0862, 0x0862, 0x0862, 0x0862, 0x0862, 0x0862, 0x0862, 0x0862, 0x0862,
  0x0862, 0x0862, 0x0862, 0x0862, 0x0862, 0x0862, 0x0862, 0x0862, 0x0862, 0x0862, 0x0862, 0x0862, 0x0862, 0x0862, 0x0862, 0x0862,
  0x0862, 0x0862, 0x0862, 0x0862, 0x0862, 0x0862, 0x0862, 0x0862, 0x0862, 0x0862, 0x0862, 0x0862, 0x0862, 0x0862, 0x0862, 0x0862,
  0x0862, 0x0862, 0x0862, 0x0862, 0x0862, 0x0862, 0x0862, 0x0862, 0x0862, 0x0862, 0x0862, 0x0862, 0x0862, 0x0862, 0x0862, 0x0862,
  0x0862, 0x0862, 0x0862, 0x0862, 0x0862, 0x0862, 0x0862, 0x0862, 0x0862, 0x0862, 0x0862, 0x0862, 0x0862, 0x0862, 0x0862, 0x0862,
  0x0862, 0x0862, 0x0862, 0x0862, 0x0862, 0x0862, 0x0862, 0x0862, 0x0862, 0x0862, 0x0862, 0x0862, 0x0862, 0x0862, 0x0862, 0x0862,
  0x0862, 0x0862, 0x0862, 0x0862, 0x0862, 0x0862, 0x0862, 0x0862, 0x0862, 0x0862, 0x0862, 0x0862, 0x0862, 0x0862, 0x0862, 0x0862,
  0x0862, 0x0862, 0x0862, 0x0862, 0x1062, 0x1062, 0x1062, 0x0862, 0x1062, 0x1062, 0x1062, 0x1062, 0x1062, 0x1062, 0x1062, 0x1062,
  0x1062, 0x1882, 0x1882, 0x18A2, 0x18A2, 0x20C2, 0x3122, 0x4182, 0x49C2, 0x49A2, 0x3962, 0x3942, 0x3122, 0x3142, 0x3142, 0x3122,
  0x3102, 0x28E2, 0x20C2, 0x20A2, 0x2082, 0x1882, 0x1882, 0x1882, 0x1882, 0x1882, 0x1882, 0x1882, 0x1882, 0x1882, 0x1882, 0x1882,
  0x1882, 0x1882, 0x1882, 0x1882, 0x1882, 0x1882, 0x1882, 0x1882, 0x1882, 0x1882, 0x1882, 0x1882, 0x1882, 0x1882, 0x1882, 0x1882,
  0x20A2, 0x20C2, 0x28E2, 0x3122, 0x3962, 0x4182, 0x4182, 0x3982, 0x41A2, 0x5202, 0x6262, 0x6A82, 0x5A42, 0x41A2, 0x2902, 0x18C2,
  0x18A2, 0x18A2, 0x1082, 0x1062, 0x1062, 0x1062, 0x1062, 0x1062, 0x1062, 0x1062, 0x1062, 0x1062, 0x0862, 0x1062, 0x0862, 0x0862,
  0x0862, 0x0862, 0x0862, 0x0862, 0x0862, 0x0862, 0x0862, 0x0862, 0x0862, 0x0862, 0x0862, 0x0862, 0x0862, 0x0862, 0x0862, 0x0862,
  0x0862, 0x0862, 0x0862, 0x0862, 0x0862, 0x0862, 0x0862, 0x0862, 0x0862, 0x0862, 0x0862, 0x0862, 0x0862, 0x0862, 0x0862, 0x0862,
  0x0862, 0x0862, 0x0862, 0x0862, 0x0862, 0x0862, 0x0862, 0x0862, 0x0862, 0x0862, 0x0862, 0x0862, 0x0862, 0x0862, 0x0862, 0x0862,
  0x0862, 0x0862, 0x0862, 0x0862, 0x0862, 0x0862, 0x0862, 0x0862, 0x0862, 0x0862, 0x0862, 0x0862, 0x0862, 0x0862, 0x0862, 0x0862,
  0x0862, 0x0862, 0x0862, 0x0862, 0x0862, 0x0862, 0x0862, 0x0862, 0x0862, 0x0862, 0x0862, 0x0862, 0x0862, 0x0862, 0x0862, 0x0862,
  0x0862, 0x0862, 0x0862, 0x0862, 0x0862, 0x0862, 0x0862, 0x0862, 0x0862, 0x0862, 0x0862, 0x0862, 0x0862, 0x0862, 0x0862, 0x0862,
  0x0862, 0x0862, 0x0862, 0x0862, 0x0862, 0x0862, 0x0862, 0x0862, 0x0862, 0x0862, 0x0862, 0x0862, 0x0862, 0x0862, 0x0862, 0x0862,
  0x0862, 0x0862, 0x0862, 0x0862, 0x0862, 0x0862, 0x0862, 0x0862, 0x0862, 0x0862, 0x0862, 0x0862, 0x0862, 0x0862, 0x0862, 0x0862,
  0x0862, 0x0862, 0x0862, 0x0862, 0x0862, 0x0862, 0x0862, 0x0862, 0x0862, 0x0862, 0x0862, 0x0862, 0x0862, 0x0862, 0x0862, 0x0862,
  0x0862, 0x0862, 0x0862, 0x0862, 0x0862, 0x0862, 0x0862, 0x0862, 0x0862, 0x0862, 0x0862, 0x0862, 0x0862, 0x0862, 0x0862, 0x0862,
  0x0862, 0x0862, 0x0862, 0x0862, 0x0862, 0x0862, 0x0862, 0x0862, 0x0862, 0x0862, 0x0862, 0x0862, 0x0862, 0x0862, 0x0862, 0x0862,
  0x0862, 0x0862, 0x0862, 0x0862, 0x0862, 0x0862, 0x0862, 0x0862, 0x0862, 0x0862, 0x0862, 0x0862, 0x0862, 0x0862, 0x0862, 0x0862,
  0x0862, 0x0862, 0x0862, 0x0862, 0x0862, 0x0862, 0x0862, 0x0862, 0x0862, 0x0862, 0x0862, 0x0862, 0x0862, 0x0862, 0x0862, 0x0862,
  0x0862, 0x0862, 0x0862, 0x0862, 0x0862, 0x0862, 0x0862, 0x0862, 0x0862, 0x0862, 0x0862, 0x0862, 0x0862, 0x0862, 0x0862, 0x0862,
  0x0862, 0x0862, 0x0862, 0x0862, 0x0862, 0x0862, 0x1062, 0x1062, 0x0862, 0x1062, 0x1062, 0x1062, 0x1062, 0x1062, 0x1062, 0x1062,
  0x1062, 0x1062, 0x1062, 0x1082, 0x1882, 0x1882, 0x18A2, 0x20A2, 0x28E2, 0x3942, 0x49A2, 0x49C2, 0x49A2, 0x4182, 0x3942, 0x3142,
  0x3142, 0x3142, 0x3942, 0x3142, 0x3122, 0x2902, 0x28E2, 0x28C2, 0x20C2, 0x20A2, 0x20A2, 0x2082, 0x1882, 0x1882, 0x1882, 0x1882,
  0x1882, 0x1882, 0x1882, 0x1882, 0x1882, 0x1882, 0x1882, 0x1882, 0x1882, 0x20A2, 0x20A2, 0x20C2, 0x28C2, 0x28E2, 0x3102, 0x3142,
  0x3962, 0x3962, 0x4182, 0x3982, 0x3982, 0x41C2, 0x5202, 0x5A62, 0x6A82, 0x6262, 0x49E2, 0x3142, 0x20E2, 0x18C2, 0x18A2, 0x18A2,
  0x1082, 0x1062, 0x1062, 0x1062, 0x1062, 0x1062, 0x1062, 0x1062, 0x1062, 0x1062, 0x0862, 0x1062, 0x1062, 0x0862, 0x0862, 0x0862,
  0x0862, 0x0862, 0x0862, 0x0862, 0x0862, 0x0862, 0x0862, 0x0862, 0x0862, 0x0862, 0x0862, 0x0862, 0x0862, 0x0862, 0x0862, 0x0862,
  0x0862, 0x0862, 0x0862, 0x0862, 0x0862, 0x0862, 0x0862, 0x0862, 0x0862, 0x0862, 0x0862, 0x0862, 0x0862, 0x0862, 0x0862, 0x0862,
  0x0862, 0x0862, 0x0862, 0x0862, 0x0862, 0x0862, 0x0862, 0x0862, 0x0862, 0x0862, 0x0862, 0x0862, 0x0862, 0x0862, 0x0862, 0x0862,
  0x0862, 0x0862, 0x0862, 0x0862, 0x0862, 0x0862, 0x0862, 0x0862, 0x0862, 0x0862, 0x0862, 0x0862, 0x0862, 0x0862, 0x0862, 0x0862,
  0x0862, 0x0862, 0x0862, 0x0862, 0x0862, 0x0862, 0x0862, 0x0862, 0x0862, 0x0862, 0x0862, 0x0862, 0x0862, 0x0862, 0x0862, 0x0862,
  0x0862, 0x0862, 0x0862, 0x0862, 0x0862, 0x0862, 0x0862, 0x0862, 0x0862, 0x0862, 0x0862, 0x0862, 0x0862, 0x0862, 0x0862, 0x0862,
  0x0862, 0x0862, 0x0862, 0x0862, 0x0862, 0x0862, 0x0862, 0x0862, 0x0862, 0x0862, 0x0862, 0x0862, 0x0862, 0x0862, 0x0862, 0x0862,
  0x0862, 0x0862, 0x0862, 0x0862, 0x0862, 0x0862, 0x0862, 0x0862, 0x0862, 0x0862, 0x0862, 0x0862, 0x0862, 0x0862, 0x0862, 0x0862,
  0x0862, 0x0862, 0x0862, 0x0862, 0x0862, 0x0862, 0x0862, 0x0862, 0x0862, 0x0862, 0x0862, 0x0862, 0x0862, 0x0862, 0x0862, 0x0862,
  0x0862, 0x0862, 0x0862, 0x0862, 0x0862, 0x0862, 0x0862, 0x0862, 0x0862, 0x0862, 0x0862, 0x0862, 0x0862, 0x0862, 0x0862, 0x0862,
  0x0862, 0x0862, 0x0862, 0x0862, 0x0862, 0x0862, 0x0862, 0x0862, 0x0862, 0x0862, 0x0862, 0x0862, 0x0862, 0x0862, 0x0862, 0x0862,
  0x0862, 0x0862, 0x0862, 0x0862, 0x0862, 0x0862, 0x0862, 0x0862, 0x0862, 0x0862, 0x0862, 0x0862, 0x0862, 0x0862, 0x0862, 0x0862,
  0x0862, 0x0862, 0x0862, 0x0862, 0x0862, 0x0862, 0x0862, 0x0862, 0x0862, 0x0862, 0x0862, 0x0862, 0x0862, 0x0862, 0x0862, 0x0862,
  0x0862, 0x0862, 0x0862, 0x0862, 0x0862, 0x0862, 0x0862, 0x0862, 0x0862, 0x0862, 0x0862, 0x0862, 0x0862, 0x0862, 0x0862, 0x0862,
  0x0862, 0x0862, 0x0862, 0x0862, 0x0862, 0x0862, 0x0862, 0x0862, 0x0862, 0x0862, 0x1062, 0x1062, 0x1062, 0x1062, 0x1062, 0x1062,
  0x1062, 0x1062, 0x1062, 0x1062, 0x1062, 0x1062, 0x1082, 0x1882, 0x18A2, 0x18A2, 0x20C2, 0x2902, 0x3942, 0x41A2, 0x49C2, 0x49E2,
  0x49C2, 0x4182, 0x3962, 0x3942, 0x3142, 0x3942, 0x3942, 0x3942, 0x3942, 0x3942, 0x3142, 0x3122, 0x3122, 0x3102, 0x3102, 0x2902,
  0x2902, 0x2902, 0x2902, 0x2902, 0x2902, 0x2902, 0x3122, 0x3122, 0x3122, 0x3942, 0x3962, 0x3962, 0x3962, 0x3982, 0x3982, 0x3982,
  0x3982, 0x41A2, 0x49E2, 0x5222, 0x6262, 0x6282, 0x5A42, 0x49E2, 0x3162, 0x2102, 0x18C2, 0x18A2, 0x18A2, 0x1082, 0x1082, 0x1062,
  0x1062, 0x1062, 0x1062, 0x1062, 0x1062, 0x1062, 0x1062, 0x1062, 0x1062, 0x1062, 0x1062, 0x0862, 0x0862, 0x0862, 0x0862, 0x0862,
  0x0862, 0x0862, 0x0862, 0x0862, 0x0862, 0x0862, 0x0862, 0x0862, 0x0862, 0x0862, 0x0862, 0x0862, 0x0862, 0x0862, 0x0862, 0x0862,
  0x0862, 0x0862, 0x0862, 0x0862, 0x0862, 0x0862, 0x0862, 0x0862, 0x0862, 0x0862, 0x0862, 0x0862, 0x0862, 0x0862, 0x0862, 0x0862,
  0x0862, 0x0862, 0x0862, 0x0862, 0x0862, 0x0862, 0x0862, 0x0862, 0x0862, 0x0862, 0x0862, 0x0862, 0x0862, 0x0862, 0x0862, 0x0862,
  0x0862, 0x0862, 0x0862, 0x0862, 0x0862, 0x0862, 0x0862, 0x0862, 0x0862, 0x0862, 0x0862, 0x0862, 0x0862, 0x0862, 0x0862, 0x0862,
  0x0862, 0x0862, 0x0862, 0x0862, 0x0862, 0x0862, 0x0862, 0x0862, 0x0862, 0x0862, 0x0862, 0x0862, 0x0862, 0x0862, 0x0862, 0x0862,
  0x0862, 0x0862, 0x0862, 0x0862, 0x0862, 0x0862, 0x0862, 0x0862, 0x0862, 0x0862, 0x0862, 0x0862, 0x0862, 0x0862, 0x0862, 0x0862,
  0x0862, 0x0862, 0x0862, 0x0862, 0x0862, 0x0862, 0x0862, 0x0862, 0x0862, 0x0862, 0x0862, 0x0862, 0x0862, 0x0862, 0x0862, 0x0862,
  0x0862, 0x0862, 0x0862, 0x0862, 0x0862, 0x0862, 0x0862, 0x0862, 0x0862, 0x0862, 0x0862, 0x0862, 0x0862, 0x0862, 0x0862, 0x0862,
  0x0862, 0x0862, 0x0862, 0x0862, 0x0862, 0x0862, 0x0862, 0x0862, 0x0862, 0x0862, 0x0862, 0x0862, 0x0862, 0x0862, 0x0862, 0x0862,
  0x0862, 0x0862, 0x0862, 0x0862, 0x0862, 0x0862, 0x0862, 0x0862, 0x0862, 0x0862, 0x0862, 0x0862, 0x0862, 0x0862, 0x0862, 0x0862,
  0x0862, 0x0862, 0x0862, 0x0862, 0x0862, 0x0862, 0x0862, 0x0862, 0x0862, 0x0862, 0x0862, 0x0862, 0x0862, 0x0862, 0x0862, 0x0862,
  0x0862, 0x0862, 0x0862, 0x0862, 0x0862, 0x0862, 0x0862, 0x0862, 0x0862, 0x0862, 0x0862, 0x0862, 0x0862, 0x0862, 0x0862, 0x0862,
  0x0862, 0x0862, 0x0862, 0x0862, 0x0862, 0x0862, 0x0862, 0x0862, 0x0862, 0x0862, 0x0862, 0x0862, 0x0862, 0x0862, 0x0862, 0x0862,
  0x0862, 0x0862, 0x0862, 0x0862, 0x0862, 0x0862, 0x0862, 0x0862, 0x0862, 0x0862, 0x0862, 0x0862, 0x0862, 0x0862, 0x0862, 0x0862,
  0x0862, 0x0862, 0x0862, 0x0862, 0x0862, 0x0862, 0x0862, 0x0862, 0x0862, 0x1062, 0x1062, 0x1062, 0x0862, 0x1062, 0x1062, 0x1062,
  0x1062, 0x1062, 0x1062, 0x1062, 0x1062, 0x1062, 0x1062, 0x1062, 0x1082, 0x1082, 0x1882, 0x18A2, 0x18A2, 0x18A2, 0x20E2, 0x3122,
  0x3962, 0x41C2, 0x49E2, 0x51E2, 0x49E2, 0x49C2, 0x41A2, 0x4182, 0x3962, 0x3962, 0x3962, 0x3942, 0x3942, 0x3942, 0x3962, 0x3962,
  0x3962, 0x3962, 0x3962, 0x3962, 0x3962, 0x3962, 0x3962, 0x3962, 0x3962, 0x3982, 0x3982, 0x41A2, 0x41A2, 0x49E2, 0x5222, 0x5A42,
  0x6262, 0x6262, 0x5A42, 0x5202, 0x41A2, 0x2922, 0x20E2, 0x18C2, 0x18A2, 0x18A2, 0x18A2, 0x1082, 0x1062, 0x1062, 0x1062, 0x1062,
  0x1062, 0x1062, 0x1062, 0x1062, 0x1062, 0x1062, 0x1062, 0x1062, 0x1062, 0x0862, 0x0862, 0x0862, 0x0862, 0x0862, 0x0862, 0x0862,
  0x0862, 0x0862, 0x0862, 0x0862, 0x0862, 0x0862, 0x0862, 0x0862, 0x0862, 0x0862, 0x0862, 0x0862, 0x0862, 0x0862, 0x0862, 0x0862,
  0x0862, 0x0862, 0x0862, 0x0862, 0x0862, 0x0862, 0x0862, 0x0862, 0x0862, 0x0862, 0x0862, 0x0862, 0x0862, 0x0862, 0x0862, 0x0862,
  0x0862, 0x0862, 0x0862, 0x0862, 0x0862, 0x0862, 0x0862, 0x0862, 0x0862, 0x0862, 0x0862, 0x0862, 0x0862, 0x0862, 0x0862, 0x0862,
  0x0862, 0x0862, 0x0862, 0x0862, 0x0862, 0x0862, 0x0862, 0x0862, 0x0862, 0x0862, 0x0862, 0x0862, 0x0862, 0x0862, 0x0862, 0x0862,
  0x0862, 0x0862, 0x0862, 0x0862, 0x0862, 0x0862, 0x0862, 0x0862, 0x0862, 0x0862, 0x0862, 0x0862, 0x0862, 0x0862, 0x0862, 0x0862,
  0x0862, 0x0862, 0x0862, 0x0862, 0x0862, 0x0862, 0x0862, 0x0862, 0x0862, 0x0862, 0x0862, 0x0862, 0x0862, 0x0862, 0x0862, 0x0862,
  0x0862, 0x0862, 0x0862, 0x0862, 0x0862, 0x0862, 0x0862, 0x0862, 0x0862, 0x0862, 0x0862, 0x0862, 0x0862, 0x0862, 0x0862, 0x0862,
  0x0862, 0x0862, 0x0862, 0x0862, 0x0862, 0x0862, 0x0862, 0x0862, 0x0862, 0x0862, 0x0862, 0x0862, 0x0862, 0x0862, 0x0862, 0x0862,
  0x0862, 0x0862, 0x0862, 0x0862, 0x0862, 0x0862, 0x0862, 0x0862, 0x0862, 0x0862, 0x0862, 0x0862, 0x0862, 0x0862, 0x0862, 0x0862,
  0x0862, 0x0862, 0x0862, 0x0862, 0x0862, 0x0862, 0x0862, 0x0862, 0x0862, 0x0862, 0x0862, 0x0862, 0x0862, 0x0862, 0x0862, 0x0862,
  0x0862, 0x0862, 0x0862, 0x0862, 0x0862, 0x0862, 0x0862, 0x0862, 0x0862, 0x0862, 0x0862, 0x0862, 0x0862, 0x0862, 0x0862, 0x0862,
  0x0862, 0x0862, 0x0862, 0x0862, 0x0862, 0x0862, 0x0862, 0x0862, 0x0862, 0x0862, 0x0862, 0x0862, 0x0862, 0x0862, 0x0862, 0x0862,
  0x0862, 0x0862, 0x0862, 0x0862, 0x0862, 0x0862, 0x0862, 0x0862, 0x0862, 0x0862, 0x0862, 0x0862, 0x0862, 0x0862, 0x0862, 0x0862,
  0x0862, 0x0862, 0x0862, 0x0862, 0x0862, 0x0862, 0x0862, 0x0862, 0x0862, 0x0862, 0x0862, 0x0862, 0x0862, 0x0862, 0x0862, 0x0862,
  0x0862, 0x0862, 0x0862, 0x0862, 0x0862, 0x0862, 0x0862, 0x0862, 0x0862, 0x0862, 0x0862, 0x0862, 0x0862, 0x1062, 0x1062, 0x1062,
  0x1062, 0x1062, 0x1062, 0x1062, 0x1062, 0x1062, 0x1062, 0x1062, 0x1062, 0x1062, 0x1062, 0x1082, 0x1082, 0x1882, 0x18A2, 0x18A2,
  0x18A2, 0x18C2, 0x20E2, 0x2922, 0x3162, 0x4182, 0x49C2, 0x49E2, 0x5202, 0x5202, 0x5202, 0x5202, 0x5202, 0x49E2, 0x49E2, 0x49E2,
  0x49E2, 0x49E2, 0x49E2, 0x49E2, 0x49E2, 0x5202, 0x5202, 0x5222, 0x5A22, 0x5A42, 0x5A62, 0x6262, 0x5A42, 0x5A22, 0x5202, 0x41C2,
  0x3962, 0x2922, 0x20E2, 0x18C2, 0x18A2, 0x18A2, 0x18A2, 0x1882, 0x1082, 0x1062, 0x1062, 0x1062, 0x1062, 0x1062, 0x1062, 0x1062,
  0x1062, 0x1062, 0x1062, 0x1062, 0x1062, 0x1062, 0x0862, 0x1062, 0x0862, 0x0862, 0x0862, 0x0862, 0x0862, 0x0862, 0x0862, 0x0862,
  0x0862, 0x0862, 0x0862, 0x0862, 0x0862, 0x0862, 0x0862, 0x0862, 0x0862, 0x0862, 0x0862, 0x0862, 0x0862, 0x0862, 0x0862, 0x0862,
  0x0862, 0x0862, 0x0862, 0x0862, 0x0862, 0x0862, 0x0862, 0x0862, 0x0862, 0x0862, 0x0862, 0x0862, 0x0862, 0x0862, 0x0862, 0x0862,
  0x0862, 0x0862, 0x0862, 0x0862, 0x0862, 0x0862, 0x0862, 0x0862, 0x0862, 0x0862, 0x0862, 0x0862, 0x0862, 0x0862, 0x0862, 0x0862,
  0x0862, 0x0862, 0x0862, 0x0862, 0x0862, 0x0862, 0x0862, 0x0862, 0x0862, 0x0862, 0x0862, 0x0862, 0x0862, 0x0862, 0x0862, 0x0862,
  0x0862, 0x0862, 0x0862, 0x0862, 0x0862, 0x0862, 0x0862, 0x0862, 0x0862, 0x0862, 0x0862, 0x0862, 0x0862, 0x0862, 0x0862, 0x0862,
  0x0862, 0x0862, 0x0862, 0x0862, 0x0862, 0x0862, 0x0862, 0x0862, 0x0862, 0x0862, 0x0862, 0x0862, 0x0862, 0x0862, 0x0862, 0x0862,
  0x0862, 0x0862, 0x0862, 0x0862, 0x0862, 0x0862, 0x0862, 0x0862, 0x0862, 0x0862, 0x0862, 0x0862, 0x0862, 0x0862, 0x0862, 0x0862,
  0x0862, 0x0862, 0x0862, 0x0862, 0x0862, 0x0862, 0x0862, 0x0862, 0x0862, 0x0862, 0x0862, 0x0862, 0x0862, 0x0862, 0x0862, 0x0862,
  0x0862, 0x0862, 0x0862, 0x0862, 0x0862, 0x0862, 0x0862, 0x0862, 0x0862, 0x0862, 0x0862, 0x0862, 0x0862, 0x0862, 0x0862, 0x0862,
  0x0862, 0x0862, 0x0862, 0x0862, 0x0862, 0x0862, 0x0862, 0x0862, 0x0862, 0x0862, 0x0862, 0x0862, 0x0862, 0x0862, 0x0862, 0x0862,
  0x0862, 0x0862, 0x0862, 0x0862, 0x0862, 0x0862, 0x0862, 0x0862, 0x0862, 0x0862, 0x0862, 0x0862, 0x0862, 0x0862, 0x0862, 0x0862,
  0x0862, 0x0862, 0x0862, 0x0862, 0x0862, 0x0862, 0x0862, 0x0862, 0x0862, 0x0862, 0x0862, 0x0862, 0x0862, 0x0862, 0x0862, 0x0862,
  0x0862, 0x0862, 0x0862, 0x0862, 0x0862, 0x0862, 0x0862, 0x0862, 0x0862, 0x0862, 0x0862, 0x0862, 0x0862, 0x0862, 0x0862, 0x0862,
  0x0862, 0x0862, 0x0862, 0x0862, 0x0862, 0x0862, 0x0862, 0x0862, 0x0862, 0x0862, 0x0862, 0x0862, 0x0862, 0x0862, 0x0862, 0x0862,
  0x0862, 0x0862, 0x0862, 0x0862, 0x0862, 0x0862, 0x0862, 0x0862, 0x0862, 0x0862, 0x0862, 0x0862, 0x0862, 0x1062, 0x1062, 0x1062,
  0x1062, 0x1062, 0x1062, 0x1062, 0x1062, 0x1062, 0x1062, 0x1062, 0x1062, 0x1062, 0x1062, 0x1062, 0x1062, 0x1062, 0x1062, 0x1082,
  0x1082, 0x1882, 0x18A2, 0x18A2, 0x18A2, 0x18A2, 0x18C2, 0x20C2, 0x28E2, 0x2902, 0x3142, 0x3962, 0x3982, 0x4182, 0x41A2, 0x49C2,
  0x49C2, 0x49E2, 0x49E2, 0x49E2, 0x49E2, 0x49C2, 0x41C2, 0x41A2, 0x4182, 0x3962, 0x3142, 0x2922, 0x2902, 0x20E2, 0x18C2, 0x18A2,
  0x18A2, 0x18A2, 0x18A2, 0x18A2, 0x1082, 0x1082, 0x1062, 0x1062, 0x1062, 0x1062, 0x1062, 0x1062, 0x1062, 0x1062, 0x1062, 0x1062,
  0x1062, 0x1062, 0x1062, 0x1062, 0x0862, 0x1062, 0x1062, 0x0862, 0x0862, 0x0862, 0x0862, 0x0862, 0x0862, 0x0862, 0x0862, 0x0862,
  0x0862, 0x0862, 0x0862, 0x0862, 0x0862, 0x0862, 0x0862, 0x0862, 0x0862, 0x0862, 0x0862, 0x0862, 0x0862, 0x0862, 0x0862, 0x0862,
  0x0862, 0x0862, 0x0862, 0x0862, 0x0862, 0x0862, 0x0862, 0x0862, 0x0862, 0x0862, 0x0862, 0x0862, 0x0862, 0x0862, 0x0862, 0x0862,
  0x0862, 0x0862, 0x0862, 0x0862, 0x0862, 0x0862, 0x0862, 0x0862, 0x0862, 0x0862, 0x0862, 0x0862, 0x0862, 0x0862, 0x0862, 0x0862,
  0x0862, 0x0862, 0x0862, 0x0862, 0x0862, 0x0862, 0x0862, 0x0862, 0x0862, 0x0862, 0x0862, 0x0862, 0x0862, 0x0862, 0x0862, 0x0862,
  0x0862, 0x0862, 0x0862, 0x0862, 0x0862, 0x0862, 0x0862, 0x0862, 0x0862, 0x0862, 0x0862, 0x0862, 0x0862, 0x0862, 0x0862, 0x0862,
  0x0862, 0x0862, 0x0862, 0x0862, 0x0862, 0x0862, 0x0862, 0x0862, 0x0862, 0x0862, 0x0862, 0x0862, 0x0862, 0x0862, 0x0862, 0x0862,
  0x0862, 0x0862, 0x0862, 0x0862, 0x0862, 0x0862, 0x0862, 0x0862, 0x0862, 0x0862, 0x0862, 0x0862, 0x0862, 0x0862, 0x0862, 0x0862,
  0x0862, 0x0862, 0x0862, 0x0862, 0x0862, 0x0862, 0x0862, 0x0862, 0x0862, 0x0862, 0x0862, 0x0862, 0x0862, 0x0862, 0x0862, 0x0862,
  0x0862, 0x0862, 0x0862, 0x0862, 0x0862, 0x0862, 0x0862, 0x0862, 0x0862, 0x0862, 0x0862, 0x0862, 0x0862, 0x0862, 0x0862, 0x0862,
  0x0862, 0x0862, 0x0862, 0x0862, 0x0862, 0x0862, 0x0862, 0x0862, 0x0862, 0x0862, 0x0862, 0x0862, 0x0862, 0x0862, 0x0862, 0x0862,
  0x0862, 0x0862, 0x0862, 0x0862, 0x0862, 0x0862, 0x0862, 0x0862, 0x0862, 0x0862, 0x0862, 0x0862, 0x0862, 0x0862, 0x0862, 0x0862,
  0x0862, 0x0862, 0x0862, 0x0862, 0x0862, 0x0862, 0x0862, 0x0862, 0x0862, 0x0862, 0x0862, 0x0862, 0x0862, 0x0862, 0x0862, 0x0862,
  0x0862, 0x0862, 0x0862, 0x0862, 0x0862, 0x0862, 0x0862, 0x0862, 0x0862, 0x0862, 0x0862, 0x0862, 0x0862, 0x0862, 0x0862, 0x0862,
  0x0862, 0x0862, 0x0862, 0x0862, 0x0862, 0x0862, 0x0862, 0x0862, 0x0862, 0x0862, 0x0862, 0x0862, 0x0862, 0x0862, 0x0862, 0x0862,
  0x0862, 0x0862, 0x0862, 0x0862, 0x0862, 0x0862, 0x0862, 0x0862, 0x0862, 0x0862, 0x0862, 0x0862, 0x0862, 0x0862, 0x0862, 0x0862,
  0x1062, 0x1062, 0x1062, 0x1062, 0x1062, 0x1062, 0x1062, 0x1062, 0x1062, 0x1062, 0x1062, 0x1062, 0x1062, 0x1062, 0x1062, 0x1062,
  0x1062, 0x1062, 0x1062, 0x1082, 0x1082, 0x1082, 0x1082, 0x18A2, 0x18A2, 0x18A2, 0x18A2, 0x18A2, 0x18A2, 0x18A2, 0x18A2, 0x18A2,
  0x18C2, 0x18C2, 0x18C2, 0x18C2, 0x18C2, 0x18A2, 0x18A2, 0x18A2, 0x18A2, 0x18A2, 0x18A2, 0x18A2, 0x18A2, 0x18A2, 0x18A2, 0x1082,
  0x1082, 0x1082, 0x1062, 0x1062, 0x1062, 0x1062, 0x1062, 0x1062, 0x1062, 0x1062, 0x1062, 0x1062, 0x1062, 0x1062, 0x1062, 0x1062,
  0x1062, 0x0862, 0x1062, 0x1062, 0x1062, 0x0862, 0x0862, 0x0862, 0x0862, 0x0862, 0x0862, 0x0862, 0x0862, 0x0862, 0x0862, 0x0862,
  0x0862, 0x0862, 0x0862, 0x0862, 0x0862, 0x0862, 0x0862, 0x0862, 0x0862, 0x0862, 0x0862, 0x0862, 0x0862, 0x0862, 0x0862, 0x0862,
  0x0862, 0x0862, 0x0862, 0x0862, 0x0862, 0x0862, 0x0862, 0x0862, 0x0862, 0x0862, 0x0862, 0x0862, 0x0862, 0x0862, 0x0862, 0x0862,
  0x0862, 0x0862, 0x0862, 0x0862, 0x0862, 0x0862, 0x0862, 0x0862, 0x0862, 0x0862, 0x0862, 0x0862, 0x0862, 0x0862, 0x0862, 0x0862,
  0x0862, 0x0862, 0x0862, 0x0862, 0x0862, 0x0862, 0x0862, 0x0862, 0x0862, 0x0862, 0x0862, 0x0862, 0x0862, 0x0862, 0x0862, 0x0862,
  0x0862, 0x0862, 0x0862, 0x0862, 0x0862, 0x0862, 0x0862, 0x0862, 0x0862, 0x0862, 0x0862, 0x0862, 0x0862, 0x0862, 0x0862, 0x0862,
  0x0862, 0x0862, 0x0862, 0x0862, 0x0862, 0x0862, 0x0862, 0x0862, 0x0862, 0x0862, 0x0862, 0x0862, 0x0862, 0x0862, 0x0862, 0x0862,
  0x0862, 0x0862, 0x0862, 0x0862, 0x0862, 0x0862, 0x0862, 0x0862, 0x0862, 0x0862, 0x0862, 0x0862, 0x0862, 0x0862, 0x0862, 0x0862,
  0x0862, 0x0862, 0x0862, 0x0862, 0x0862, 0x0862, 0x0862, 0x0862, 0x0862, 0x0862, 0x0862, 0x0862, 0x0862, 0x0862, 0x0862, 0x0862,
  0x0862, 0x0862, 0x0862, 0x0862, 0x0862, 0x0862, 0x0862, 0x0862, 0x0862, 0x0862, 0x0862, 0x0862, 0x0862, 0x0862, 0x0862, 0x0862,
  0x0862, 0x0862, 0x0862, 0x0862, 0x0862, 0x0862, 0x0862, 0x0862, 0x0862, 0x0862, 0x0862, 0x0862, 0x0862, 0x0862, 0x0862, 0x0862,
  0x0862, 0x0862, 0x0862, 0x0862, 0x0862, 0x0862, 0x0862, 0x0862, 0x0862, 0x0862, 0x0862, 0x0862, 0x0862, 0x0862, 0x0862, 0x0862,
  0x0862, 0x0862, 0x0862, 0x0862, 0x0862, 0x0862, 0x0862, 0x0862, 0x0862, 0x0862, 0x0862, 0x0862, 0x0862, 0x0862, 0x0862, 0x0862,
  0x0862, 0x0862, 0x0862, 0x0862, 0x0862, 0x0862, 0x0862, 0x0862, 0x0862, 0x0862, 0x0862, 0x0862, 0x0862, 0x0862, 0x0862, 0x0862,
  0x0862, 0x0862, 0x0862, 0x0862, 0x0862, 0x0862, 0x0862, 0x0862, 0x0862, 0x0862, 0x0862, 0x0862, 0x0862, 0x0862, 0x0862, 0x0862,
  0x0862, 0x0862, 0x0862, 0x0862, 0x0862, 0x0862, 0x0862, 0x0862, 0x0862, 0x0862, 0x0862, 0x0862, 0x0862, 0x0862, 0x0862, 0x0862,
  0x0862, 0x1062, 0x0862, 0x1062, 0x1062, 0x1062, 0x1062, 0x1062, 0x1062, 0x1062, 0x1062, 0x1062, 0x1062, 0x1062, 0x1062, 0x1062,
  0x1062, 0x1062, 0x1062, 0x1062, 0x1062, 0x1062, 0x1062, 0x1062, 0x1062, 0x1082, 0x1082, 0x1082, 0x1082, 0x1082, 0x1082, 0x1082,
  0x1082, 0x1082, 0x1082, 0x1082, 0x1082, 0x1082, 0x1082, 0x1082, 0x1082, 0x1082, 0x1082, 0x1082, 0x1062, 0x1062, 0x1062, 0x1062,
  0x1062, 0x1062, 0x1062, 0x1062, 0x1062, 0x1062, 0x1062, 0x1062, 0x1062, 0x1062, 0x1062, 0x1062, 0x1062, 0x1062, 0x1062, 0x0862,
  0x1062, 0x1062, 0x0862, 0x0862, 0x0862, 0x0862, 0x0862, 0x0862, 0x0862, 0x0862, 0x0862, 0x0862, 0x0862, 0x0862, 0x0862, 0x0862,
  0x0862, 0x0862, 0x0862, 0x0862, 0x0862, 0x0862, 0x0862, 0x0862, 0x0862, 0x0862, 0x0862, 0x0862, 0x0862, 0x0862, 0x0862, 0x0862,
  0x0862, 0x0862, 0x0862, 0x0862, 0x0862, 0x0862, 0x0862, 0x0862, 0x0862, 0x0862, 0x0862, 0x0862, 0x0862, 0x0862, 0x0862, 0x0862,
  0x0862, 0x0862, 0x0862, 0x0862, 0x0862, 0x0862, 0x0862, 0x0862, 0x0862, 0x0862, 0x0862, 0x0862, 0x0862, 0x0862, 0x0862, 0x0862,
  0x0862, 0x0862, 0x0862, 0x0862, 0x0862, 0x0862, 0x0862, 0x0862, 0x0862, 0x0862, 0x0862, 0x0862, 0x0862, 0x0862, 0x0862, 0x0862,
  0x0862, 0x0862, 0x0862, 0x0862, 0x0862, 0x0862, 0x0862, 0x0862, 0x0862, 0x0862, 0x0862, 0x0862, 0x0862, 0x0862, 0x0862, 0x0862,
  0x0862, 0x0862, 0x0862, 0x0862, 0x0862, 0x0862, 0x0862, 0x0862, 0x0862, 0x0862, 0x0862, 0x0862, 0x0862, 0x0862, 0x0862, 0x0862,
  0x0862, 0x0862, 0x0862, 0x0862, 0x0862, 0x0862, 0x0862, 0x0862, 0x0862, 0x0862, 0x0862, 0x0862, 0x0862, 0x0862, 0x0862, 0x0862,
  0x0862, 0x0862, 0x0862, 0x0862, 0x0862, 0x0862, 0x0862, 0x0862, 0x0862, 0x0862, 0x0862, 0x0862, 0x0862, 0x0862, 0x0862, 0x0862,
  0x0862, 0x0862, 0x0862, 0x0862, 0x0862, 0x0862, 0x0862, 0x0862, 0x0862, 0x0862, 0x0862, 0x0862, 0x0862, 0x0862, 0x0862, 0x0862,
  0x0862, 0x0862, 0x0862, 0x0862, 0x0862, 0x0862, 0x0862, 0x0862, 0x0862, 0x0862, 0x0862, 0x0862, 0x0862, 0x0862, 0x0862, 0x0862,
  0x0862, 0x0862, 0x0862, 0x0862, 0x0862, 0x0862, 0x0862, 0x0862, 0x0862, 0x0862, 0x0862, 0x0862, 0x0862, 0x0862, 0x0862, 0x0862,
  0x0862, 0x0862, 0x0862, 0x0862, 0x0862, 0x0862, 0x0862, 0x0862, 0x0862, 0x0862, 0x0862, 0x0862, 0x0862, 0x0862, 0x0862, 0x0862,
  0x0862, 0x0862, 0x0862, 0x0862, 0x0862, 0x0862, 0x0862, 0x0862, 0x0862, 0x0862, 0x0862, 0x0862, 0x0862, 0x0862, 0x0862, 0x0862,
  0x0862, 0x0862, 0x0862, 0x0862, 0x0862, 0x0862, 0x0862, 0x0862, 0x0862, 0x0862, 0x0862, 0x0862, 0x0862, 0x0862, 0x0862, 0x0862,
  0x0862, 0x0862, 0x0862, 0x0862, 0x0862, 0x0862, 0x0862, 0x0862, 0x0862, 0x0862, 0x0862, 0x0862, 0x0862, 0x0862, 0x0862, 0x0862,
  0x0862, 0x0862, 0x1062, 0x1062, 0x1062, 0x1062, 0x0862, 0x0862, 0x1062, 0x1062, 0x1062, 0x1062, 0x1062, 0x1062, 0x1062, 0x1062,
  0x1062, 0x1062, 0x1062, 0x1062, 0x1062, 0x1062, 0x1062, 0x1062, 0x1062, 0x1062, 0x1062, 0x1062, 0x1062, 0x1062, 0x1062, 0x1062,
  0x1062, 0x1062, 0x1062, 0x1062, 0x1062, 0x1062, 0x1062, 0x1062, 0x1062, 0x1062, 0x1062, 0x1062, 0x1062, 0x1062, 0x1062, 0x1062,
  0x1062, 0x1062, 0x1062, 0x1062, 0x1062, 0x1062, 0x1062, 0x1062, 0x1062, 0x1062, 0x1062, 0x1062, 0x1062, 0x1062, 0x1062, 0x0862,
  0x0862, 0x0862, 0x0862, 0x0862, 0x0862, 0x0862, 0x0862, 0x0862, 0x0862, 0x0862, 0x0862, 0x0862, 0x0862, 0x0862, 0x0862, 0x0862,
  0x0862, 0x0862, 0x0862, 0x0862, 0x0862, 0x0862, 0x0862, 0x0862, 0x0862, 0x0862, 0x0862, 0x0862, 0x0862, 0x0862, 0x0862, 0x0862,
  0x0862, 0x0862, 0x0862, 0x0862, 0x0862, 0x0862, 0x0862, 0x0862, 0x0862, 0x0862, 0x0862, 0x0862, 0x0862, 0x0862, 0x0862, 0x0862,
  0x0862, 0x0862, 0x0862, 0x0862, 0x0862, 0x0862, 0x0862, 0x0862, 0x0862, 0x0862, 0x0862, 0x0862, 0x0862, 0x0862, 0x0862, 0x0862,
  0x0862, 0x0862, 0x0862, 0x0862, 0x0862, 0x0862, 0x0862, 0x0862, 0x0862, 0x0862, 0x0862, 0x0862, 0x0862, 0x0862, 0x0862, 0x0862,
  0x0862, 0x0862, 0x0862, 0x0862, 0x0862, 0x0862, 0x0862, 0x0862, 0x0862, 0x0862, 0x0862, 0x0862, 0x0862, 0x0862, 0x0862, 0x0862,
  0x0862, 0x0862, 0x0862, 0x0862, 0x0862, 0x0862, 0x0862, 0x0862, 0x0862, 0x0862, 0x0862, 0x0862, 0x0862, 0x0862, 0x0862, 0x0862,
  0x0862, 0x0862, 0x0862, 0x0862, 0x0862, 0x0862, 0x0862, 0x0862, 0x0862, 0x0862, 0x0862, 0x0862, 0x0862, 0x0862, 0x0862, 0x0862,
  0x0862, 0x0862, 0x0862, 0x0862, 0x0862, 0x0862, 0x0862, 0x0862, 0x0862, 0x0862, 0x0862, 0x0862, 0x0862, 0x0862, 0x0862, 0x0862,
  0x0862, 0x0862, 0x0862, 0x0862, 0x0862, 0x0862, 0x0862, 0x0862, 0x0862, 0x0862, 0x0862, 0x0862, 0x0862, 0x0862, 0x0862, 0x0862,
  0x0862, 0x0862, 0x0862, 0x0862, 0x0862, 0x0862, 0x0862, 0x0862, 0x0862, 0x0862, 0x0862, 0x0862, 0x0862, 0x0862, 0x0862, 0x0862,
  0x0862, 0x0862, 0x0862, 0x0862, 0x0862, 0x0862, 0x0862, 0x0862, 0x0862, 0x0862, 0x0862, 0x0862, 0x0862, 0x0862, 0x0862, 0x0862,
  0x0862, 0x0862, 0x0862, 0x0862, 0x0862, 0x0862, 0x0862, 0x0862, 0x0862, 0x0862, 0x0862, 0x0862, 0x0862, 0x0862, 0x0862, 0x0862,
  0x0862, 0x0862, 0x0862, 0x0862, 0x0862, 0x0862, 0x0862, 0x0862, 0x0862, 0x0862, 0x0862, 0x0862, 0x0862, 0x0862, 0x0862, 0x0862,
  0x0862, 0x0862, 0x0862, 0x0862, 0x0862, 0x0862, 0x0862, 0x0862, 0x0862, 0x0862, 0x0862, 0x0862, 0x0862, 0x0862, 0x0862, 0x0862,
  0x0862, 0x0862, 0x0862, 0x0862, 0x0862, 0x0862, 0x0862, 0x0862, 0x0862, 0x0862, 0x0862, 0x0862, 0x0862, 0x0862, 0x0862, 0x0862,
  0x0862, 0x0862, 0x0862, 0x1062, 0x1062, 0x1062, 0x1062, 0x1062, 0x1062, 0x1062, 0x1062, 0x1062, 0x1062, 0x1062, 0x1062, 0x1062,
  0x1062, 0x1062, 0x1062, 0x1062, 0x1062, 0x1062, 0x1062, 0x1062, 0x1062, 0x1062, 0x1062, 0x1062, 0x1062, 0x1062, 0x1062, 0x1062,
  0x1062, 0x1062, 0x1062, 0x1062, 0x1062, 0x1062, 0x1062, 0x1062, 0x1062, 0x1062, 0x1062, 0x1062, 0x1062, 0x1062, 0x1062, 0x1062,
  0x1062, 0x1062, 0x1062, 0x1062, 0x0862, 0x1062, 0x1062, 0x1062, 0x0862, 0x1062, 0x1062, 0x0862, 0x0862, 0x0862, 0x0862, 0x0862,
  0x0862, 0x0862, 0x0862, 0x0862, 0x0862, 0x0862, 0x0862, 0x0862, 0x0862, 0x0862, 0x0862, 0x0862, 0x0862, 0x0862, 0x0862, 0x0862,
  0x0862, 0x0862, 0x0862, 0x0862, 0x0862, 0x0862, 0x0862, 0x0862, 0x0862, 0x0862, 0x0862, 0x0862, 0x0862, 0x0862, 0x0862, 0x0862,
  0x0862, 0x0862, 0x0862, 0x0862, 0x0862, 0x0862, 0x0862, 0x0862, 0x0862, 0x0862, 0x0862, 0x0862, 0x0862, 0x0862, 0x0862, 0x0862,
  0x0862, 0x0862, 0x0862, 0x0862, 0x0862, 0x0862, 0x0862, 0x0862, 0x0862, 0x0862, 0x0862, 0x0862, 0x0862, 0x0862, 0x0862, 0x0862,
  0x0862, 0x0862, 0x0862, 0x0862, 0x0862, 0x0862, 0x0862, 0x0862, 0x0862, 0x0862, 0x0862, 0x0862, 0x0862, 0x0862, 0x0862, 0x0862,
  0x0862, 0x0862, 0x0862, 0x0862, 0x0862, 0x0862, 0x0862, 0x0862, 0x0862, 0x0862, 0x0862, 0x0862, 0x0862, 0x0862, 0x0862, 0x0862,
  0x0862, 0x0862, 0x0862, 0x0862, 0x0862, 0x0862, 0x0862, 0x0862, 0x0862, 0x0862, 0x0862, 0x0862, 0x0862, 0x0862, 0x0862, 0x0862,
  0x0862, 0x0862, 0x0862, 0x0862, 0x0862, 0x0862, 0x0862, 0x0862, 0x0862, 0x0862, 0x0862, 0x0862, 0x0862, 0x0862, 0x0862, 0x0862,
  0x0862, 0x0862, 0x0862, 0x0862, 0x0862, 0x0862, 0x0862, 0x0862, 0x0862, 0x0862, 0x0862, 0x0862, 0x0862, 0x0862, 0x0862, 0x0862,
  0x0862, 0x0862, 0x0862, 0x0862, 0x0862, 0x0862, 0x0862, 0x0862, 0x0862, 0x0862, 0x0862, 0x0862, 0x0862, 0x0862, 0x0862, 0x0862,
  0x0862, 0x0862, 0x0862, 0x0862, 0x0862, 0x0862, 0x0862, 0x0862, 0x0862, 0x0862, 0x0862, 0x0862, 0x0862, 0x0862, 0x0862, 0x0862,
  0x0862, 0x0862, 0x0862, 0x0862, 0x0862, 0x0862, 0x0862, 0x0862, 0x0862, 0x0862, 0x0862, 0x0862, 0x0862, 0x0862, 0x0862, 0x0862,
  0x0862, 0x0862, 0x0862, 0x0862, 0x0862, 0x0862, 0x0862, 0x0862, 0x0862, 0x0862, 0x0862, 0x0862, 0x0862, 0x0862, 0x0862, 0x0862,
  0x0862, 0x0862, 0x0862, 0x0862, 0x0862, 0x0862, 0x0862, 0x0862, 0x0862, 0x0862, 0x0862, 0x0862, 0x0862, 0x0862, 0x0862, 0x0862,
  0x0862, 0x0862, 0x0862, 0x0862, 0x0862, 0x0862, 0x0862, 0x0862, 0x0862, 0x0862, 0x0862, 0x0862, 0x0862, 0x0862, 0x0862, 0x0862,
  0x0862, 0x0862, 0x0862, 0x0862, 0x0862, 0x0862, 0x0862, 0x0862, 0x0862, 0x0862, 0x0862, 0x0862, 0x0862, 0x0862, 0x0862, 0x0862,
  0x0862, 0x0862, 0x0862, 0x0862, 0x0862, 0x0862, 0x0862, 0x0862, 0x1062, 0x1062, 0x1062, 0x1062, 0x1062, 0x1062, 0x1062, 0x0862,
  0x1062, 0x1062, 0x1062, 0x1062, 0x1062, 0x1062, 0x1062, 0x1062, 0x1062, 0x1062, 0x1062, 0x1062, 0x1062, 0x1062, 0x1062, 0x1062,
  0x1062, 0x1062, 0x1062, 0x1062, 0x1062, 0x1062, 0x1062, 0x1062, 0x1062, 0x1062, 0x1062, 0x1062, 0x1062, 0x1062, 0x1062, 0x1062,
  0x1062, 0x1062, 0x0862, 0x1062, 0x1062, 0x0862, 0x0862, 0x0862, 0x0862, 0x0862, 0x0862, 0x0862, 0x0862, 0x0862, 0x0862, 0x0862,
  0x0862, 0x0862, 0x0862, 0x0862, 0x0862, 0x0862, 0x0862, 0x0862, 0x0862, 0x0862, 0x0862, 0x0862, 0x0862, 0x0862, 0x0862, 0x0862,
  0x0862, 0x0862, 0x0862, 0x0862, 0x0862, 0x0862, 0x0862, 0x0862, 0x0862, 0x0862, 0x0862, 0x0862, 0x0862, 0x0862, 0x0862, 0x0862,
  0x0862, 0x0862, 0x0862, 0x0862, 0x0862, 0x0862, 0x0862, 0x0862, 0x0862, 0x0862, 0x0862, 0x0862, 0x0862, 0x0862, 0x0862, 0x0862,
  0x0862, 0x0862, 0x0862, 0x0862, 0x0862, 0x0862, 0x0862, 0x0862, 0x0862, 0x0862, 0x0862, 0x0862, 0x0862, 0x0862, 0x0862, 0x0862,
  0x0862, 0x0862, 0x0862, 0x0862, 0x0862, 0x0862, 0x0862, 0x0862, 0x0862, 0x0862, 0x0862, 0x0862, 0x0862, 0x0862, 0x0862, 0x0862,
  0x0862, 0x0862, 0x0862, 0x0862, 0x0862, 0x0862, 0x0862, 0x0862, 0x0862, 0x0862, 0x0862, 0x0862, 0x0862, 0x0862, 0x0862, 0x0862,
  0x0862, 0x0862, 0x0862, 0x0862, 0x0862, 0x0862, 0x0862, 0x0862, 0x0862, 0x0862, 0x0862, 0x0862, 0x0862, 0x0862, 0x0862, 0x0862,
  0x0862, 0x0862, 0x0862, 0x0862, 0x0862, 0x0862, 0x0862, 0x0862, 0x0862, 0x0862, 0x0862, 0x0862, 0x0862, 0x0862, 0x0862, 0x0862,
  0x0862, 0x0862, 0x0862, 0x0862, 0x0862, 0x0862, 0x0862, 0x0862, 0x0862, 0x0862, 0x0862, 0x0862, 0x0862, 0x0862, 0x0862, 0x0862,
  0x0862, 0x0862, 0x0862, 0x0862, 0x0862, 0x0862, 0x0862, 0x0862, 0x0862, 0x0862, 0x0862, 0x0862, 0x0862, 0x0862, 0x0862, 0x0862,
  0x0862, 0x0862, 0x0862, 0x0862, 0x0862, 0x0862, 0x0862, 0x0862, 0x0862, 0x0862, 0x0862, 0x0862, 0x0862, 0x0862, 0x0862, 0x0862,
  0x0862, 0x0862, 0x0862, 0x0862, 0x0862, 0x0862, 0x0862, 0x0862, 0x0862, 0x0862, 0x0862, 0x0862, 0x0862, 0x0862, 0x0862, 0x0862,
  0x0862, 0x0862, 0x0862, 0x0862, 0x0862, 0x0862, 0x0862, 0x0862, 0x0862, 0x0862, 0x0862, 0x0862, 0x0862, 0x0862, 0x0862, 0x0862,
  0x0862, 0x0862, 0x0862, 0x0862, 0x0862, 0x0862, 0x0862, 0x0862, 0x0862, 0x0862, 0x0862, 0x0862, 0x0862, 0x0862, 0x0862, 0x0862,
  0x0862, 0x0862, 0x0862, 0x0862, 0x0862, 0x0862, 0x0862, 0x0862, 0x0862, 0x0862, 0x0862, 0x0862, 0x0862, 0x0862, 0x0862, 0x0862,
  0x0862, 0x0862, 0x0862, 0x0862, 0x0862, 0x0862, 0x0862, 0x0862, 0x0862, 0x0862, 0x0862, 0x0862, 0x0862, 0x0862, 0x0862, 0x0862,
  0x0862, 0x0862, 0x0862, 0x0862, 0x0862, 0x0862, 0x0862, 0x0862, 0x0862, 0x0862, 0x0862, 0x0862, 0x0862, 0x1062, 0x0862, 0x1062,
  0x1062, 0x1062, 0x0862, 0x0862, 0x1062, 0x1062, 0x1062, 0x1062, 0x1062, 0x1062, 0x1062, 0x1062, 0x1062, 0x1062, 0x1062, 0x1062,
  0x1062, 0x1062, 0x1062, 0x1062, 0x1062, 0x1062, 0x0862, 0x1062, 0x1062, 0x1062, 0x1062, 0x0862, 0x1062, 0x1062, 0x1062, 0x0862,
  0x1062, 0x0862, 0x0862, 0x0862, 0x0862, 0x0862, 0x0862, 0x0862, 0x0862, 0x0862, 0x0862, 0x0862, 0x0862, 0x0862, 0x0862, 0x0862,
  0x0862, 0x0862, 0x0862, 0x0862, 0x0862, 0x0862, 0x0862, 0x0862, 0x0862, 0x0862, 0x0862, 0x0862, 0x0862, 0x0862, 0x0862, 0x0862,
  0x0862, 0x0862, 0x0862, 0x0862, 0x0862, 0x0862, 0x0862, 0x0862, 0x0862, 0x0862, 0x0862, 0x0862, 0x0862, 0x0862, 0x0862, 0x0862,
  0x0862, 0x0862, 0x0862, 0x0862, 0x0862, 0x0862, 0x0862, 0x0862, 0x0862, 0x0862, 0x0862, 0x0862, 0x0862, 0x0862, 0x0862, 0x0862,
  0x0862, 0x0862, 0x0862, 0x0862, 0x0862, 0x0862, 0x0862, 0x0862, 0x0862, 0x0862, 0x0862, 0x0862, 0x0862, 0x0862, 0x0862, 0x0862,
  0x0862, 0x0862, 0x0862, 0x0862, 0x0862, 0x0862, 0x0862, 0x0862, 0x0862, 0x0862, 0x0862, 0x0862, 0x0862, 0x0862, 0x0862, 0x0862,
  0x0862, 0x0862, 0x0862, 0x0862, 0x0862, 0x0862, 0x0862, 0x0862, 0x0862, 0x0862, 0x0862, 0x0862, 0x0862, 0x0862, 0x0862, 0x0862,
  0x0862, 0x0862, 0x0862, 0x0862, 0x0862, 0x0862, 0x0862, 0x0862, 0x0862, 0x0862, 0x0862, 0x0862, 0x0862, 0x0862, 0x0862, 0x0862,
  0x0862, 0x0862, 0x0862, 0x0862, 0x0862, 0x0862, 0x0862, 0x0862, 0x0862, 0x0862, 0x0862, 0x0862, 0x0862, 0x0862, 0x0862, 0x0862,
  0x0862, 0x0862, 0x0862, 0x0862, 0x0862, 0x0862, 0x0862, 0x0862, 0x0862, 0x0862, 0x0862, 0x0862, 0x0862, 0x0862, 0x0862, 0x0862,
  0x0862, 0x0862, 0x0862, 0x0862, 0x0862, 0x0862, 0x0862, 0x0862, 0x0862, 0x0862, 0x0862, 0x0862, 0x0862, 0x0862, 0x0862, 0x0862,
  0x0862, 0x0862, 0x0862, 0x0862, 0x0862, 0x0862, 0x0862, 0x0862, 0x0862, 0x0862, 0x0862, 0x0862, 0x0862, 0x0862, 0x0862, 0x0862,
  0x0862, 0x0862, 0x0862, 0x0862, 0x0862, 0x0862, 0x0862, 0x0862, 0x0862, 0x0862, 0x0862, 0x0862, 0x0862, 0x0862, 0x0862, 0x0862,
  0x0862, 0x0862, 0x0862, 0x0862, 0x0862, 0x0862, 0x0862, 0x0862, 0x0862, 0x0862, 0x0862, 0x0862, 0x0862, 0x0862, 0x0862, 0x0862,
  0x0862, 0x0862, 0x0862, 0x0862, 0x0862, 0x0862, 0x0862, 0x0862, 0x0862, 0x0862, 0x0862, 0x0862, 0x0862, 0x0862, 0x0862, 0x0862,
  0x0862, 0x0862, 0x0862, 0x0862, 0x0862, 0x0862, 0x0862, 0x0862, 0x0862, 0x0862, 0x0862, 0x0862, 0x0862, 0x0862, 0x0862, 0x0862,
  0x0862, 0x0862, 0x0862, 0x0862, 0x0862, 0x0862, 0x0862, 0x0862, 0x0862, 0x0862, 0x0862, 0x0862, 0x0862, 0x0862, 0x0862, 0x0862,
  0x0862, 0x0862, 0x0862, 0x0862, 0x0862, 0x0862, 0x0862, 0x0862, 0x0862, 0x0862, 0x0862, 0x0862, 0x0862, 0x0862, 0x0862, 0x0862,
  0x0862, 0x0862, 0x1062, 0x1062, 0x1062, 0x1062, 0x0862, 0x0862, 0x0862, 0x0862, 0x0862, 0x0862, 0x0862, 0x0862, 0x0862, 0x1062,
  0x1062, 0x1062, 0x1062, 0x0862, 0x0862, 0x1062, 0x1062, 0x0862, 0x0862, 0x1062, 0x1062, 0x1062, 0x1062, 0x1062, 0x1062, 0x1062,
  0x0862, 0x0862, 0x0862, 0x0862, 0x0862, 0x0862, 0x0862, 0x0862, 0x0862, 0x0862, 0x0862, 0x0862, 0x0862, 0x0862, 0x0862, 0x0862,
  0x0862, 0x0862, 0x0862, 0x0862, 0x0862, 0x0862, 0x0862, 0x0862, 0x0862, 0x0862, 0x0862, 0x0862, 0x0862, 0x0862, 0x0862, 0x0862,
  0x0862, 0x0862, 0x0862, 0x0862, 0x0862, 0x0862, 0x0862, 0x0862, 0x0862, 0x0862, 0x0862, 0x0862, 0x0862, 0x0862, 0x0862, 0x0862,
  0x0862, 0x0862, 0x0862, 0x0862, 0x0862, 0x0862, 0x0862, 0x0862, 0x0862, 0x0862, 0x0862, 0x0862, 0x0862, 0x0862, 0x0862, 0x0862,
  0x0862, 0x0862, 0x0862, 0x0862, 0x0862, 0x0862, 0x0862, 0x0862, 0x0862, 0x0862, 0x0862, 0x0862, 0x0862, 0x0862, 0x0862, 0x0862,
  0x0862, 0x0862, 0x0862, 0x0862, 0x0862, 0x0862, 0x0862, 0x0862, 0x0862, 0x0862, 0x0862, 0x0862, 0x0862, 0x0862, 0x0862, 0x0862,
  0x0862, 0x0862, 0x0862, 0x0862, 0x0862, 0x0862, 0x0862, 0x0862, 0x0862, 0x0862, 0x0862, 0x0862, 0x0862, 0x0862, 0x0862, 0x0862,
  0x0862, 0x0862, 0x0862, 0x0862, 0x0862, 0x0862, 0x0862, 0x0862, 0x0862, 0x0862, 0x0862, 0x0862, 0x0862, 0x0862, 0x0862, 0x0862,
  0x0862, 0x0862, 0x0862, 0x0862, 0x0862, 0x0862, 0x0862, 0x0862, 0x0862, 0x0862, 0x0862, 0x0862, 0x0862, 0x0862, 0x0862, 0x0862,
  0x0862, 0x0862, 0x0862, 0x0862, 0x0862, 0x0862, 0x0862, 0x0862, 0x0862, 0x0862, 0x0862, 0x0862, 0x0862, 0x0862, 0x0862, 0x0862,
  0x0862, 0x0862, 0x0862, 0x0862, 0x0862, 0x0862, 0x0862, 0x0862, 0x0862, 0x0862, 0x0862, 0x0862, 0x0862, 0x0862, 0x0862, 0x0862,
  0x0862, 0x0862, 0x0862, 0x0862, 0x0862, 0x0862, 0x0862, 0x0862, 0x0862, 0x0862, 0x0862, 0x0862, 0x0862, 0x0862, 0x0862, 0x0862,
  0x0862, 0x0862, 0x0862, 0x0862, 0x0862, 0x0862, 0x0862, 0x0862, 0x0862, 0x0862, 0x0862, 0x0862, 0x0862, 0x0862, 0x0862, 0x0862,
  0x0862, 0x0862, 0x0862, 0x0862, 0x0862, 0x0862, 0x0862, 0x0862, 0x0862, 0x0862, 0x0862, 0x0862, 0x0862, 0x0862, 0x0862, 0x0862,
  0x0862, 0x0862, 0x0862, 0x0862, 0x0862, 0x0862, 0x0862, 0x0862, 0x0862, 0x0862, 0x0862, 0x0862, 0x0862, 0x0862, 0x0862, 0x0862,
  0x0862, 0x0862, 0x0862, 0x0862, 0x0862, 0x0862, 0x0862, 0x0862, 0x0862, 0x0862, 0x0862, 0x0862, 0x0862, 0x0862, 0x0862, 0x0862,
  0x0862, 0x0862, 0x0862, 0x0862, 0x0862, 0x0862, 0x0862, 0x0862, 0x0862, 0x0862, 0x0862, 0x0862, 0x0862, 0x0862, 0x0862, 0x0862,
  0x0862, 0x0862, 0x0862, 0x0862, 0x0862, 0x0862, 0x0862, 0x0862, 0x0862, 0x0862, 0x0862, 0x0862, 0x0862, 0x0862, 0x0862, 0x0862,
  0x0862, 0x0862, 0x0862, 0x0862, 0x0862, 0x1062, 0x1062, 0x1062, 0x1062, 0x1062, 0x1062, 0x1062, 0x1062, 0x1062, 0x1062, 0x1062,
  0x1062, 0x1062, 0x1062, 0x1062, 0x1062, 0x1062, 0x0862, 0x0862, 0x1062, 0x0862, 0x0862, 0x0862, 0x0862, 0x1062, 0x0862, 0x0862,
  0x0862, 0x0862, 0x0862, 0x0862, 0x0862, 0x0862, 0x0862, 0x0862, 0x0862, 0x0862, 0x0862, 0x0862, 0x0862, 0x0862, 0x0862, 0x0862,
  0x0862, 0x0862, 0x0862, 0x0862, 0x0862, 0x0862, 0x0862, 0x0862, 0x0862, 0x0862, 0x0862, 0x0862, 0x0862, 0x0862, 0x0862, 0x0862,
  0x0862, 0x0862, 0x0862, 0x0862, 0x0862, 0x0862, 0x0862, 0x0862, 0x0862, 0x0862, 0x0862, 0x0862, 0x0862, 0x0862, 0x0862, 0x0862,
  0x0862, 0x0862, 0x0862, 0x0862, 0x0862, 0x0862, 0x0862, 0x0862, 0x0862, 0x0862, 0x0862, 0x0862, 0x0862, 0x0862, 0x0862, 0x0862,
  0x0862, 0x0862, 0x0862, 0x0862, 0x0862, 0x0862, 0x0862, 0x0862, 0x0862, 0x0862, 0x0862, 0x0862, 0x0862, 0x0862, 0x0862, 0x0862,
  0x0862, 0x0862, 0x0862, 0x0862, 0x0862, 0x0862, 0x0862, 0x0862, 0x0862, 0x0862, 0x0862, 0x0862, 0x0862, 0x0862, 0x0862, 0x0862,
  0x0862, 0x0862, 0x0862, 0x0862, 0x0862, 0x0862, 0x0862, 0x0862, 0x0862, 0x0862, 0x0862, 0x0862, 0x0862, 0x0862, 0x0862, 0x0862,
  0x0862, 0x0862, 0x0862, 0x0862, 0x0862, 0x0862, 0x0862, 0x0862, 0x0862, 0x0862, 0x0862, 0x0862, 0x0862, 0x0862, 0x0862, 0x0862,
  0x0862, 0x0862, 0x0862, 0x0862, 0x0862, 0x0862, 0x0862, 0x0862, 0x0862, 0x0862, 0x0862, 0x0862, 0x0862, 0x0862, 0x0862, 0x0862,
  0x0862, 0x0862, 0x0862, 0x0862, 0x0862, 0x0862, 0x0862, 0x0862, 0x0862, 0x0862, 0x0862, 0x0862, 0x0862, 0x0862, 0x0862, 0x0862,
  0x0862, 0x0862, 0x0862, 0x0862, 0x0862, 0x0862, 0x0862, 0x0862, 0x0862, 0x0862, 0x0862, 0x0862, 0x0862, 0x0862, 0x0862, 0x0862,
  0x0862, 0x0862, 0x0862, 0x0862, 0x0862, 0x0862, 0x0862, 0x0862, 0x0862, 0x0862, 0x0862, 0x0862, 0x0862, 0x0862, 0x0862, 0x0862,
  0x0862, 0x0862, 0x0862, 0x0862, 0x0862, 0x0862, 0x0862, 0x0862, 0x0862, 0x0862, 0x0862, 0x0862, 0x0862, 0x0862, 0x0862, 0x0862,
  0x0862, 0x0862, 0x0862, 0x0862, 0x0862, 0x0862, 0x0862, 0x0862, 0x0862, 0x0862, 0x0862, 0x0862, 0x0862, 0x0862, 0x0862, 0x0862,
  0x0862, 0x0862, 0x0862, 0x0862, 0x0862, 0x0862, 0x0862, 0x0862, 0x0862, 0x0862, 0x0862, 0x0862, 0x0862, 0x0862, 0x0862, 0x0862,
  0x0862, 0x0862, 0x0862, 0x0862, 0x0862, 0x0862, 0x0862, 0x0862, 0x0862, 0x0862, 0x0862, 0x0862, 0x0862, 0x0862, 0x0862, 0x0862,
  0x0862, 0x0862, 0x0862, 0x0862, 0x0862, 0x0862, 0x0862, 0x0862, 0x0862, 0x0862, 0x0862, 0x0862, 0x0862, 0x0862, 0x0862, 0x0862,
  0x0862, 0x0862, 0x0862, 0x0862, 0x0862, 0x0862, 0x0862, 0x0862, 0x0862, 0x0862, 0x0862, 0x0862, 0x0862, 0x0862, 0x0862, 0x0862,
  0x0862, 0x0862, 0x0862, 0x0862, 0x0862, 0x0862, 0x0862, 0x0862, 0x0862, 0x0862, 0x0862, 0x0862, 0x0862, 0x0862, 0x0862, 0x0862,
  0x0862, 0x0862, 0x0862, 0x0862, 0x0862, 0x0862, 0x0862, 0x0862, 0x0862, 0x0862, 0x0862, 0x0862, 0x0862, 0x0862, 0x0862, 0x0862,
  0x0862, 0x0862, 0x0862, 0x0862, 0x0862, 0x0862, 0x0862, 0x0862, 0x0862, 0x0862, 0x0862, 0x0862, 0x0862, 0x0862, 0x0862, 0x0862,
  0x0862, 0x0862, 0x0862, 0x0862, 0x0862, 0x0862, 0x0862, 0x0862, 0x0862, 0x0862, 0x0862, 0x0862, 0x0862, 0x0862, 0x0862, 0x0862,
  0x0862, 0x0862, 0x0862, 0x0862, 0x0862, 0x0862, 0x0862, 0x0862, 0x0862, 0x0862, 0x0862, 0x0862, 0x0862, 0x0862, 0x0862, 0x0862,
  0x0862, 0x0862, 0x0862, 0x0862, 0x0862, 0x0862, 0x0862, 0x0862, 0x0862, 0x0862, 0x0862, 0x0862, 0x0862, 0x0862, 0x0862, 0x0862,
  0x0862, 0x0862, 0x0862, 0x0862, 0x0862, 0x0862, 0x0862, 0x0862, 0x0862, 0x0862, 0x0862, 0x0862, 0x0862, 0x0862, 0x0862, 0x0862,
  0x0862, 0x0862, 0x0862, 0x0862, 0x0862, 0x0862, 0x0862, 0x0862, 0x0862, 0x0862, 0x0862, 0x0862, 0x0862, 0x0862, 0x0862, 0x0862,
  0x0862, 0x0862, 0x0862, 0x0862, 0x0862, 0x0862, 0x0862, 0x0862, 0x0862, 0x0862, 0x0862, 0x0862, 0x0862, 0x0862, 0x0862, 0x0862,
  0x0862, 0x0862, 0x0862, 0x0862, 0x0862, 0x0862, 0x0862, 0x0862, 0x0862, 0x0862, 0x0862, 0x0862, 0x0862, 0x0862, 0x0862, 0x0862,
  0x0862, 0x0862, 0x0862, 0x0862, 0x0862, 0x0862, 0x0862, 0x0862, 0x0862, 0x0862, 0x0862, 0x0862, 0x0862, 0x0862, 0x0862, 0x0862,
  0x0862, 0x0862, 0x0862, 0x0862, 0x0862, 0x0862, 0x0862, 0x0862, 0x0862, 0x0862, 0x0862, 0x0862, 0x0862, 0x0862, 0x0862, 0x0862,
  0x0862, 0x0862, 0x0862, 0x0862, 0x0862, 0x0862, 0x0862, 0x0862, 0x0862, 0x0862, 0x0862, 0x0862, 0x0862, 0x0862, 0x0862, 0x0862,
  0x0862, 0x0862, 0x0862, 0x0862, 0x0862, 0x0862, 0x0862, 0x0862, 0x0862, 0x0862, 0x0862, 0x0862, 0x0862, 0x0862, 0x0862, 0x0862,
  0x0862, 0x0862, 0x0862, 0x0862, 0x0862, 0x0862, 0x0862, 0x0862, 0x0862, 0x0862, 0x0862, 0x0862, 0x0862, 0x0862, 0x0862, 0x0862,
  0x0862, 0x0862, 0x0862, 0x0862, 0x0862, 0x0862, 0x0862, 0x0862, 0x0862, 0x0862, 0x0862, 0x0862, 0x0862, 0x0862, 0x0862, 0x0862,
  0x0862, 0x0862, 0x0862, 0x0862, 0x0862, 0x0862, 0x0862, 0x0862, 0x0862, 0x0862, 0x0862, 0x0862, 0x0862, 0x0862, 0x0862, 0x0862,
  0x0862, 0x0862, 0x0862, 0x0862, 0x0862, 0x0862, 0x0862, 0x0862, 0x0862, 0x0862, 0x0862, 0x0862, 0x0862, 0x0862, 0x0862, 0x0862,
  0x0862, 0x0862, 0x0862, 0x0862, 0x0862, 0x0862, 0x0862, 0x0862, 0x0862, 0x0862, 0x0862, 0x0862, 0x0862, 0x0862, 0x0862, 0x0862,
  0x0862, 0x0862, 0x0862, 0x0862, 0x0862, 0x0862, 0x0862, 0x0862, 0x0862, 0x0862, 0x0862, 0x0862, 0x0862, 0x0862, 0x0862, 0x0862,
  0x0862, 0x0862, 0x0862, 0x0862, 0x0862, 0x0862, 0x0862, 0x0862, 0x0862, 0x0862, 0x0862, 0x0862, 0x0862, 0x0862, 0x0862, 0x0862,
  0x0862, 0x0862, 0x0862, 0x0862, 0x0862, 0x0862, 0x0862, 0x0862, 0x0862, 0x0862, 0x0862, 0x0862, 0x0862, 0x0862, 0x0862, 0x0862,
  0x0862, 0x0862, 0x0862, 0x0862, 0x0862, 0x0862, 0x0862, 0x0862, 0x0862, 0x0862, 0x0862, 0x0862, 0x0862, 0x0862, 0x0862, 0x0862,
  0x0862, 0x0862, 0x0862, 0x0862, 0x0862, 0x0862, 0x0862, 0x0862, 0x0862, 0x0862, 0x0862, 0x0862, 0x0862, 0x0862, 0x0862, 0x0862,
  0x0862, 0x0862, 0x0862, 0x0862, 0x0862, 0x0862, 0x0862, 0x0862, 0x0862, 0x0862, 0x0862, 0x0862, 0x0862, 0x0862, 0x0862, 0x0862,
  0x0862, 0x0862, 0x0862, 0x0862, 0x0862, 0x0862, 0x0862, 0x0862, 0x0862, 0x0862, 0x0862, 0x0862, 0x0862, 0x0862, 0x0862, 0x0862,
  0x0862, 0x0862, 0x0862, 0x0862, 0x0862, 0x0862, 0x0862, 0x0862, 0x0862, 0x0862, 0x0862, 0x0862, 0x0862, 0x0862, 0x0862, 0x0862,
  0x0862, 0x0862, 0x0862, 0x0862, 0x0862, 0x0862, 0x0862, 0x0862, 0x0862, 0x0862, 0x0862, 0x0862, 0x0862, 0x0862, 0x0862, 0x0862,
  0x0862, 0x0862, 0x0862, 0x0862, 0x0862, 0x0862, 0x0862, 0x0862, 0x0862, 0x0862, 0x0862, 0x0862, 0x0862, 0x0862, 0x0862, 0x0862,
  0x0862, 0x0862, 0x0862, 0x0862, 0x0862, 0x0862, 0x0862, 0x0862, 0x0862, 0x0862, 0x0862, 0x0862, 0x0862, 0x0862, 0x0862, 0x0862,
  0x0862, 0x0862, 0x0862, 0x0862, 0x0862, 0x0862, 0x0862, 0x0862, 0x0862, 0x0862, 0x0862, 0x0862, 0x0862, 0x0862, 0x0862, 0x0862,
  0x0862, 0x0862, 0x0862, 0x0862, 0x0862, 0x0862, 0x0862, 0x0862, 0x0862, 0x0862, 0x0862, 0x0862, 0x0862, 0x0862, 0x0862, 0x0862,
  0x0862, 0x0862, 0x0862, 0x0862, 0x0862, 0x0862, 0x0862, 0x0862, 0x0862, 0x0862, 0x0862, 0x0862, 0x0862, 0x0862, 0x0862, 0x0862,
  0x0862, 0x0862, 0x0862, 0x0862, 0x0862, 0x0862, 0x0862, 0x0862, 0x0862, 0x0862, 0x0862, 0x0862, 0x0862, 0x0862, 0x0862, 0x0862,
  0x0862, 0x0862, 0x0862, 0x0862, 0x0862, 0x0862, 0x0862, 0x0862, 0x0862, 0x0862, 0x0862, 0x0862, 0x0862, 0x0862, 0x0862, 0x0862,
  0x0862, 0x0862, 0x0862, 0x0862, 0x0862, 0x0862, 0x0862, 0x0862, 0x0862, 0x0862, 0x0862, 0x0862, 0x0862, 0x0862, 0x0862, 0x0862,
  0x0862, 0x0862, 0x0862, 0x0862, 0x0862, 0x0862, 0x0862, 0x0862, 0x0862, 0x0862, 0x0862, 0x0862, 0x0862, 0x0862, 0x0862, 0x0862,
  0x0862, 0x0862, 0x0862, 0x0862, 0x0862, 0x0862, 0x0862, 0x0862, 0x0862, 0x0862, 0x0862, 0x0862, 0x0862, 0x0862, 0x0862, 0x0862,
  0x0862, 0x0862, 0x0862, 0x0862, 0x0862, 0x0862, 0x0862, 0x0862, 0x0862, 0x0862, 0x0862, 0x0862, 0x0862, 0x0862, 0x0862, 0x0862,
  0x0862, 0x0862, 0x0862, 0x0862, 0x0862, 0x0862, 0x0862, 0x0862, 0x0862, 0x0862, 0x0862, 0x0862, 0x0862, 0x0862, 0x0862, 0x0862,
  0x0862, 0x0862, 0x0862, 0x0862, 0x0862, 0x0862, 0x0862, 0x0862, 0x0862, 0x0862, 0x0862, 0x0862, 0x0862, 0x0862, 0x0862, 0x0862,
  0x0862, 0x0862, 0x0862, 0x0862, 0x0862, 0x0862, 0x0862, 0x0862, 0x0862, 0x0862, 0x0862, 0x0862, 0x0862, 0x0862, 0x0862, 0x0862,
  0x0862, 0x0862, 0x0862, 0x0862, 0x0862, 0x0862, 0x0862, 0x0862, 0x0862, 0x0862, 0x0862, 0x0862, 0x0862, 0x0862, 0x0862, 0x0862,
  0x0862, 0x0862, 0x0862, 0x0862, 0x0862, 0x0862, 0x0862, 0x0862, 0x0862, 0x0862, 0x0862, 0x0862, 0x0862, 0x0862, 0x0862, 0x0862,
  0x0862, 0x0862, 0x0862, 0x0862, 0x0862, 0x0862, 0x0862, 0x0862, 0x0862, 0x0862, 0x0862, 0x0862, 0x0862, 0x0862, 0x0862, 0x0862,
  0x0862, 0x0862, 0x0862, 0x0862, 0x0862, 0x0862, 0x0862, 0x0862, 0x0862, 0x0862, 0x0862, 0x0862, 0x0862, 0x0862, 0x0862, 0x0862,
  0x0862, 0x0862, 0x0862, 0x0862, 0x0862, 0x0862, 0x0862, 0x0862, 0x0862, 0x0862, 0x0862, 0x0862, 0x0862, 0x0862, 0x0862, 0x0862,
  0x0862, 0x0862, 0x0862, 0x0862, 0x0862, 0x0862, 0x0862, 0x0862, 0x0862, 0x0862, 0x0862, 0x0862, 0x0862, 0x0862, 0x0862, 0x0862,
  0x0862, 0x0862, 0x0862, 0x0862, 0x0862, 0x0862, 0x0862, 0x0862, 0x0862, 0x0862, 0x0862, 0x0862, 0x0862, 0x0862, 0x0862, 0x0862,
  0x0862, 0x0862, 0x0862, 0x0862, 0x0862, 0x0862, 0x0862, 0x0862, 0x0862, 0x0862, 0x0862, 0x0862, 0x0862, 0x0862, 0x0862, 0x0862,
  0x0862, 0x0862, 0x0862, 0x0862, 0x0862, 0x0862, 0x0862, 0x0862, 0x0862, 0x0862, 0x0862, 0x0862, 0x0862, 0x0862, 0x0862, 0x0862,
  0x0862, 0x0862, 0x0862, 0x0862, 0x0862, 0x0862, 0x0862, 0x0862, 0x0862, 0x0862, 0x0862, 0x0862, 0x0862, 0x0862, 0x0862, 0x0862,
  0x0862, 0x0862, 0x0862, 0x0862, 0x0862, 0x0862, 0x0862, 0x0862, 0x0862, 0x0862, 0x0862, 0x0862, 0x0862, 0x0862, 0x0862, 0x0862,
  0x0862, 0x0862, 0x0862, 0x0862, 0x0862, 0x0862, 0x0862, 0x0862, 0x0862, 0x0862, 0x0862, 0x0862, 0x0862, 0x0862, 0x0862, 0x0862,
  0x0862, 0x0862, 0x0862, 0x0862, 0x0862, 0x0862, 0x0862, 0x0862, 0x0862, 0x0862, 0x0862, 0x0862, 0x0862, 0x0862, 0x0862, 0x0862,
  0x0862, 0x0862, 0x0862, 0x0862, 0x0862, 0x0862, 0x0862, 0x0862, 0x0862, 0x0862, 0x0862, 0x0862, 0x0862, 0x0862, 0x0862, 0x0862,
  0x0862, 0x0862, 0x0862, 0x0862, 0x0862, 0x0862, 0x0862, 0x0862, 0x0862, 0x0862, 0x0862, 0x0862, 0x0862, 0x0862, 0x0862, 0x0862,
  0x0862, 0x0862, 0x0862, 0x0862, 0x0862, 0x0862, 0x0862, 0x0862, 0x0862, 0x0862, 0x0862, 0x0862, 0x0862, 0x0862, 0x0862, 0x0862,
  0x0862, 0x0862, 0x0862, 0x0862, 0x0862, 0x0862, 0x0862, 0x0862, 0x0862, 0x0862, 0x0862, 0x0862, 0x0862, 0x0862, 0x0862, 0x0862,
  0x0862, 0x0862, 0x0862, 0x0862, 0x0862, 0x0862, 0x0862, 0x0862, 0x0862, 0x0862, 0x0862, 0x0862, 0x0862, 0x0862, 0x0862, 0x0862,
  0x0862, 0x0862, 0x0862, 0x0862, 0x0862, 0x0862, 0x0862, 0x0862, 0x0862, 0x0862, 0x0862, 0x0862, 0x0862, 0x0862, 0x0862, 0x0862,
  0x0862, 0x0862, 0x0862, 0x0862, 0x0862, 0x0862, 0x0862, 0x0862, 0x0862, 0x0862, 0x0862, 0x0862, 0x0862, 0x0862, 0x0862, 0x0862,
  0x0862, 0x0862, 0x0862, 0x0862, 0x0862, 0x0862, 0x0862, 0x0862, 0x0862, 0x0862, 0x0862, 0x0862, 0x0862, 0x0862, 0x0862, 0x0862,
  0x0862, 0x0862, 0x0862, 0x0862, 0x0862, 0x0862, 0x0862, 0x0862, 0x0862, 0x0862, 0x0862, 0x0862, 0x0862, 0x0862, 0x0862, 0x0862,
  0x0862, 0x0862, 0x0862, 0x0862, 0x0862, 0x0862, 0x0862, 0x0862, 0x0862, 0x0862, 0x0862, 0x0862, 0x0862, 0x0862, 0x0862, 0x0862,
  0x0862, 0x0862, 0x0862, 0x0862, 0x0862, 0x0862, 0x0862, 0x0862, 0x0862, 0x0862, 0x0862, 0x0862, 0x0862, 0x0862, 0x0862, 0x0862,
  0x0862, 0x0862, 0x0862, 0x0862, 0x0862, 0x0862, 0x0862, 0x0862, 0x0862, 0x0862, 0x0862, 0x0862, 0x0862, 0x0862, 0x0862, 0x0862,
  0x0862, 0x0862, 0x0862, 0x0862, 0x0862, 0x0862, 0x0862, 0x0862, 0x0862, 0x0862, 0x0862, 0x0862, 0x0862, 0x0862, 0x0862, 0x0862,
  0x0862, 0x0862, 0x0862, 0x0862, 0x0862, 0x0862, 0x0862, 0x0862, 0x0862, 0x0862, 0x0862, 0x0862, 0x0862, 0x0862, 0x0862, 0x0862,
  0x0862, 0x0862, 0x0862, 0x0862, 0x0862, 0x0862, 0x0862, 0x0862, 0x0862, 0x0862, 0x0862, 0x0862, 0x0862, 0x0862, 0x0862, 0x0862,
  0x0862, 0x0862, 0x0862, 0x0862, 0x0862, 0x0862, 0x0862, 0x0862, 0x0862, 0x0862, 0x0862, 0x0862, 0x0862, 0x0862, 0x0862, 0x0862,
  0x0862, 0x0862, 0x0862, 0x0862, 0x0862, 0x0862, 0x0862, 0x0862, 0x0862, 0x0862, 0x0862, 0x0862, 0x0862, 0x0862, 0x0862, 0x0862,
  0x0862, 0x0862, 0x0862, 0x0862, 0x0862, 0x0862, 0x0862, 0x0862, 0x0862, 0x0862, 0x0862, 0x0862, 0x0862, 0x0862, 0x0862, 0x0862,
  0x0862, 0x0862, 0x0862, 0x0862, 0x0862, 0x0862, 0x0862, 0x0862, 0x0862, 0x0862, 0x0862, 0x0862, 0x0862, 0x0862, 0x0862, 0x0862,
  0x0862, 0x0862, 0x0862, 0x0862, 0x0862, 0x0862, 0x0862, 0x0862, 0x0862, 0x0862, 0x0862, 0x0862, 0x0862, 0x0862, 0x0862, 0x0862,
  0x0862, 0x0862, 0x0862, 0x0862, 0x0862, 0x0862, 0x0862, 0x0862, 0x0862, 0x0862, 0x0862, 0x0862, 0x0862, 0x0862, 0x0862, 0x0862,
  0x0862, 0x0862, 0x0862, 0x0862, 0x0862, 0x0862, 0x0862, 0x0862, 0x0862, 0x0862, 0x0862, 0x0862, 0x0862, 0x0862, 0x0862, 0x0862,
  0x0862, 0x0862, 0x0862, 0x0862, 0x0862, 0x0862, 0x0862, 0x0862, 0x0862, 0x0862, 0x0862, 0x0862, 0x0862, 0x0862, 0x0862, 0x0862,
  0x0862, 0x0862, 0x0862, 0x0862, 0x0862, 0x0862, 0x0862, 0x0862, 0x0862, 0x0862, 0x0862, 0x0862, 0x0862, 0x0862, 0x0862, 0x0862,
  0x0862, 0x0862, 0x0862, 0x0862, 0x0862, 0x0862, 0x0862, 0x0862, 0x0862, 0x0862, 0x0862, 0x0862, 0x0862, 0x0862, 0x0862, 0x0862,
  0x0862, 0x0862, 0x0862, 0x0862, 0x0862, 0x0862, 0x0862, 0x0862, 0x0862, 0x0862, 0x0862, 0x0862, 0x0862, 0x0862, 0x0862, 0x0862,
  0x0862, 0x0862, 0x0862, 0x0862, 0x0862, 0x0862, 0x0862, 0x0862, 0x0862, 0x0862, 0x0862, 0x0862, 0x0862, 0x0862, 0x0862, 0x0862,
  0x0862, 0x0862, 0x0862, 0x0862, 0x0862, 0x0862, 0x0862, 0x0862, 0x0862, 0x0862, 0x0862, 0x0862, 0x0862, 0x0862, 0x0862, 0x0862,
  0x0862, 0x0862, 0x0862, 0x0862, 0x0862, 0x0862, 0x0862, 0x0862, 0x0862, 0x0862, 0x0862, 0x0862, 0x0862, 0x0862, 0x0862, 0x0862,
  0x0862, 0x0862, 0x0862, 0x0862, 0x0862, 0x0862, 0x0862, 0x0862, 0x0862, 0x0862, 0x0862, 0x0862, 0x0862, 0x0862, 0x0862, 0x0862,
  0x0862, 0x0862, 0x0862, 0x0862, 0x0862, 0x0862, 0x0862, 0x0862, 0x0862, 0x0862, 0x0862, 0x0862, 0x0862, 0x0862, 0x0862, 0x0862,
  0x0862, 0x0862, 0x0862, 0x0862, 0x0862, 0x0862, 0x0862, 0x0862, 0x0862, 0x0862, 0x0862, 0x0862, 0x0862, 0x0862, 0x0862, 0x0862,
  0x0862, 0x0862, 0x0862, 0x0862, 0x0862, 0x0862, 0x0862, 0x0862, 0x0862, 0x0862, 0x0862, 0x0862, 0x0862, 0x0862, 0x0862, 0x0862,
  0x0862, 0x0862, 0x0862, 0x0862, 0x0862, 0x0862, 0x0862, 0x0862, 0x0862, 0x0862, 0x0862, 0x0862, 0x0862, 0x0862, 0x0862, 0x0862,
  0x0862, 0x0862, 0x0862, 0x0862, 0x0862, 0x0862, 0x0862, 0x0862, 0x0862, 0x0862, 0x0862, 0x0862, 0x0862, 0x0862, 0x0862, 0x0862,
  0x0862, 0x0862, 0x0862, 0x0862, 0x0862, 0x0862, 0x0862, 0x0862, 0x0862, 0x0862, 0x0862, 0x0862, 0x0862, 0x0862, 0x0862, 0x0862,
  0x0862, 0x0862, 0x0862, 0x0862, 0x0862, 0x0862, 0x0862, 0x0862, 0x0862, 0x0862, 0x0862, 0x0862, 0x0862, 0x0862, 0x0862, 0x0862,
  0x0862, 0x0862, 0x0862, 0x0862, 0x0862, 0x0862, 0x0862, 0x0862, 0x0862, 0x0862, 0x0862, 0x0862, 0x0862, 0x0862, 0x0862, 0x0862,
  0x0862, 0x0862, 0x0862, 0x0862, 0x0862, 0x0862, 0x0862, 0x0862, 0x0862, 0x0862, 0x0862, 0x0862, 0x0862, 0x0862, 0x0862, 0x0862,
  0x0862, 0x0862, 0x0862, 0x0862, 0x0862, 0x0862, 0x0862, 0x0862, 0x0862, 0x0862, 0x0862, 0x0862, 0x0862, 0x0862, 0x0862, 0x0862,
  0x0862, 0x0862, 0x0862, 0x0862, 0x0862, 0x0862, 0x0862, 0x0862, 0x0862, 0x0862, 0x0862, 0x0862, 0x0862, 0x0862, 0x0862, 0x0862,
  0x0862, 0x0862, 0x0862, 0x0862, 0x0862, 0x0862, 0x0862, 0x0862, 0x0862, 0x0862, 0x0862, 0x0862, 0x0862, 0x0862, 0x0862, 0x0862,
  0x0862, 0x0862, 0x0862, 0x0862, 0x0862, 0x0862, 0x0862, 0x0862, 0x0862, 0x0862, 0x0862, 0x0862, 0x0862, 0x0862, 0x0862, 0x0862,
  0x0862, 0x0862, 0x0862, 0x0862, 0x0862, 0x0862, 0x0862, 0x0862, 0x0862, 0x0862, 0x0862, 0x0862, 0x0862, 0x0862, 0x0862, 0x0862,
  0x0862, 0x0862, 0x0862, 0x0862, 0x0862, 0x0862, 0x0862, 0x0862, 0x0862, 0x0862, 0x0862, 0x0862, 0x0862, 0x0862, 0x0862, 0x0862,
  0x0862, 0x0862, 0x0862, 0x0862, 0x0862, 0x0862, 0x0862, 0x0862, 0x0862, 0x0862, 0x0862, 0x0862, 0x0862, 0x0862, 0x0862, 0x0862,
  0x0862, 0x0862, 0x0862, 0x0862, 0x0862, 0x0862, 0x0862, 0x0862, 0x0862, 0x0862, 0x0862, 0x0862, 0x0862, 0x0862, 0x0862, 0x0862,
  0x0862, 0x0862, 0x0862, 0x0862, 0x0862, 0x0862, 0x0862, 0x0862, 0x0862, 0x0862, 0x0862, 0x0862, 0x0862, 0x0862, 0x0862, 0x0862,
  0x0862, 0x0862, 0x0862, 0x0862, 0x0862, 0x0862, 0x0862, 0x0862, 0x0862, 0x0862, 0x0862, 0x0862, 0x0862, 0x0862, 0x0862, 0x0862,
  0x0862, 0x0862, 0x0862, 0x0862, 0x0862, 0x0862, 0x0862, 0x0862, 0x0862, 0x0862, 0x0862, 0x0862, 0x0862, 0x0862, 0x0862, 0x0862,
  0x0862, 0x0862, 0x0862, 0x0862, 0x0862, 0x0862, 0x0862, 0x0862, 0x0862, 0x0862, 0x0862, 0x0862, 0x0862, 0x0862, 0x0862, 0x0862,
  0x0862, 0x0862, 0x0862, 0x0862, 0x0862, 0x0862, 0x0862, 0x0862, 0x0862, 0x0862, 0x0862, 0x0862, 0x0862, 0x0862, 0x0862, 0x0862,
  0x0862, 0x0862, 0x0862, 0x0862, 0x0862, 0x0862, 0x0862, 0x0862, 0x0862, 0x0862, 0x0862, 0x0862, 0x0862, 0x0862, 0x0862, 0x0862,
  0x0862, 0x0862, 0x0862, 0x0862, 0x0862, 0x0862, 0x0862, 0x0862, 0x0862, 0x0862, 0x0862, 0x0862, 0x0862, 0x0862, 0x0862, 0x0862,
  0x0862, 0x0862, 0x0862, 0x0862, 0x0862, 0x0862, 0x0862, 0x0862, 0x0862, 0x0862, 0x0862, 0x0862, 0x0862, 0x0862, 0x0862, 0x0862,
  0x0862, 0x0862, 0x0862, 0x0862, 0x0862, 0x0862, 0x0862, 0x0862, 0x0862, 0x0862, 0x0862, 0x0862, 0x0862, 0x0862, 0x0862, 0x0862,
  0x0862, 0x0862, 0x0862, 0x0862, 0x0862, 0x0862, 0x0862, 0x0862, 0x0862, 0x0862, 0x0862, 0x0862, 0x0862, 0x0862, 0x0862, 0x0862,
  0x0862, 0x0862, 0x0862, 0x0862, 0x0862, 0x0862, 0x0862, 0x0862, 0x0862, 0x0862, 0x0862, 0x0862, 0x0862, 0x0862, 0x0862, 0x0862,
  0x0862, 0x0862, 0x0862, 0x0862, 0x0862, 0x0862, 0x0862, 0x0862, 0x0862, 0x0862, 0x0862, 0x0862, 0x0862, 0x0862, 0x0862, 0x0862,
  0x0862, 0x0862, 0x0862, 0x0862, 0x0862, 0x0862, 0x0862, 0x0862, 0x0862, 0x0862, 0x0862, 0x0862, 0x0862, 0x0862, 0x0862, 0x0862,
  0x0862, 0x0862, 0x0862, 0x0862, 0x0862, 0x0862, 0x0862, 0x0862, 0x0862, 0x0862, 0x0862, 0x0862, 0x0862, 0x0862, 0x0862, 0x0862,
  0x0862, 0x0862, 0x0862, 0x0862, 0x0862, 0x0862, 0x0862, 0x0862, 0x0862, 0x0862, 0x0862, 0x0862, 0x0862, 0x0862, 0x0862, 0x0862,
  0x0862, 0x0862, 0x0862, 0x0862, 0x0862, 0x0862, 0x0862, 0x0862, 0x0862, 0x0862, 0x0862, 0x0862, 0x0862, 0x0862, 0x0862, 0x0862,
  0x0862, 0x0862, 0x0862, 0x0862, 0x0862, 0x0862, 0x0862, 0x0862, 0x0862, 0x0862, 0x0862, 0x0862, 0x0862, 0x0862, 0x0862, 0x0862,
  0x0862, 0x0862, 0x0862, 0x0862, 0x0862, 0x0862, 0x0862, 0x0862, 0x0862, 0x0862, 0x0862, 0x0862, 0x0862, 0x0862, 0x0862, 0x0862,
  0x0862, 0x0862, 0x0862, 0x0862, 0x0862, 0x0862, 0x0862, 0x0862, 0x0862, 0x0862, 0x0862, 0x0862, 0x0862, 0x0862, 0x0862, 0x0862,
  0x0862, 0x0862, 0x0862, 0x0862, 0x0862, 0x0862, 0x0862, 0x0862, 0x0862, 0x0862, 0x0862, 0x0862, 0x0862, 0x0862, 0x0862, 0x0862,
  0x0862, 0x0862, 0x0862, 0x0862, 0x0862, 0x0862, 0x0862, 0x0862, 0x0862, 0x0862, 0x0862, 0x0862, 0x0862, 0x0862, 0x0862, 0x0862,
  0x0862, 0x0862, 0x0862, 0x0862, 0x0862, 0x0862, 0x0862, 0x0862, 0x0862, 0x0862, 0x0862, 0x0862, 0x0862, 0x0862, 0x0862, 0x0862,
  0x0862, 0x0862, 0x0862, 0x0862, 0x0862, 0x0862, 0x0862, 0x0862, 0x0862, 0x0862, 0x0862, 0x0862, 0x0862, 0x0862, 0x0862, 0x0862,
  0x0862, 0x0862, 0x0862, 0x0862, 0x0862, 0x0862, 0x0862, 0x0862, 0x0862, 0x0862, 0x0862, 0x0862, 0x0862, 0x0862, 0x0862, 0x0862,
  0x0862, 0x0862, 0x0862, 0x0862, 0x0862, 0x0862, 0x0862, 0x0862, 0x0862, 0x0862, 0x0862, 0x0862, 0x0862, 0x0862, 0x0862, 0x0862,
  0x0862, 0x0862, 0x0862, 0x0862, 0x0862, 0x0862, 0x0862, 0x0862, 0x0862, 0x0862, 0x0862, 0x0862, 0x0862, 0x0862, 0x0862, 0x0862,
  0x0862, 0x0862, 0x0862, 0x0862, 0x0862, 0x0862, 0x0862, 0x0862, 0x0862, 0x0862, 0x0862, 0x0862, 0x0862, 0x0862, 0x0862, 0x0862,
  0x0862, 0x0862, 0x0862, 0x0862, 0x0862, 0x0862, 0x0862, 0x0862, 0x0862, 0x0862, 0x0862, 0x0862, 0x0862, 0x0862, 0x0862, 0x0862,
  0x0862, 0x0862, 0x0862, 0x0862, 0x0862, 0x0862, 0x0862, 0x0862, 0x0862, 0x0862, 0x0862, 0x0862, 0x0862, 0x0862, 0x0862, 0x0862,
  0x0862, 0x0862, 0x0862, 0x0862, 0x0862, 0x0862, 0x0862, 0x0862, 0x0862, 0x0862, 0x0862, 0x0862, 0x0862, 0x0862, 0x0862, 0x0862,
  0x0862, 0x0862, 0x0862, 0x0862, 0x0862, 0x0862, 0x0862, 0x0862, 0x0862, 0x0862, 0x0862, 0x0862, 0x0862, 0x0862, 0x0862, 0x0862,
  0x0862, 0x0862, 0x0862, 0x0862, 0x0862, 0x0862, 0x0862, 0x0862, 0x0862, 0x0862, 0x0862, 0x0862, 0x0862, 0x0862, 0x0862, 0x0862,
  0x0862, 0x0862, 0x0862, 0x0862, 0x0862, 0x0862, 0x0862, 0x0862, 0x0862, 0x0862, 0x0862, 0x0862, 0x0862, 0x0862, 0x0862, 0x0862,
  0x0862, 0x0862, 0x0862, 0x0862, 0x0862, 0x0862, 0x0862, 0x0862, 0x0862, 0x0862, 0x0862, 0x0862, 0x0862, 0x0862, 0x0862, 0x0862,
  0x0862, 0x0862, 0x0862, 0x0862, 0x0862, 0x0862, 0x0862, 0x0862, 0x0862, 0x0862, 0x0862, 0x0862, 0x0862, 0x0862, 0x0862, 0x0862,
  0x0862, 0x0862, 0x0862, 0x0862, 0x0862, 0x0862, 0x0862, 0x0862, 0x0862, 0x0862, 0x0862, 0x0862, 0x0862, 0x0862, 0x0862, 0x0862,
  0x0862, 0x0862, 0x0862, 0x0862, 0x0862, 0x0862, 0x0862, 0x0862, 0x0862, 0x0862, 0x0862, 0x0862, 0x0862, 0x0862, 0x0862, 0x0862,
  0x0862, 0x0862, 0x0862, 0x0862, 0x0862, 0x0862, 0x0862, 0x0862, 0x0862, 0x0862, 0x0862, 0x0862, 0x0862, 0x0862, 0x0862, 0x0862,
  0x0862, 0x0862, 0x0862, 0x0862, 0x0862, 0x0862, 0x0862, 0x0862, 0x0862, 0x0862, 0x0862, 0x0862, 0x0862, 0x0862, 0x0862, 0x0862,
  0x0862, 0x0862, 0x0862, 0x0862, 0x0862, 0x0862, 0x0862, 0x0862, 0x0862, 0x0862, 0x0862, 0x0862, 0x0862, 0x0862, 0x0862, 0x0862,
  0x0862, 0x0862, 0x0862, 0x0862, 0x0862, 0x0862, 0x0862, 0x0862, 0x0862, 0x0862, 0x0862, 0x0862, 0x0862, 0x0862, 0x0862, 0x0862,
  0x0862, 0x0862, 0x0862, 0x0862, 0x0862, 0x0862, 0x0862, 0x0862, 0x0862, 0x0862, 0x0862, 0x0862, 0x0862, 0x0862, 0x0862, 0x0862,
  0x0862, 0x0862, 0x0862, 0x0862, 0x0862, 0x0862, 0x0862, 0x0862, 0x0862, 0x0862, 0x0862, 0x0862, 0x0862, 0x0862, 0x0862, 0x0862,
  0x0862, 0x0862, 0x0862, 0x0862, 0x0862, 0x0862, 0x0862, 0x0862, 0x0862, 0x0862, 0x0862, 0x0862, 0x0862, 0x0862, 0x0862, 0x0862,
  0x0862, 0x0862, 0x0862, 0x0862, 0x0862, 0x0862, 0x0862, 0x0862, 0x0862, 0x0862, 0x0862, 0x0862, 0x0862, 0x0862, 0x0862, 0x0862,
  0x0862, 0x0862, 0x0862, 0x0862, 0x0862, 0x0862, 0x0862, 0x0862, 0x0862, 0x0862, 0x0862, 0x0862, 0x0862, 0x0862, 0x0862, 0x0862,
  0x0862, 0x0862, 0x0862, 0x0862, 0x0862, 0x0862, 0x0862, 0x0862, 0x0862, 0x0862, 0x0862, 0x0862, 0x0862, 0x0862, 0x0862, 0x0862,
  0x0862, 0x0862, 0x0862, 0x0862, 0x0862, 0x0862, 0x0862, 0x0862, 0x0862, 0x0862, 0x0862, 0x0862, 0x0862, 0x0862, 0x0862, 0x0862,
  0x0862, 0x0862, 0x0862, 0x0862, 0x0862, 0x0862, 0x0862, 0x0862, 0x0862, 0x0862, 0x0862, 0x0862, 0x0862, 0x0862, 0x0862, 0x0862,
  0x0862, 0x0862, 0x0862, 0x0862, 0x0862, 0x0862, 0x0862, 0x0862, 0x0862, 0x0862, 0x0862, 0x0862, 0x0862, 0x0862, 0x0862, 0x0862,
  0x0862, 0x0862, 0x0862, 0x0862, 0x0862, 0x0862, 0x0862, 0x0862, 0x0862, 0x0862, 0x0862, 0x0862, 0x0862, 0x0862, 0x0862, 0x0862,
  0x0862, 0x0862, 0x0862, 0x0862, 0x0862, 0x0862, 0x0862, 0x0862, 0x0862, 0x0862, 0x0862, 0x0862, 0x0862, 0x0862, 0x0862, 0x0862,
  0x0862, 0x0862, 0x0862, 0x0862, 0x0862, 0x0862, 0x0862, 0x0862, 0x0862, 0x0862, 0x0862, 0x0862, 0x0862, 0x0862, 0x0862, 0x0862,
  0x0862, 0x0862, 0x0862, 0x0862, 0x0862, 0x0862, 0x0862, 0x0862, 0x0862, 0x0862, 0x0862, 0x0862, 0x0862, 0x0862, 0x0862, 0x0862,
  0x0862, 0x0862, 0x0862, 0x0862, 0x0862, 0x0862, 0x0862, 0x0862, 0x0862, 0x0862, 0x0862, 0x0862, 0x0862, 0x0862, 0x0862, 0x0862,
  0x0862, 0x0862, 0x0862, 0x0862, 0x0862, 0x0862, 0x0862, 0x0862, 0x0862, 0x0862, 0x0862, 0x0862, 0x0862, 0x0862, 0x0862, 0x0862,
  0x0862, 0x0862, 0x0862, 0x0862, 0x0862, 0x0862, 0x0862, 0x0862, 0x0862, 0x0862, 0x0862, 0x0862, 0x0862, 0x0862, 0x0862, 0x0862,
  0x0862, 0x0862, 0x0862, 0x0862, 0x0862, 0x0862, 0x0862, 0x0862, 0x0862, 0x0862, 0x0862, 0x0862, 0x0862, 0x0862, 0x0862, 0x0862,
  0x0862, 0x0862, 0x0862, 0x0862, 0x0862, 0x0862, 0x0862, 0x0862, 0x0862, 0x0862, 0x0862, 0x0862, 0x0862, 0x0862, 0x0862, 0x0862,
  0x0862, 0x0862, 0x0862, 0x0862, 0x0862, 0x0862, 0x0862, 0x0862, 0x0862, 0x0862, 0x0862, 0x0862, 0x0862, 0x0862, 0x0862, 0x0862,
  0x0862, 0x0862, 0x0862, 0x0862, 0x0862, 0x0862, 0x0862, 0x0862, 0x0862, 0x0862, 0x0862, 0x0862, 0x0862, 0x0862, 0x0862, 0x0862,
  0x0862, 0x0862, 0x0862, 0x0862, 0x0862, 0x0862, 0x0862, 0x0862, 0x0862, 0x0862, 0x0862, 0x0862, 0x0862, 0x0862, 0x0862, 0x0862,
  0x0862, 0x0862, 0x0862, 0x0862, 0x0862, 0x0862, 0x0862, 0x0862, 0x0862, 0x0862, 0x0862, 0x0862, 0x0862, 0x0862, 0x0862, 0x0862,
  0x0862, 0x0862, 0x0862, 0x0862, 0x0862, 0x0862, 0x0862, 0x0862, 0x0862, 0x0862, 0x0862, 0x0862, 0x0862, 0x0862, 0x0862, 0x0862,
  0x0862, 0x0862, 0x0862, 0x0862, 0x0862, 0x0862, 0x0862, 0x0862, 0x0862, 0x0862, 0x0862, 0x0862, 0x0862, 0x0862, 0x0862, 0x0862,
  0x0862, 0x0862, 0x0862, 0x0862, 0x0862, 0x0862, 0x0862, 0x0862, 0x0862, 0x0862, 0x0862, 0x0862, 0x0862, 0x0862, 0x0862, 0x0862,
  0x0862, 0x0862, 0x0862, 0x0862, 0x0862, 0x0862, 0x0862, 0x0862, 0x0862, 0x0862, 0x0862, 0x0862, 0x0862, 0x0862, 0x0862, 0x0862,
  0x0862, 0x0862, 0x0862, 0x0862, 0x0862, 0x0862, 0x0862, 0x0862, 0x0862, 0x0862, 0x0862, 0x0862, 0x0862, 0x0862, 0x0862, 0x0862,
  0x0862, 0x0862, 0x0862, 0x0862, 0x0862, 0x0862, 0x0862, 0x0862, 0x0862, 0x0862, 0x0862, 0x0862, 0x0862, 0x0862, 0x0862, 0x0862,
  0x0862, 0x0862, 0x0862, 0x0862, 0x0862, 0x0862, 0x0862, 0x0862, 0x0862, 0x0862, 0x0862, 0x0862, 0x0862, 0x0862, 0x0862, 0x0862,
  0x0862, 0x0862, 0x0862, 0x0862, 0x0862, 0x0862, 0x0862, 0x0862, 0x0862, 0x0862, 0x0862, 0x0862, 0x0862, 0x0862, 0x0862, 0x0862,
  0x0862, 0x0862, 0x0862, 0x0862, 0x0862, 0x0862, 0x0862, 0x0862, 0x0862, 0x0862, 0x0862, 0x0862, 0x0862, 0x0862, 0x0862, 0x0862,
  0x0862, 0x0862, 0x0862, 0x0862, 0x0862, 0x0862, 0x0862, 0x0862, 0x0862, 0x0862, 0x0862, 0x0862, 0x0862, 0x0862, 0x0862, 0x0862,
  0x0862, 0x0862, 0x0862, 0x0862, 0x0862, 0x0862, 0x0862, 0x0862, 0x0862, 0x0862, 0x0862, 0x0862, 0x0862, 0x0862, 0x0862, 0x0862,
  0x0862, 0x0862, 0x0862, 0x0862, 0x0862, 0x0862, 0x0862, 0x0862, 0x0862, 0x0862, 0x0862, 0x0862, 0x0862, 0x0862, 0x0862, 0x0862,
  0x0862, 0x0862, 0x0862, 0x0862, 0x0862, 0x0862, 0x0862, 0x0862, 0x0862, 0x0862, 0x0862, 0x0862, 0x0862, 0x0862, 0x0862, 0x0862,
  0x0862, 0x0862, 0x0862, 0x0862, 0x0862, 0x0862, 0x0862, 0x0862, 0x0862, 0x0862, 0x0862, 0x0862, 0x0862, 0x0862, 0x0862, 0x0862,
  0x0862, 0x0862, 0x0862, 0x0862, 0x0862, 0x0862, 0x0862, 0x0862, 0x0862, 0x0862, 0x0862, 0x0862, 0x0862, 0x0862, 0x0862, 0x0862,
  0x0862, 0x0862, 0x0862, 0x0862, 0x0862, 0x0862, 0x0862, 0x0862, 0x0862, 0x0862, 0x0862, 0x0862, 0x0862, 0x0862, 0x0862, 0x0862,
  0x0862, 0x0862, 0x0862, 0x0862, 0x0862, 0x0862, 0x0862, 0x0862, 0x0862, 0x0862, 0x0862, 0x0862, 0x0862, 0x0862, 0x0862, 0x0862,
  0x0862, 0x0862, 0x0862, 0x0862, 0x0862, 0x0862, 0x0862, 0x0862, 0x0862, 0x0862, 0x0862, 0x0862, 0x0862, 0x0862, 0x0862, 0x0862,
  0x0862, 0x0862, 0x0862, 0x0862, 0x0862, 0x0862, 0x0862, 0x0862, 0x0862, 0x0862, 0x0862, 0x0862, 0x0862, 0x0862, 0x0862, 0x0862,
  0x0862, 0x0862, 0x0862, 0x0862, 0x0862, 0x0862, 0x0862, 0x0862, 0x0862, 0x0862, 0x0862, 0x0862, 0x0862, 0x0862, 0x0862, 0x0862,
  0x0862, 0x0862, 0x0862, 0x0862, 0x0862, 0x0862, 0x0862, 0x0862, 0x0862, 0x0862, 0x0862, 0x0862, 0x0862, 0x0862, 0x0862, 0x0862,
  0x0862, 0x0862, 0x0862, 0x0862, 0x0862, 0x0862, 0x0862, 0x0862, 0x0862, 0x0862, 0x0862, 0x0862, 0x0862, 0x0862, 0x0862, 0x0862,
  0x0862, 0x0862, 0x0862, 0x0862, 0x0862, 0x0862, 0x0862, 0x0862, 0x0862, 0x0862, 0x0862, 0x0862, 0x0862, 0x0862, 0x0862, 0x0862,
  0x0862, 0x0862, 0x0862, 0x0862, 0x0862, 0x0862, 0x0862, 0x0862, 0x0862, 0x0862, 0x0862, 0x0862, 0x0862, 0x0862, 0x0862, 0x0862,
  0x0862, 0x0862, 0x0862, 0x0862, 0x0862, 0x0862, 0x0862, 0x0862, 0x0862, 0x0862, 0x0862, 0x0862, 0x0862, 0x0862, 0x0862, 0x0862,
  0x0862, 0x0862, 0x0862, 0x0862, 0x0862, 0x0862, 0x0862, 0x0862, 0x0862, 0x0862, 0x0862, 0x0862, 0x0862, 0x0862, 0x0862, 0x0862,
  0x0862, 0x0862, 0x0862, 0x0862, 0x0862, 0x0862, 0x0862, 0x0862, 0x0862, 0x0862, 0x0862, 0x0862, 0x0862, 0x0862, 0x0862, 0x0862,
  0x0862, 0x0862, 0x0862, 0x0862, 0x0862, 0x0862, 0x0862, 0x0862, 0x0862, 0x0862, 0x0862, 0x0862, 0x0862, 0x0862, 0x0862, 0x0862,
  0x0862, 0x0862, 0x0862, 0x0862, 0x0862, 0x0862, 0x0862, 0x0862, 0x0862, 0x0862, 0x0862, 0x0862, 0x0862, 0x0862, 0x0862, 0x0862,
  0x0862, 0x0862, 0x0862, 0x0862, 0x0862, 0x0862, 0x0862, 0x0862, 0x0862, 0x0862, 0x0862, 0x0862, 0x0862, 0x0862, 0x0862, 0x0862,
  0x0862, 0x0862, 0x0862, 0x0862, 0x0862, 0x0862, 0x0862, 0x0862, 0x0862, 0x0862, 0x0862, 0x0862, 0x0862, 0x0862, 0x0862, 0x0862,
  0x0862, 0x0862, 0x0862, 0x0862, 0x0862, 0x0862, 0x0862, 0x0862, 0x0862, 0x0862, 0x0862, 0x0862, 0x0862, 0x0862, 0x0862, 0x0862,
  0x0862, 0x0862, 0x0862, 0x0862, 0x0862, 0x0862, 0x0862, 0x0862, 0x0862, 0x0862, 0x0862, 0x0862, 0x0862, 0x0862, 0x0862, 0x0862,
  0x0862, 0x0862, 0x0862, 0x0862, 0x0862, 0x0862, 0x0862, 0x0862, 0x0862, 0x0862, 0x0862, 0x0862, 0x0862, 0x0862, 0x0862, 0x0862,
  0x0862, 0x0862, 0x0862, 0x0862, 0x0862, 0x0862, 0x0862, 0x0862, 0x0862, 0x0862, 0x0862, 0x0862, 0x0862, 0x0862, 0x0862, 0x0862,
  0x0862, 0x0862, 0x0862, 0x0862, 0x0862, 0x0862, 0x0862, 0x0862, 0x0862, 0x0862, 0x0862, 0x0862, 0x0862, 0x0862, 0x0862, 0x0862,
  0x0862, 0x0862, 0x0862, 0x0862, 0x0862, 0x0862, 0x0862, 0x0862, 0x0862, 0x0862, 0x0862, 0x0862, 0x0862, 0x0862, 0x0862, 0x0862,
  0x0862, 0x0862, 0x0862, 0x0862, 0x0862, 0x0862, 0x0862, 0x0862, 0x0862, 0x0862, 0x0862, 0x0862, 0x0862, 0x0862, 0x0862, 0x0862,
  0x0862, 0x0862, 0x0862, 0x0862, 0x0862, 0x0862, 0x0862, 0x0862, 0x0862, 0x0862, 0x0862, 0x0862, 0x0862, 0x0862, 0x0862, 0x0862,
  0x0862, 0x0862, 0x0862, 0x0862, 0x0862, 0x0862, 0x0862, 0x0862, 0x0862, 0x0862, 0x0862, 0x0862, 0x0862, 0x0862, 0x0862, 0x0862,
  0x0862, 0x0862, 0x0862, 0x0862, 0x0862, 0x0862, 0x0862, 0x0862, 0x0862, 0x0862, 0x0862, 0x0862, 0x0862, 0x0862, 0x0862, 0x0862,
  0x0862, 0x0862, 0x0862, 0x0862, 0x0862, 0x0862, 0x0862, 0x0862, 0x0862, 0x0862, 0x0862, 0x0862, 0x0862, 0x0862, 0x0862, 0x0862,
  0x0862, 0x0862, 0x0862, 0x0862, 0x0862, 0x0862, 0x0862, 0x0862, 0x0862, 0x0862, 0x0862, 0x0862, 0x0862, 0x0862, 0x0862, 0x0862,
  0x0862, 0x0862, 0x0862, 0x0862, 0x0862, 0x0862, 0x0862, 0x0862, 0x0862, 0x0862, 0x0862, 0x0862, 0x0862, 0x0862, 0x0862, 0x0862,
  0x0862, 0x0862, 0x0862, 0x0862, 0x0862, 0x0862, 0x0862, 0x0862, 0x0862, 0x0862, 0x0862, 0x0862, 0x0862, 0x0862, 0x0862, 0x0862,
  0x0862, 0x0862, 0x0862, 0x0862, 0x0862, 0x0862, 0x0862, 0x0862, 0x0862, 0x0862, 0x0862, 0x0862, 0x0862, 0x0862, 0x0862, 0x0862,
  0x0862, 0x0862, 0x0862, 0x0862, 0x0862, 0x0862, 0x0862, 0x0862, 0x0862, 0x0862, 0x0862, 0x0862, 0x0862, 0x0862, 0x0862, 0x0862,
  0x0862, 0x0862, 0x0862, 0x0862, 0x0862, 0x0862, 0x0862, 0x0862, 0x0862, 0x0862, 0x0862, 0x0862, 0x0862, 0x0862, 0x0862, 0x0862,
  0x0862, 0x0862, 0x0862, 0x0862, 0x0862, 0x0862, 0x0862, 0x0862, 0x0862, 0x0862, 0x0862, 0x0862, 0x0862, 0x0862, 0x0862, 0x0862,
  0x0862, 0x0862, 0x0862, 0x0862, 0x0862, 0x0862, 0x0862, 0x0862, 0x0862, 0x0862, 0x0862, 0x0862, 0x0862, 0x0862, 0x0862, 0x0862,
  0x0862, 0x0862, 0x0862, 0x0862, 0x0862, 0x0862, 0x0862, 0x0862, 0x0862, 0x0862, 0x0862, 0x0862, 0x0862, 0x0862, 0x0862, 0x0862,
  0x0862, 0x0862, 0x0862, 0x0862, 0x0862, 0x0862, 0x0862, 0x0862, 0x0862, 0x0862, 0x0862, 0x0862, 0x0862, 0x0862, 0x0862, 0x0862,
  0x0862, 0x0862, 0x0862, 0x0862, 0x0862, 0x0862, 0x0862, 0x0862, 0x0862, 0x0862, 0x0862, 0x0862, 0x0862, 0x0862, 0x0862, 0x0862,
  0x0862, 0x0862, 0x0862, 0x0862, 0x0862, 0x0862, 0x0862, 0x0862, 0x0862, 0x0862, 0x0862, 0x0862, 0x0862, 0x0862, 0x0862, 0x0862,
  0x0862, 0x0862, 0x0862, 0x0862, 0x0862, 0x0862, 0x0862, 0x0862, 0x0862, 0x0862, 0x0862, 0x0862, 0x0862, 0x0862, 0x0862, 0x0862,
  0x0862, 0x0862, 0x0862, 0x0862, 0x0862, 0x0862, 0x0862, 0x0862, 0x0862, 0x0862, 0x0862, 0x0862, 0x0862, 0x0862, 0x0862, 0x0862,
  0x0862, 0x0862, 0x0862, 0x0862, 0x0862, 0x0862, 0x0862, 0x0862, 0x0862, 0x0862, 0x0862, 0x0862, 0x0862, 0x0862, 0x0862, 0x0862,
  0x0862, 0x0862, 0x0862, 0x0862, 0x0862, 0x0862, 0x0862, 0x0862, 0x0862, 0x0862, 0x0862, 0x0862, 0x0862, 0x0862, 0x0862, 0x0862,
  0x0862, 0x0862, 0x0862, 0x0862, 0x0862, 0x0862, 0x0862, 0x0862, 0x0862, 0x0862, 0x0862, 0x0862, 0x0862, 0x0862, 0x0862, 0x0862,
  0x0862, 0x0862, 0x0862, 0x0862, 0x0862, 0x0862, 0x0862, 0x0862, 0x0862, 0x0862, 0x0862, 0x0862, 0x0862, 0x0862, 0x0862, 0x0862,
  0x0862, 0x0862, 0x0862, 0x0862, 0x0862, 0x0862, 0x0862, 0x0862, 0x0862, 0x0862, 0x0862, 0x0862, 0x0862, 0x0862, 0x0862, 0x0862,
  0x0862, 0x0862, 0x0862, 0x0862, 0x0862, 0x0862, 0x0862, 0x0862, 0x0862, 0x0862, 0x0862, 0x0862, 0x0862, 0x0862, 0x0862, 0x0862,
  0x0862, 0x0862, 0x0862, 0x0862, 0x0862, 0x0862, 0x0862, 0x0862, 0x0862, 0x0862, 0x0862, 0x0862, 0x0862, 0x0862, 0x0862, 0x0862,
  0x0862, 0x0862, 0x0862, 0x0862, 0x0862, 0x0862, 0x0862, 0x0862, 0x0862, 0x0862, 0x0862, 0x0862, 0x0862, 0x0862, 0x0862, 0x0862,
  0x0862, 0x0862, 0x0862, 0x0862, 0x0862, 0x0862, 0x0862, 0x0862, 0x0862, 0x0862, 0x0862, 0x0862, 0x0862, 0x0862, 0x0862, 0x0862,
  0x0862, 0x0862, 0x0862, 0x0862, 0x0862, 0x0862, 0x0862, 0x0862, 0x0862, 0x0862, 0x0862, 0x0862, 0x0862, 0x0862, 0x0862, 0x0862,
  0x0862, 0x0862, 0x0862, 0x0862, 0x0862, 0x0862, 0x0862, 0x0862, 0x0862, 0x0862, 0x0862, 0x0862, 0x0862, 0x0862, 0x0862, 0x0862,
  0x0862, 0x0862, 0x0862, 0x0862, 0x0862, 0x0862, 0x0862, 0x0862, 0x0862, 0x0862, 0x0862, 0x0862, 0x0862, 0x0862, 0x0862, 0x0862,
  0x0862, 0x0862, 0x0862, 0x0862, 0x0862, 0x0862, 0x0862, 0x0862, 0x0862, 0x0862, 0x0862, 0x0862, 0x0862, 0x0862, 0x0862, 0x0862,
  0x0862, 0x0862, 0x0862, 0x0862, 0x0862, 0x0862, 0x0862, 0x0862, 0x0862, 0x0862, 0x0862, 0x0862, 0x0862, 0x0862, 0x0862, 0x0862,
  0x0862, 0x0862, 0x0862, 0x0862, 0x0862, 0x0862, 0x0862, 0x0862, 0x0862, 0x0862, 0x0862, 0x0862, 0x0862, 0x0862, 0x0862, 0x0862,
  0x0862, 0x0862, 0x0862, 0x0862, 0x0862, 0x0862, 0x0862, 0x0862, 0x0862, 0x0862, 0x0862, 0x0862, 0x0862, 0x0862, 0x0862, 0x0862,
  0x0862, 0x0862, 0x0862, 0x0862, 0x0862, 0x0862, 0x0862, 0x0862, 0x0862, 0x0862, 0x0862, 0x0862, 0x0862, 0x0862, 0x0862, 0x0862,
  0x0862, 0x0862, 0x0862, 0x0862, 0x0862, 0x0862, 0x0862, 0x0862, 0x0862, 0x0862, 0x0862, 0x0862, 0x0862, 0x0862, 0x0862, 0x0862,
  0x0862, 0x0862, 0x0862, 0x0862, 0x0862, 0x0862, 0x0862, 0x0862, 0x0862, 0x0862, 0x0862, 0x0862, 0x0862, 0x0862, 0x0862, 0x0862,
  0x0862, 0x0862, 0x0862, 0x0862, 0x0862, 0x0862, 0x0862, 0x0862, 0x0862, 0x0862, 0x0862, 0x0862, 0x0862, 0x0862, 0x0862, 0x0862,
  0x0862, 0x0862, 0x0862, 0x0862, 0x0862, 0x0862, 0x0862, 0x0862, 0x0862, 0x0862, 0x0862, 0x0862, 0x0862, 0x0862, 0x0862, 0x0862,
  0x0862, 0x0862, 0x0862, 0x0862, 0x0862, 0x0862, 0x0862, 0x0862, 0x0862, 0x0862, 0x0862, 0x0862, 0x0862, 0x0862, 0x0862, 0x0862,
  0x0862, 0x0862, 0x0862, 0x0862, 0x0862, 0x0862, 0x0862, 0x0862, 0x0862, 0x0862, 0x0862, 0x0862, 0x0862, 0x0862, 0x0862, 0x0862,
  0x0862, 0x0862, 0x0862, 0x0862, 0x0862, 0x0862, 0x0862, 0x0862, 0x0862, 0x0862, 0x0862, 0x0862, 0x0862, 0x0862, 0x0862, 0x0862,
  0x0862, 0x0862, 0x0862, 0x0862, 0x0862, 0x0862, 0x0862, 0x0862, 0x0862, 0x0862, 0x0862, 0x0862, 0x0862, 0x0862, 0x0862, 0x0862,
  0x0862, 0x0862, 0x0862, 0x0862, 0x0862, 0x0862, 0x0862, 0x0862, 0x0862, 0x0862, 0x0862, 0x0862, 0x0862, 0x0862, 0x0862, 0x0862,
  0x0862, 0x0862, 0x0862, 0x0862, 0x0862, 0x0862, 0x0862, 0x0862, 0x0862, 0x0862, 0x0862, 0x0862, 0x0862, 0x0862, 0x0862, 0x0862,
  0x0862, 0x0862, 0x0862, 0x0862, 0x0862, 0x0862, 0x0862, 0x0862, 0x0862, 0x0862, 0x0862, 0x0862, 0x0862, 0x0862, 0x0862, 0x0862,
  0x0862, 0x0862, 0x0862, 0x0862, 0x0862, 0x0862, 0x0862, 0x0862, 0x0862, 0x0862, 0x0862, 0x0862, 0x0862, 0x0862, 0x0862, 0x0862,
  0x0862, 0x0862, 0x0862, 0x0862, 0x0862, 0x0862, 0x0862, 0x0862, 0x0862, 0x0862, 0x0862, 0x0862, 0x0862, 0x0862, 0x0862, 0x0862,
  0x0862, 0x0862, 0x0862, 0x0862, 0x0862, 0x0862, 0x0862, 0x0862, 0x0862, 0x0862, 0x0862, 0x0862, 0x0862, 0x0862, 0x0862, 0x0862,
  0x0862, 0x0862, 0x0862, 0x0862, 0x0862, 0x0862, 0x0862, 0x0862, 0x0862, 0x0862, 0x0862, 0x0862, 0x0862, 0x0862, 0x0862, 0x0862,
  0x0862, 0x0862, 0x0862, 0x0862, 0x0862, 0x0862, 0x0862, 0x0862, 0x0862, 0x0862, 0x0862, 0x0862, 0x0862, 0x0862, 0x0862, 0x0862,
  0x0862, 0x0862, 0x0862, 0x0862, 0x0862, 0x0862, 0x0862, 0x0862, 0x0862, 0x0862, 0x0862, 0x0862, 0x0862, 0x0862, 0x0862, 0x0862,
  0x0862, 0x0862, 0x0862, 0x0862, 0x0862, 0x0862, 0x0862, 0x0862, 0x0862, 0x0862, 0x0862, 0x0862, 0x0862, 0x0862, 0x0862, 0x0862,
  0x0862, 0x0862, 0x0862, 0x0862, 0x0862, 0x0862, 0x0862, 0x0862, 0x0862, 0x0862, 0x0862, 0x0862, 0x0862, 0x0862, 0x0862, 0x0862,
  0x0862, 0x0862, 0x0862, 0x0862, 0x0862, 0x0862, 0x0862, 0x0862, 0x0862, 0x0862, 0x0862, 0x0862, 0x0862, 0x0862, 0x0862, 0x0862,
  0x0862, 0x0862, 0x0862, 0x0862, 0x0862, 0x0862, 0x0862, 0x0862, 0x0862, 0x0862, 0x0862, 0x0862, 0x0862, 0x0862, 0x0862, 0x0862,
  0x0862, 0x0862, 0x0862, 0x0862, 0x0862, 0x0862, 0x0862, 0x0862, 0x0862, 0x0862, 0x0862, 0x0862, 0x0862, 0x0862, 0x0862, 0x0862,
  0x0862, 0x0862, 0x0862, 0x0862, 0x0862, 0x0862, 0x0862, 0x0862, 0x0862, 0x0862, 0x0862, 0x0862, 0x0862, 0x0862, 0x0862, 0x0862,
  0x0862, 0x0862, 0x0862, 0x0862, 0x0862, 0x0862, 0x0862, 0x0862, 0x0862, 0x0862, 0x0862, 0x0862, 0x0862, 0x0862, 0x0862, 0x0862,
  0x0862, 0x0862, 0x0862, 0x0862, 0x0862, 0x0862, 0x0862, 0x0862, 0x0862, 0x0862, 0x0862, 0x0862, 0x0862, 0x0862, 0x0862, 0x0862,
  0x0862, 0x0862, 0x0862, 0x0862, 0x0862, 0x0862, 0x0862, 0x0862, 0x0862, 0x0862, 0x0862, 0x0862, 0x0862, 0x0862, 0x0862, 0x0862,
  0x0862, 0x0862, 0x0862, 0x0862, 0x0862, 0x0862, 0x0862, 0x0862, 0x0862, 0x0862, 0x0862, 0x0862, 0x0862, 0x0862, 0x0862, 0x0862,
  0x0862, 0x0862, 0x0862, 0x0862, 0x0862, 0x0862, 0x0862, 0x0862, 0x0862, 0x0862, 0x0862, 0x0862, 0x0862, 0x0862, 0x0862, 0x0862,
  0x0862, 0x0862, 0x0862, 0x0862, 0x0862, 0x0862, 0x0862, 0x0862, 0x0862, 0x0862, 0x0862, 0x0862, 0x0862, 0x0862, 0x0862, 0x0862,
  0x0862, 0x0862, 0x0862, 0x0862, 0x0862, 0x0862, 0x0862, 0x0862, 0x0862, 0x0862, 0x0862, 0x0862, 0x0862, 0x0862, 0x0862, 0x0862,
  0x0862, 0x0862, 0x0862, 0x0862, 0x0862, 0x0862, 0x0862, 0x0862, 0x0862, 0x0862, 0x0862, 0x0862, 0x0862, 0x0862, 0x0862, 0x0862,
  0x0862, 0x0862, 0x0862, 0x0862, 0x0862, 0x0862, 0x0862, 0x0862, 0x0862, 0x0862, 0x0862, 0x0862, 0x0862, 0x0862, 0x0862, 0x0862,
  0x0862, 0x0862, 0x0862, 0x0862, 0x0862, 0x0862, 0x0862, 0x0862, 0x0862, 0x0862, 0x0862, 0x0862, 0x0862, 0x0862, 0x0862, 0x0862,
  0x0862, 0x0862, 0x0862, 0x0862, 0x0862, 0x0862, 0x0862, 0x0862, 0x0862, 0x0862, 0x0862, 0x0862, 0x0862, 0x0862, 0x0862, 0x0862,
  0x0862, 0x0862, 0x0862, 0x0862, 0x0862, 0x0862, 0x0862, 0x0862, 0x0862, 0x0862, 0x0862, 0x0862, 0x0862, 0x0862, 0x0862, 0x0862,
  0x0862, 0x0862, 0x0862, 0x0862, 0x0862, 0x0862, 0x0862, 0x0862, 0x0862, 0x0862, 0x0862, 0x0862, 0x0862, 0x0862, 0x0862, 0x0862,
  0x0862, 0x0862, 0x0862, 0x0862, 0x0862, 0x0862, 0x0862, 0x0862, 0x0862, 0x0862, 0x0862, 0x0862, 0x0862, 0x0862, 0x0862, 0x0862,
  0x0862, 0x0862, 0x0862, 0x0862, 0x0862, 0x0862, 0x0862, 0x0862, 0x0862, 0x0862, 0x0862, 0x0862, 0x0862, 0x0862, 0x0862, 0x0862,
  0x0862, 0x0862, 0x0862, 0x0862, 0x0862, 0x0862, 0x0862, 0x0862, 0x0862, 0x0862, 0x0862, 0x0862, 0x0862, 0x0862, 0x0862, 0x0862,
  0x0862, 0x0862, 0x0862, 0x0862, 0x0862, 0x0862, 0x0862, 0x0862, 0x0862, 0x0862, 0x0862, 0x0862, 0x0862, 0x0862, 0x0862, 0x0862,
  0x0862, 0x0862, 0x0862, 0x0862, 0x0862, 0x0862, 0x0862, 0x0862, 0x0862, 0x0862, 0x0862, 0x0862, 0x0862, 0x0862, 0x0862, 0x0862,
  0x0862, 0x0862, 0x0862, 0x0862, 0x0862, 0x0862, 0x0862, 0x0862, 0x0862, 0x0862, 0x0862, 0x0862, 0x0862, 0x0862, 0x0862, 0x0862,
  0x0862, 0x0862, 0x0862, 0x0862, 0x0862, 0x0862, 0x0862, 0x0862, 0x0862, 0x0862, 0x0862, 0x0862, 0x0862, 0x0862, 0x0862, 0x0862,
  0x0862, 0x0862, 0x0862, 0x0862, 0x0862, 0x0862, 0x0862, 0x0862, 0x0862, 0x0862, 0x0862, 0x0862, 0x0862, 0x0862, 0x0862, 0x0862,
  0x0862, 0x0862, 0x0862, 0x0862, 0x0862, 0x0862, 0x0862, 0x0862, 0x0862, 0x0862, 0x0862, 0x0862, 0x0862, 0x0862, 0x0862, 0x0862,
  0x0862, 0x0862, 0x0862, 0x0862, 0x0862, 0x0862, 0x0862, 0x0862, 0x0862, 0x0862, 0x0862, 0x0862, 0x0862, 0x0862, 0x0862, 0x0862,
  0x0862, 0x0862, 0x0862, 0x0862, 0x0862, 0x0862, 0x0862, 0x0862, 0x0862, 0x0862, 0x0862, 0x0862, 0x0862, 0x0862, 0x0862, 0x0862,
  0x0862, 0x0862, 0x0862, 0x0862, 0x0862, 0x0862, 0x0862, 0x0862, 0x0862, 0x0862, 0x0862, 0x0862, 0x0862, 0x0862, 0x0862, 0x0862,
  0x0862, 0x0862, 0x0862, 0x0862, 0x0862, 0x0862, 0x0862, 0x0862, 0x0862, 0x0862, 0x0862, 0x0862, 0x0862, 0x0862, 0x0862, 0x0862,
  0x0862, 0x0862, 0x0862, 0x0862, 0x0862, 0x0862, 0x0862, 0x0862, 0x0862, 0x0862, 0x0862, 0x0862, 0x0862, 0x0862, 0x0862, 0x0862,
  0x0862, 0x0862, 0x0862, 0x0862, 0x0862, 0x0862, 0x0862, 0x0862, 0x0862, 0x0862, 0x0862, 0x0862, 0x0862, 0x0862, 0x0862, 0x0862,
  0x0862, 0x0862, 0x0862, 0x0862, 0x0862, 0x0862, 0x0862, 0x0862, 0x0862, 0x0862, 0x0862, 0x0862, 0x0862, 0x0862, 0x0862, 0x0862,
  0x0862, 0x0862, 0x0862, 0x0862, 0x0862, 0x0862, 0x0862, 0x0862, 0x0862, 0x0862, 0x0862, 0x0862, 0x0862, 0x0862, 0x0862, 0x0862,
  0x0862, 0x0862, 0x0862, 0x0862, 0x0862, 0x0862, 0x0862, 0x0862, 0x0862, 0x0862, 0x0862, 0x0862, 0x0862, 0x0862, 0x0862, 0x0862,
  0x0862, 0x0862, 0x0862, 0x0862, 0x0862, 0x0862, 0x0862, 0x0862, 0x0862, 0x0862, 0x0862, 0x0862, 0x0862, 0x0862, 0x0862, 0x0862,
  0x0862, 0x0862, 0x0862, 0x0862, 0x0862, 0x0862, 0x0862, 0x0862, 0x0862, 0x0862, 0x0862, 0x0862, 0x0862, 0x0862, 0x0862, 0x0862,
  0x0862, 0x0862, 0x0862, 0x0862, 0x0862, 0x0862, 0x0862, 0x0862, 0x0862, 0x0862, 0x0862, 0x0862, 0x0862, 0x0862, 0x0862, 0x0862,
  0x0862, 0x0862, 0x0862, 0x0862, 0x0862, 0x0862, 0x0862, 0x0862, 0x0862, 0x0862, 0x0862, 0x0862, 0x0862, 0x0862, 0x0862, 0x0862,
  0x0862, 0x0862, 0x0862, 0x0862, 0x0862, 0x0862, 0x0862, 0x0862, 0x0862, 0x0862, 0x0862, 0x0862, 0x0862, 0x0862, 0x0862, 0x0862,
  0x0862, 0x0862, 0x0862, 0x0862, 0x0862, 0x0862, 0x0862, 0x0862, 0x0862, 0x0862, 0x0862, 0x0862, 0x0862, 0x0862, 0x0862, 0x0862,
  0x0862, 0x0862, 0x0862, 0x0862, 0x0862, 0x0862, 0x0862, 0x0862, 0x0862, 0x0862, 0x0862, 0x0862, 0x0862, 0x0862, 0x0862, 0x0862,
  0x0862, 0x0862, 0x0862, 0x0862, 0x0862, 0x0862, 0x0862, 0x0862, 0x0862, 0x0862, 0x0862, 0x0862, 0x0862, 0x0862, 0x0862, 0x0862,
  0x0862, 0x0862, 0x0862, 0x0862, 0x0862, 0x0862, 0x0862, 0x0862, 0x0862, 0x0862, 0x0862, 0x0862, 0x0862, 0x0862, 0x0862, 0x0862,
  0x0862, 0x0862, 0x0862, 0x0862, 0x0862, 0x0862, 0x0862, 0x0862, 0x0862, 0x0862, 0x0862, 0x0862, 0x0862, 0x0862, 0x0862, 0x0862,
  0x0862, 0x0862, 0x0862, 0x0862, 0x0862, 0x0862, 0x0862, 0x0862, 0x0862, 0x0862, 0x0862, 0x0862, 0x0862, 0x0862, 0x0862, 0x0862,
  0x0862, 0x0862, 0x0862, 0x0862, 0x0862, 0x0862, 0x0862, 0x0862, 0x0862, 0x0862, 0x0862, 0x0862, 0x0862, 0x0862, 0x0862, 0x0862,
  0x0862, 0x0862, 0x0862, 0x0862, 0x0862, 0x0862, 0x0862, 0x0862, 0x0862, 0x0862, 0x0862, 0x0862, 0x0862, 0x0862, 0x0862, 0x0862,
  0x0862, 0x0862, 0x0862, 0x0862, 0x0862, 0x0862, 0x0862, 0x0862, 0x0862, 0x0862, 0x0862, 0x0862, 0x0862, 0x0862, 0x0862, 0x0862,
  0x0862, 0x0862, 0x0862, 0x0862, 0x0862, 0x0862, 0x0862, 0x0862, 0x0862, 0x0862, 0x0862, 0x0862, 0x0862, 0x0862, 0x0862, 0x0862,
  0x0862, 0x0862, 0x0862, 0x0862, 0x0862, 0x0862, 0x0862, 0x0862, 0x0862, 0x0862, 0x0862, 0x0862, 0x0862, 0x0862, 0x0862, 0x0862,
  0x0862, 0x0862, 0x0862, 0x0862, 0x0862, 0x0862, 0x0862, 0x0862, 0x0862, 0x0862, 0x0862, 0x0862, 0x0862, 0x0862, 0x0862, 0x0862,
  0x0862, 0x0862, 0x0862, 0x0862, 0x0862, 0x0862, 0x0862, 0x0862, 0x0862, 0x0862, 0x0862, 0x0862, 0x0862, 0x0862, 0x0862, 0x0862,
  0x0862, 0x0862, 0x0862, 0x0862, 0x0862, 0x0862, 0x0862, 0x0862, 0x0862, 0x0862, 0x0862, 0x0862, 0x0862, 0x0862, 0x0862, 0x0862,
  0x0862, 0x0862, 0x0862, 0x0862, 0x0862, 0x0862, 0x0862, 0x0862, 0x0862, 0x0862, 0x0862, 0x0862, 0x0862, 0x0862, 0x0862, 0x0862,
  0x0862, 0x0862, 0x0862, 0x0862, 0x0862, 0x0862, 0x0862, 0x0862, 0x0862, 0x0862, 0x0862, 0x0862, 0x0862, 0x0862, 0x0862, 0x0862,
  0x0862, 0x0862, 0x0862, 0x0862, 0x0862, 0x0862, 0x0862, 0x0862, 0x0862, 0x0862, 0x0862, 0x0862, 0x0862, 0x0862, 0x0862, 0x0862,
  0x0862, 0x0862, 0x0862, 0x0862, 0x0862, 0x0862, 0x0862, 0x0862, 0x0862, 0x0862, 0x0862, 0x0862, 0x0862, 0x0862, 0x0862, 0x0862,
  0x0862, 0x0862, 0x0862, 0x0862, 0x0862, 0x0862, 0x0862, 0x0862, 0x0862, 0x0862, 0x0862, 0x0862, 0x0862, 0x0862, 0x0862, 0x0862,
  0x0862, 0x0862, 0x0862, 0x0862, 0x0862, 0x0862, 0x0862, 0x0862, 0x0862, 0x0862, 0x0862, 0x0862, 0x0862, 0x0862, 0x0862, 0x0862,
  0x0862, 0x0862, 0x0862, 0x0862, 0x0862, 0x0862, 0x0862, 0x0862, 0x0862, 0x0862, 0x0862, 0x0862, 0x0862, 0x0862, 0x0862, 0x0862,
  0x0862, 0x0862, 0x0862, 0x0862, 0x0862, 0x0862, 0x0862, 0x0862, 0x0862, 0x0862, 0x0862, 0x0862, 0x0862, 0x0862, 0x0862, 0x0862,
  0x0862, 0x0862, 0x0862, 0x0862, 0x0862, 0x0862, 0x0862, 0x0862, 0x0862, 0x0862, 0x0862, 0x0862, 0x0862, 0x0862, 0x0862, 0x0862,
  0x0862, 0x0862, 0x0862, 0x0862, 0x0862, 0x0862, 0x0862, 0x0862, 0x0862, 0x0862, 0x0862, 0x0862, 0x0862, 0x0862, 0x0862, 0x0862,
  0x0862, 0x0862, 0x0862, 0x0862, 0x0862, 0x0862, 0x0862, 0x0862, 0x0862, 0x0862, 0x0862, 0x0862, 0x0862, 0x0862, 0x0862, 0x0862,
  0x0862, 0x0862, 0x0862, 0x0862, 0x0862, 0x0862, 0x0862, 0x0862, 0x0862, 0x0862, 0x0862, 0x0862, 0x0862, 0x0862, 0x0862, 0x0862,
  0x0862, 0x0862, 0x0862, 0x0862, 0x0862, 0x0862, 0x0862, 0x0862, 0x0862, 0x0862, 0x0862, 0x0862, 0x0862, 0x0862, 0x0862, 0x0862,
  0x0862, 0x0862, 0x0862, 0x0862, 0x0862, 0x0862, 0x0862, 0x0862, 0x0862, 0x0862, 0x0862, 0x0862, 0x0862, 0x0862, 0x0862, 0x0862,
  0x0862, 0x0862, 0x0862, 0x0862, 0x0862, 0x0862, 0x0862, 0x0862, 0x0862, 0x0862, 0x0862, 0x0862, 0x0862, 0x0862, 0x0862, 0x0862,
  0x0862, 0x0862, 0x0862, 0x0862, 0x0862, 0x0862, 0x0862, 0x0862, 0x0862, 0x0862, 0x0862, 0x0862, 0x0862, 0x0862, 0x0862, 0x0862,
  0x0862, 0x0862, 0x0862, 0x0862, 0x0862, 0x0862, 0x0862, 0x0862, 0x0862, 0x0862, 0x0862, 0x0862, 0x0862, 0x0862, 0x0862, 0x0862,
  0x0862, 0x0862, 0x0862, 0x0862, 0x0862, 0x0862, 0x0862, 0x0862, 0x0862, 0x0862, 0x0862, 0x0862, 0x0862, 0x0862, 0x0862, 0x0862,
  0x0862, 0x0862, 0x0862, 0x0862, 0x0862, 0x0862, 0x0862, 0x0862, 0x0862, 0x0862, 0x0862, 0x0862, 0x0862, 0x0862, 0x0862, 0x0862,
  0x0862, 0x0862, 0x0862, 0x0862, 0x0862, 0x0862, 0x0862, 0x0862, 0x0862, 0x0862, 0x0862, 0x0862, 0x0862, 0x0862, 0x0862, 0x0862,
  0x0862, 0x0862, 0x0862, 0x0862, 0x0862, 0x0862, 0x0862, 0x0862, 0x0862, 0x0862, 0x0862, 0x0862, 0x0862, 0x0862, 0x0862, 0x0862,
  0x0862, 0x0862, 0x0862, 0x0862, 0x0862, 0x0862, 0x0862, 0x0862, 0x0862, 0x0862, 0x0862, 0x0862, 0x0862, 0x0862, 0x0862, 0x0862,
  0x0862, 0x0862, 0x0862, 0x0862, 0x0862, 0x0862, 0x0862, 0x0862, 0x0862, 0x0862, 0x0862, 0x0862, 0x0862, 0x0862, 0x0862, 0x0862,
  0x0862, 0x0862, 0x0862, 0x0862, 0x0862, 0x0862, 0x0862, 0x0862, 0x0862, 0x0862, 0x0862, 0x0862, 0x0862, 0x0862, 0x0862, 0x0862,
  0x0862, 0x0862, 0x0862, 0x0862, 0x0862, 0x0862, 0x0862, 0x0862, 0x0862, 0x0862, 0x0862, 0x0862, 0x0862, 0x0862, 0x0862, 0x0862,
  0x0862, 0x0862, 0x0862, 0x0862, 0x0862, 0x0862, 0x0862, 0x0862, 0x0862, 0x0862, 0x0862, 0x0862, 0x0862, 0x0862, 0x0862, 0x0862,
  0x0862, 0x0862, 0x0862, 0x0862, 0x0862, 0x0862, 0x0862, 0x0862, 0x0862, 0x0862, 0x0862, 0x0862, 0x0862, 0x0862, 0x0862, 0x0862,
  0x0862, 0x0862, 0x0862, 0x0862, 0x0862, 0x0862, 0x0862, 0x0862, 0x0862, 0x0862, 0x0862, 0x0862, 0x0862, 0x0862, 0x0862, 0x0862,
  0x0862, 0x0862, 0x0862, 0x0862, 0x0862, 0x0862, 0x0862, 0x0862, 0x0862, 0x0862, 0x0862, 0x0862, 0x0862, 0x0862, 0x0862, 0x0862,
  0x0862, 0x0862, 0x0862, 0x0862, 0x0862, 0x0862, 0x0862, 0x0862, 0x0862, 0x0862, 0x0862, 0x0862, 0x0862, 0x0862, 0x0862, 0x0862,
  0x0862, 0x0862, 0x0862, 0x0862, 0x0862, 0x0862, 0x0862, 0x0862, 0x0862, 0x0862, 0x0862, 0x0862, 0x0862, 0x0862, 0x0862, 0x0862,
  0x0862, 0x0862, 0x0862, 0x0862, 0x0862, 0x0862, 0x0862, 0x0862, 0x0862, 0x0862, 0x0862, 0x0862, 0x0862, 0x0862, 0x0862, 0x0862,
  0x0862, 0x0862, 0x0862, 0x0862, 0x0862, 0x0862, 0x0862, 0x0862, 0x0862, 0x0862, 0x0862, 0x0862, 0x0862, 0x0862, 0x0862, 0x0862,
  0x0862, 0x0862, 0x0862, 0x0862, 0x0862, 0x0862, 0x0862, 0x0862, 0x0862, 0x0862, 0x0862, 0x0862, 0x0862, 0x0862, 0x0862, 0x0862,
  0x0862, 0x0862, 0x0862, 0x0862, 0x0862, 0x0862, 0x0862, 0x0862, 0x0862, 0x0862, 0x0862, 0x0862, 0x0862, 0x0862, 0x0862, 0x0862,
  0x0862, 0x0862, 0x0862, 0x0862, 0x0862, 0x0862, 0x0862, 0x0862, 0x0862, 0x0862, 0x0862, 0x0862, 0x0862, 0x0862, 0x0862, 0x0862,
  0x0862, 0x0862, 0x0862, 0x0862, 0x0862, 0x0862, 0x0862, 0x0862, 0x0862, 0x0862, 0x0862, 0x0862, 0x0862, 0x0862, 0x0862, 0x0862,
  0x0862, 0x0862, 0x0862, 0x0862, 0x0862, 0x0862, 0x0862, 0x0862, 0x0862, 0x0862, 0x0862, 0x0862, 0x0862, 0x0862, 0x0862, 0x0862,
  0x0862, 0x0862, 0x0862, 0x0862, 0x0862, 0x0862, 0x0862, 0x0862, 0x0862, 0x0862, 0x0862, 0x0862, 0x0862, 0x0862, 0x0862, 0x0862,
  0x0862, 0x0862, 0x0862, 0x0862, 0x0862, 0x0862, 0x0862, 0x0862, 0x0862, 0x0862, 0x0862, 0x0862, 0x0862, 0x0862, 0x0862, 0x0862,
  0x0862, 0x0862, 0x0862, 0x0862, 0x0862, 0x0862, 0x0862, 0x0862, 0x0862, 0x0862, 0x0862, 0x0862, 0x0862, 0x0862, 0x0862, 0x0862,
  0x0862, 0x0862, 0x0862, 0x0862, 0x0862, 0x0862, 0x0862, 0x0862, 0x0862, 0x0862, 0x0862, 0x0862, 0x0862, 0x0862, 0x0862, 0x0862,
  0x0862, 0x0862, 0x0862, 0x0862, 0x0862, 0x0862, 0x0862, 0x0862, 0x0862, 0x0862, 0x0862, 0x0862, 0x0862, 0x0862, 0x0862, 0x0862,
  0x0862, 0x0862, 0x0862, 0x0862, 0x0862, 0x0862, 0x0862, 0x0862, 0x0862, 0x0862, 0x0862, 0x0862, 0x0862, 0x0862, 0x0862, 0x0862,
  0x0862, 0x0862, 0x0862, 0x0862, 0x0862, 0x0862, 0x0862, 0x0862, 0x0862, 0x0862, 0x0862, 0x0862, 0x0862, 0x0862, 0x0862, 0x0862,
  0x0862, 0x0862, 0x0862, 0x0862, 0x0862, 0x0862, 0x0862, 0x0862, 0x0862, 0x0862, 0x0862, 0x0862, 0x0862, 0x0862, 0x0862, 0x0862,
  0x0862, 0x0862, 0x0862, 0x0862, 0x0862, 0x0862, 0x0862, 0x0862, 0x0862, 0x0862, 0x0862, 0x0862, 0x0862, 0x0862, 0x0862, 0x0862,
  0x0862, 0x0862, 0x0862, 0x0862, 0x0862, 0x0862, 0x0862, 0x0862, 0x0862, 0x0862, 0x0862, 0x0862, 0x0862, 0x0862, 0x0862, 0x0862,
  0x0862, 0x0862, 0x0862, 0x0862, 0x0862, 0x0862, 0x0862, 0x0862, 0x0862, 0x0862, 0x0862, 0x0862, 0x0862, 0x0862, 0x0862, 0x0862,
  0x0862, 0x0862, 0x0862, 0x0862, 0x0862, 0x0862, 0x0862, 0x0862, 0x0862, 0x0862, 0x0862, 0x0862, 0x0862, 0x0862, 0x0862, 0x0862,
  0x0862, 0x0862, 0x0862, 0x0862, 0x0862, 0x0862, 0x0862, 0x0862, 0x0862, 0x0862, 0x0862, 0x0862, 0x0862, 0x0862, 0x0862, 0x0862,
  0x0862, 0x0862, 0x0862, 0x0862, 0x0862, 0x0862, 0x0862, 0x0862, 0x0862, 0x0862, 0x0862, 0x0862, 0x0862, 0x0862, 0x0862, 0x0862,
  0x0862, 0x0862, 0x0862, 0x0862, 0x0862, 0x0862, 0x0862, 0x0862, 0x0862, 0x0862, 0x0862, 0x0862, 0x0862, 0x0862, 0x0862, 0x0862,
  0x0862, 0x0862, 0x0862, 0x0862, 0x0862, 0x0862, 0x0862, 0x0862, 0x0862, 0x0862, 0x0862, 0x0862, 0x0862, 0x0862, 0x0862, 0x0862,
  0x0862, 0x0862, 0x0862, 0x0862, 0x0862, 0x0862, 0x0862, 0x0862, 0x0862, 0x0862, 0x0862, 0x0862, 0x0862, 0x0862, 0x0862, 0x0862,
  0x0862, 0x0862, 0x0862, 0x0862, 0x0862, 0x0862, 0x0862, 0x0862, 0x0862, 0x0862, 0x0862, 0x0862, 0x0862, 0x0862, 0x0862, 0x0862,
  0x0862, 0x0862, 0x0862, 0x0862, 0x0862, 0x0862, 0x0862, 0x0862, 0x0862, 0x0862, 0x0862, 0x0862, 0x0862, 0x0862, 0x0862, 0x0862,
  0x0862, 0x0862, 0x0862, 0x0862, 0x0862, 0x0862, 0x0862, 0x0862, 0x0862, 0x0862, 0x0862, 0x0862, 0x0862, 0x0862, 0x0862, 0x0862,
  0x0862, 0x0862, 0x0862, 0x0862, 0x0862, 0x0862, 0x0862, 0x0862, 0x0862, 0x0862, 0x0862, 0x0862, 0x0862, 0x0862, 0x0862, 0x0862,
  0x0862, 0x0862, 0x0862, 0x0862, 0x0862, 0x0862, 0x0862, 0x0862, 0x0862, 0x0862, 0x0862, 0x0862, 0x0862, 0x0862, 0x0862, 0x0862,
  0x0862, 0x0862, 0x0862, 0x0862, 0x0862, 0x0862, 0x0862, 0x0862, 0x0862, 0x0862, 0x0862, 0x0862, 0x0862, 0x0862, 0x0862, 0x0862,
  0x0862, 0x0862, 0x0862, 0x0862, 0x0862, 0x0862, 0x0862, 0x0862, 0x0862, 0x0862, 0x0862, 0x0862, 0x0862, 0x0862, 0x0862, 0x0862,
  0x0862, 0x0862, 0x0862, 0x0862, 0x0862, 0x0862, 0x0862, 0x0862, 0x0862, 0x0862, 0x0862, 0x0862, 0x0862, 0x0862, 0x0862, 0x0862,
  0x0862, 0x0862, 0x0862, 0x0862, 0x0862, 0x0862, 0x0862, 0x0862, 0x0862, 0x0862, 0x0862, 0x0862, 0x0862, 0x0862, 0x0862, 0x0862,
  0x0862, 0x0862, 0x0862, 0x0862, 0x0862, 0x0862, 0x0862, 0x0862, 0x0862, 0x0862, 0x0862, 0x0862, 0x0862, 0x0862, 0x0862, 0x0862,
  0x0862, 0x0862, 0x0862, 0x0862, 0x0862, 0x0862, 0x0862, 0x0862, 0x0862, 0x0862, 0x0862, 0x0862, 0x0862, 0x0862, 0x0862, 0x0862,
  0x0862, 0x0862, 0x0862, 0x0862, 0x0862, 0x0862, 0x0862, 0x0862, 0x0862, 0x0862, 0x0862, 0x0862, 0x0862, 0x0862, 0x0862, 0x0862,
  0x0862, 0x0862, 0x0862, 0x0862, 0x0862, 0x0862, 0x0862, 0x0862, 0x0862, 0x0862, 0x0862, 0x0862, 0x0862, 0x0862, 0x0862, 0x0862,
  0x0862, 0x0862, 0x0862, 0x0862, 0x0862, 0x0862, 0x0862, 0x0862, 0x0862, 0x0862, 0x0862, 0x0862, 0x0862, 0x0862, 0x0862, 0x0862,
  0x0862, 0x0862, 0x0862, 0x0862, 0x0862, 0x0862, 0x0862, 0x0862, 0x0862, 0x0862, 0x0862, 0x0862, 0x0862, 0x0862, 0x0862, 0x0862,
  0x0862, 0x0862, 0x0862, 0x0862, 0x0862, 0x0862, 0x0862, 0x0862, 0x0862, 0x0862, 0x0862, 0x0862, 0x0862, 0x0862, 0x0862, 0x0862,
  0x0862, 0x0862, 0x0862, 0x0862, 0x0862, 0x0862, 0x0862, 0x0862, 0x0862, 0x0862, 0x0862, 0x0862, 0x0862, 0x0862, 0x0862, 0x0862,
  0x0862, 0x0862, 0x0862, 0x0862, 0x0862, 0x0862, 0x0862, 0x0862, 0x0862, 0x0862, 0x0862, 0x0862, 0x0862, 0x0862, 0x0862, 0x0862,
  0x0862, 0x0862, 0x0862, 0x0862, 0x0862, 0x0862, 0x0862, 0x0862, 0x0862, 0x0862, 0x0862, 0x0862, 0x0862, 0x0862, 0x0862, 0x0862,
  0x0862, 0x0862, 0x0862, 0x0862, 0x0862, 0x0862, 0x0862, 0x0862, 0x0862, 0x0862, 0x0862, 0x0862, 0x0862, 0x0862, 0x0862, 0x0862,
  0x0862, 0x0862, 0x0862, 0x0862, 0x0862, 0x0862, 0x0862, 0x0862, 0x0862, 0x0862, 0x0862, 0x0862, 0x0862, 0x0862, 0x0862, 0x0862,
  0x0862, 0x0862, 0x0862, 0x0862, 0x0862, 0x0862, 0x0862, 0x0862, 0x0862, 0x0862, 0x0862, 0x0862, 0x0862, 0x0862, 0x0862, 0x0862,
  0x0862, 0x0862, 0x0862, 0x0862, 0x0862, 0x0862, 0x0862, 0x0862, 0x0862, 0x0862, 0x0862, 0x0862, 0x0862, 0x0862, 0x0862, 0x0862,
  0x0862, 0x0862, 0x0862, 0x0862, 0x0862, 0x0862, 0x0862, 0x0862, 0x0862, 0x0862, 0x0862, 0x0862, 0x0862, 0x0862, 0x0862, 0x0862,
  0x0862, 0x0862, 0x0862, 0x0862, 0x0862, 0x0862, 0x0862, 0x0862, 0x0862, 0x0862, 0x0862, 0x0862, 0x0862, 0x0862, 0x0862, 0x0862,
  0x0862, 0x0862, 0x0862, 0x0862, 0x0862, 0x0862, 0x0862, 0x0862, 0x0862, 0x0862, 0x0862, 0x0862, 0x0862, 0x0862, 0x0862, 0x0862,
  0x0862, 0x0862, 0x0862, 0x0862, 0x0862, 0x0862, 0x0862, 0x0862, 0x0862, 0x0862, 0x0862, 0x0862, 0x0862, 0x0862, 0x0862, 0x0862,
  0x0862, 0x0862, 0x0862, 0x0862, 0x0862, 0x0862, 0x0862, 0x0862, 0x0862, 0x0862, 0x0862, 0x0862, 0x0862, 0x0862, 0x0862, 0x0862,
  0x0862, 0x0862, 0x0862, 0x0862, 0x0862, 0x0862, 0x0862, 0x0862, 0x0862, 0x0862, 0x0862, 0x0862, 0x0862, 0x0862, 0x0862, 0x0862,
  0x0862, 0x0862, 0x0862, 0x0862, 0x0862, 0x0862, 0x0862, 0x0862, 0x0862, 0x0862, 0x0862, 0x0862, 0x0862, 0x0862, 0x0862, 0x0862,
  0x0862, 0x0862, 0x0862, 0x0862, 0x0862, 0x0862, 0x0862, 0x0862, 0x0862, 0x0862, 0x0862, 0x0862, 0x0862, 0x0862, 0x0862, 0x0862,
  0x0862, 0x0862, 0x0862, 0x0862, 0x0862, 0x0862, 0x0862, 0x0862, 0x0862, 0x0862, 0x0862, 0x0862, 0x0862, 0x0862, 0x0862, 0x0862,
  0x0862, 0x0862, 0x0862, 0x0862, 0x0862, 0x0862, 0x0862, 0x0862, 0x0862, 0x0862, 0x0862, 0x0862, 0x0862, 0x0862, 0x0862, 0x0862,
  0x0862, 0x0862, 0x0862, 0x0862, 0x0862, 0x0862, 0x0862, 0x0862, 0x0862, 0x0862, 0x0862, 0x0862, 0x0862, 0x0862, 0x0862, 0x0862,
  0x0862, 0x0862, 0x0862, 0x0862, 0x0862, 0x0862, 0x0862, 0x0862, 0x0862, 0x0862, 0x0862, 0x0862, 0x0862, 0x0862, 0x0862, 0x0862,
  0x0862, 0x0862, 0x0862, 0x0862, 0x0862, 0x0862, 0x0862, 0x0862, 0x0862, 0x0862, 0x0862, 0x0862, 0x0862, 0x0862, 0x0862, 0x0862,
  0x0862, 0x0862, 0x0862, 0x0862, 0x0862, 0x0862, 0x0862, 0x0862, 0x0862, 0x0862, 0x0862, 0x0862, 0x0862, 0x0862, 0x0862, 0x0862,
  0x0862, 0x0862, 0x0862, 0x0862, 0x0862, 0x0862, 0x0862, 0x0862, 0x0862, 0x0862, 0x0862, 0x0862, 0x0862, 0x0862, 0x0862, 0x0862,
  0x0862, 0x0862, 0x0862, 0x0862, 0x0862, 0x0862, 0x0862, 0x0862, 0x0862, 0x0862, 0x0862, 0x0862, 0x0862, 0x0862, 0x0862, 0x0862,
  0x0862, 0x0862, 0x0862, 0x0862, 0x0862, 0x0862, 0x0862, 0x0862, 0x0862, 0x0862, 0x0862, 0x0862, 0x0862, 0x0862, 0x0862, 0x0862,
  0x0862, 0x0862, 0x0862, 0x0862, 0x0862, 0x0862, 0x0862, 0x0862, 0x0862, 0x0862, 0x0862, 0x0862, 0x0862, 0x0862, 0x0862, 0x0862,
  0x0862, 0x0862, 0x0862, 0x0862, 0x0862, 0x0862, 0x0862, 0x0862, 0x0862, 0x0862, 0x0862, 0x0862, 0x0862, 0x0862, 0x0862, 0x0862,
  0x0862, 0x0862, 0x0862, 0x0862, 0x0862, 0x0862, 0x0862, 0x0862, 0x0862, 0x0862, 0x0862, 0x0862, 0x0862, 0x0862, 0x0862, 0x0862,
  0x0862, 0x0862, 0x0862, 0x0862, 0x0862, 0x0862, 0x0862, 0x0862, 0x0862, 0x0862, 0x0862, 0x0862, 0x0862, 0x0862, 0x0862, 0x0862,
  0x0862, 0x0862, 0x0862, 0x0862, 0x0862, 0x0862, 0x0862, 0x0862, 0x0862, 0x0862, 0x0862, 0x0862, 0x0862, 0x0862, 0x0862, 0x0862,
  0x0862, 0x0862, 0x0862, 0x0862, 0x0862, 0x0862, 0x0862, 0x0862, 0x0862, 0x0862, 0x0862, 0x0862, 0x0862, 0x0862, 0x0862, 0x0862,
  0x0862, 0x0862, 0x0862, 0x0862, 0x0862, 0x0862, 0x0862, 0x0862, 0x0862, 0x0862, 0x0862, 0x0862, 0x0862, 0x0862, 0x0862, 0x0862,
  0x0862, 0x0862, 0x0862, 0x0862, 0x0862, 0x0862, 0x0862, 0x0862, 0x0862, 0x0862, 0x0862, 0x0862, 0x0862, 0x0862, 0x0862, 0x0862,
  0x0862, 0x0862, 0x0862, 0x0862, 0x0862, 0x0862, 0x0862, 0x0862, 0x0862, 0x0862, 0x0862, 0x0862, 0x0862, 0x0862, 0x0862, 0x0862,
  0x0862, 0x0862, 0x0862, 0x0862, 0x0862, 0x0862, 0x0862, 0x0862, 0x0862, 0x0862, 0x0862, 0x0862, 0x0862, 0x0862, 0x0862, 0x0862,
  0x0862, 0x0862, 0x0862, 0x0862, 0x0862, 0x0862, 0x0862, 0x0862, 0x0862, 0x0862, 0x0862, 0x0862, 0x0862, 0x0862, 0x0862, 0x0862,
  0x0862, 0x0862, 0x0862, 0x0862, 0x0862, 0x0862, 0x0862, 0x0862, 0x0862, 0x0862, 0x0862, 0x0862, 0x0862, 0x0862, 0x0862, 0x0862,
  0x0862, 0x0862, 0x0862, 0x0862, 0x0862, 0x0862, 0x0862, 0x0862, 0x0862, 0x0862, 0x0862, 0x0862, 0x0862, 0x0862, 0x0862, 0x0862,
  0x0862, 0x0862, 0x0862, 0x0862, 0x0862, 0x0862, 0x0862, 0x0862, 0x0862, 0x0862, 0x0862, 0x0862, 0x0862, 0x0862, 0x0862, 0x0862,
  0x0862, 0x0862, 0x0862, 0x0862, 0x0862, 0x0862, 0x0862, 0x0862, 0x0862, 0x0862, 0x0862, 0x0862, 0x0862, 0x0862, 0x0862, 0x0862,
  0x0862, 0x0862, 0x0862, 0x0862, 0x0862, 0x0862, 0x0862, 0x0862, 0x0862, 0x0862, 0x0862, 0x0862, 0x0862, 0x0862, 0x0862, 0x0862,
  0x0862, 0x0862, 0x0862, 0x0862, 0x0862, 0x0862, 0x0862, 0x0862, 0x0862, 0x0862, 0x0862, 0x0862, 0x0862, 0x0862, 0x0862, 0x0862,
  0x0862, 0x0862, 0x0862, 0x0862, 0x0862, 0x0862, 0x0862, 0x0862, 0x0862, 0x0862, 0x0862, 0x0862, 0x0862, 0x0862, 0x0862, 0x0862,
  0x0862, 0x0862, 0x0862, 0x0862, 0x0862, 0x0862, 0x0862, 0x0862, 0x0862, 0x0862, 0x0862, 0x0862, 0x0862, 0x0862, 0x0862, 0x0862,
  0x0862, 0x0862, 0x0862, 0x0862, 0x0862, 0x0862, 0x0862, 0x0862, 0x0862, 0x0862, 0x0862, 0x0862, 0x0862, 0x0862, 0x0862, 0x0862,
  0x0862, 0x0862, 0x0862, 0x0862, 0x0862, 0x0862, 0x0862, 0x0862, 0x0862, 0x0862, 0x0862, 0x0862, 0x0862, 0x0862, 0x0862, 0x0862,
  0x0862, 0x0862, 0x0862, 0x0862, 0x0862, 0x0862, 0x0862, 0x0862, 0x0862, 0x0862, 0x0862, 0x0862, 0x0862, 0x0862, 0x0862, 0x0862,
  0x0862, 0x0862, 0x0862, 0x0862, 0x0862, 0x0862, 0x0862, 0x0862, 0x0862, 0x0862, 0x0862, 0x0862, 0x0862, 0x0862, 0x0862, 0x0862,
  0x0862, 0x0862, 0x0862, 0x0862, 0x0862, 0x0862, 0x0862, 0x0862, 0x0862, 0x0862, 0x0862, 0x0862, 0x0862, 0x0862, 0x0862, 0x0862,
  0x0862, 0x0862, 0x0862, 0x0862, 0x0862, 0x0862, 0x0862, 0x0862, 0x0862, 0x0862, 0x0862, 0x0862, 0x0862, 0x0862, 0x0862, 0x0862,
  0x0862, 0x0862, 0x0862, 0x0862, 0x0862, 0x0862, 0x0862, 0x0862, 0x0862, 0x0862, 0x0862, 0x0862, 0x0862, 0x0862, 0x0862, 0x0862,
  0x0862, 0x0862, 0x0862, 0x0862, 0x0862, 0x0862, 0x0862, 0x0862, 0x0862, 0x0862, 0x0862, 0x0862, 0x0862, 0x0862, 0x0862, 0x0862,
  0x0862, 0x0862, 0x0862, 0x0862, 0x0862, 0x0862, 0x0862, 0x0862, 0x0862, 0x0862, 0x0862, 0x0862, 0x0862, 0x0862, 0x0862, 0x0862,
  0x0862, 0x0862, 0x0862, 0x0862, 0x0862, 0x0862, 0x0862, 0x0862, 0x0862, 0x0862, 0x0862, 0x0862, 0x0862, 0x0862, 0x0862, 0x0862,
  0x0862, 0x0862, 0x0862, 0x0862, 0x0862, 0x0862, 0x0862, 0x0862, 0x0862, 0x0862, 0x0862, 0x0862, 0x0862, 0x0862, 0x0862, 0x0862,
  0x0862, 0x0862, 0x0862, 0x0862, 0x0862, 0x0862, 0x0862, 0x0862, 0x0862, 0x0862, 0x0862, 0x0862, 0x0862, 0x0862, 0x0862, 0x0862,
  0x0862, 0x0862, 0x0862, 0x0862, 0x0862, 0x0862, 0x0862, 0x0862, 0x0862, 0x0862, 0x0862, 0x0862, 0x0862, 0x0862, 0x0862, 0x0862,
  0x0862, 0x0862, 0x0862, 0x0862, 0x0862, 0x0862, 0x0862, 0x0862, 0x0862, 0x0862, 0x0862, 0x0862, 0x0862, 0x0862, 0x0862, 0x0862,
  0x0862, 0x0862, 0x0862, 0x0862, 0x0862, 0x0862, 0x0862, 0x0862, 0x0862, 0x0862, 0x0862, 0x0862, 0x0862, 0x0862, 0x0862, 0x0862,
  0x0862, 0x0862, 0x0862, 0x0862, 0x0862, 0x0862, 0x0862, 0x0862, 0x0862, 0x0862, 0x0862, 0x0862, 0x0862, 0x0862, 0x0862, 0x0862,
  0x0862, 0x0862, 0x0862, 0x0862, 0x0862, 0x0862, 0x0862, 0x0862, 0x0862, 0x0862, 0x0862, 0x0862, 0x0862, 0x0862, 0x0862, 0x0862,
  0x0862, 0x0862, 0x0862, 0x0862, 0x0862, 0x0862, 0x0862, 0x0862, 0x0862, 0x0862, 0x0862, 0x0862, 0x0862, 0x0862, 0x0862, 0x0862,
  0x0862, 0x0862, 0x0862, 0x0862, 0x0862, 0x0862, 0x0862, 0x0862, 0x0862, 0x0862, 0x0862, 0x0862, 0x0862, 0x0862, 0x0862, 0x0862,
  0x0862, 0x0862, 0x0862, 0x0862, 0x0862, 0x0862, 0x0862, 0x0862, 0x0862, 0x0862, 0x0862, 0x0862, 0x0862, 0x0862, 0x0862, 0x0862,
  0x0862, 0x0862, 0x0862, 0x0862, 0x0862, 0x0862, 0x0862, 0x0862, 0x0862, 0x0862, 0x0862, 0x0862, 0x0862, 0x0862, 0x0862, 0x0862,
  0x0862, 0x0862, 0x0862, 0x0862, 0x0862, 0x0862, 0x0862, 0x0862, 0x0862, 0x0862, 0x0862, 0x0862, 0x0862, 0x0862, 0x0862, 0x0862,
  0x0862, 0x0862, 0x0862, 0x0862, 0x0862, 0x0862, 0x0862, 0x0862, 0x0862, 0x0862, 0x0862, 0x0862, 0x0862, 0x0862, 0x0862, 0x0862,
  0x0862, 0x0862, 0x0862, 0x0862, 0x0862, 0x0862, 0x0862, 0x0862, 0x0862, 0x0862, 0x0862, 0x0862, 0x0862, 0x0862, 0x0862, 0x0862,
  0x0862, 0x0862, 0x0862, 0x0862, 0x0862, 0x0862, 0x0862, 0x0862, 0x0862, 0x0862, 0x0862, 0x0862, 0x0862, 0x0862, 0x0862, 0x0862,
  0x0862, 0x0862, 0x0862, 0x0862, 0x0862, 0x0862, 0x0862, 0x0862, 0x0862, 0x0862, 0x0862, 0x0862, 0x0862, 0x0862, 0x0862, 0x0862,
  0x0862, 0x0862, 0x0862, 0x0862, 0x0862, 0x0862, 0x0862, 0x0862, 0x0862, 0x0862, 0x0862, 0x0862, 0x0862, 0x0862, 0x0862, 0x0862,
  0x0862, 0x0862, 0x0862, 0x0862, 0x0862, 0x0862, 0x0862, 0x0862, 0x0862, 0x0862, 0x0862, 0x0862, 0x0862, 0x0862, 0x0862, 0x0862,
  0x0862, 0x0862, 0x0862, 0x0862, 0x0862, 0x0862, 0x0862, 0x0862, 0x0862, 0x0862, 0x0862, 0x0862, 0x0862, 0x0862, 0x0862, 0x0862,
  0x0862, 0x0862, 0x0862, 0x0862, 0x0862, 0x0862, 0x0862, 0x0862, 0x0862, 0x0862, 0x0862, 0x0862, 0x0862, 0x0862, 0x0862, 0x0862,
  0x0862, 0x0862, 0x0862, 0x0862, 0x0862, 0x0862, 0x0862, 0x0862, 0x0862, 0x0862, 0x0862, 0x0862, 0x0862, 0x0862, 0x0862, 0x0862,
  0x0862, 0x0862, 0x0862, 0x0862, 0x0862, 0x0862, 0x0862, 0x0862, 0x0862, 0x0862, 0x0862, 0x0862, 0x0862, 0x0862, 0x0862, 0x0862,
  0x0862, 0x0862, 0x0862, 0x0862, 0x0862, 0x0862, 0x0862, 0x0862, 0x0862, 0x0862, 0x0862, 0x0862, 0x0862, 0x0862, 0x0862, 0x0862,
  0x0862, 0x0862, 0x0862, 0x0862, 0x0862, 0x0862, 0x0862, 0x0862, 0x0862, 0x0862, 0x0862, 0x0862, 0x0862, 0x0862, 0x0862, 0x0862,
  0x0862, 0x0862, 0x0862, 0x0862, 0x0862, 0x0862, 0x0862, 0x0862, 0x0862, 0x0862, 0x0862, 0x0862, 0x0862, 0x0862, 0x0862, 0x0862,
  0x0862, 0x0862, 0x0862, 0x0862, 0x0862, 0x0862, 0x0862, 0x0862, 0x0862, 0x0862, 0x0862, 0x0862, 0x0862, 0x0862, 0x0862, 0x0862,
  0x0862, 0x0862, 0x0862, 0x0862, 0x0862, 0x0862, 0x0862, 0x0862, 0x0862, 0x0862, 0x0862, 0x0862, 0x0862, 0x0862, 0x0862, 0x0862,
  0x0862, 0x0862, 0x0862, 0x0862, 0x0862, 0x0862, 0x0862, 0x0862, 0x0862, 0x0862, 0x0862, 0x0862, 0x0862, 0x0862, 0x0862, 0x0862,
  0x0862, 0x0862, 0x0862, 0x0862, 0x0862, 0x0862, 0x0862, 0x0862, 0x0862, 0x0862, 0x0862, 0x0862, 0x0862, 0x0862, 0x0862, 0x0862,
  0x0862, 0x0862, 0x0862, 0x0862, 0x0862, 0x0862, 0x0862, 0x0862, 0x0862, 0x0862, 0x0862, 0x0862, 0x0862, 0x0862, 0x0862, 0x0862,
  0x0862, 0x0862, 0x0862, 0x0862, 0x0862, 0x0862, 0x0862, 0x0862, 0x0862, 0x0862, 0x0862, 0x0862, 0x0862, 0x0862, 0x0862, 0x0862,
  0x0862, 0x0862, 0x0862, 0x0862, 0x0862, 0x0862, 0x0862, 0x0862, 0x0862, 0x0862, 0x0862, 0x0862, 0x0862, 0x0862, 0x0862, 0x0862,
  0x0862, 0x0862, 0x0862, 0x0862, 0x0862, 0x0862, 0x0862, 0x0862, 0x0862, 0x0862, 0x0862, 0x0862, 0x0862, 0x0862, 0x0862, 0x0862,
  0x0862, 0x0862, 0x0862, 0x0862, 0x0862, 0x0862, 0x0862, 0x0862, 0x0862, 0x0862, 0x0862, 0x0862, 0x0862, 0x0862, 0x0862, 0x0862,
  0x0862, 0x0862, 0x0862, 0x0862, 0x0862, 0x0862, 0x0862, 0x0862, 0x0862, 0x0862, 0x0862, 0x0862, 0x0862, 0x0862, 0x0862, 0x0862,
  0x0862, 0x0862, 0x0862, 0x0862, 0x0862, 0x0862, 0x0862, 0x0862, 0x0862, 0x0862, 0x0862, 0x0862, 0x0862, 0x0862, 0x0862, 0x0862,
  0x0862, 0x0862, 0x0862, 0x0862, 0x0862, 0x0862, 0x0862, 0x0862, 0x0862, 0x0862, 0x0862, 0x0862, 0x0862, 0x0862, 0x0862, 0x0862,
  0x0862, 0x0862, 0x0862, 0x0862, 0x0862, 0x0862, 0x0862, 0x0862, 0x0862, 0x0862, 0x0862, 0x0862, 0x0862, 0x0862, 0x0862, 0x0862,
  0x0862, 0x0862, 0x0862, 0x0862, 0x0862, 0x0862, 0x0862, 0x0862, 0x0862, 0x0862, 0x0862, 0x0862, 0x0862, 0x0862, 0x0862, 0x0862,
  0x0862, 0x0862, 0x0862, 0x0862, 0x0862, 0x0862, 0x0862, 0x0862, 0x0862, 0x0862, 0x0862, 0x0862, 0x0862, 0x0862, 0x0862, 0x0862,
  0x0862, 0x0862, 0x0862, 0x0862, 0x0862, 0x0862, 0x0862, 0x0862, 0x0862, 0x0862, 0x0862, 0x0862, 0x0862, 0x0862, 0x0862, 0x0862,
  0x0862, 0x0862, 0x0862, 0x0862, 0x0862, 0x0862, 0x0862, 0x0862, 0x0862, 0x0862, 0x0862, 0x0862, 0x0862, 0x0862, 0x0862, 0x0862,
  0x0862, 0x0862, 0x0862, 0x0862, 0x0862, 0x0862, 0x0862, 0x0862, 0x0862, 0x0862, 0x0862, 0x0862, 0x0862, 0x0862, 0x0862, 0x0862,
  0x0862, 0x0862, 0x0862, 0x0862, 0x0862, 0x0862, 0x0862, 0x0862, 0x0862, 0x0862, 0x0862, 0x0862, 0x0862, 0x0862, 0x0862, 0x0862,
  0x0862, 0x0862, 0x0862, 0x0862, 0x0862, 0x0862, 0x0862, 0x0862, 0x0862, 0x0862, 0x0862, 0x0862, 0x0862, 0x0862, 0x0862, 0x0862,
  0x0862, 0x0862, 0x0862, 0x0862, 0x0862, 0x0862, 0x0862, 0x0862, 0x0862, 0x0862, 0x0862, 0x0862, 0x0862, 0x0862, 0x0862, 0x0862,
  0x0862, 0x0862, 0x0862, 0x0862, 0x0862, 0x0862, 0x0862, 0x0862, 0x0862, 0x0862, 0x0862, 0x0862, 0x0862, 0x0862, 0x0862, 0x0862,
  0x0862, 0x0862, 0x0862, 0x0862, 0x0862, 0x0862, 0x0862, 0x0862, 0x0862, 0x0862, 0x0862, 0x0862, 0x0862, 0x0862, 0x0862, 0x0862,
  0x0862, 0x0862, 0x0862, 0x0862, 0x0862, 0x0862, 0x0862, 0x0862, 0x0862, 0x0862, 0x0862, 0x0862, 0x0862, 0x0862, 0x0862, 0x0862,
  0x0862, 0x0862, 0x0862, 0x0862, 0x0862, 0x0862, 0x0862, 0x0862, 0x0862, 0x0862, 0x0862, 0x0862, 0x0862, 0x0862, 0x0862, 0x0862,
  0x0862, 0x0862, 0x0862, 0x0862, 0x0862, 0x0862, 0x0862, 0x0862, 0x0862, 0x0862, 0x0862, 0x0862, 0x0862, 0x0862, 0x0862, 0x0862,
  0x0862, 0x0862, 0x0862, 0x0862, 0x0862, 0x0862, 0x0862, 0x0862, 0x0862, 0x0862, 0x0862, 0x0862, 0x0862, 0x0862, 0x0862, 0x0862,
  0x0862, 0x0862, 0x0862, 0x0862, 0x0862, 0x0862, 0x0862, 0x0862, 0x0862, 0x0862, 0x0862, 0x0862, 0x0862, 0x0862, 0x0862, 0x0862,
  0x0862, 0x0862, 0x0862, 0x0862, 0x0862, 0x0862, 0x0862, 0x0862, 0x0862, 0x0862, 0x0862, 0x0862, 0x0862, 0x0862, 0x0862, 0x0862,
  0x0862, 0x0862, 0x0862, 0x0862, 0x0862, 0x0862, 0x0862, 0x0862, 0x0862, 0x0862, 0x0862, 0x0862, 0x0862, 0x0862, 0x0862, 0x0862,
  0x0862, 0x0862, 0x0862, 0x0862, 0x0862, 0x0862, 0x0862, 0x0862, 0x0862, 0x0862, 0x0862, 0x0862, 0x0862, 0x0862, 0x0862, 0x0862,
  0x0862, 0x0862, 0x0862, 0x0862, 0x0862, 0x0862, 0x0862, 0x0862, 0x0862, 0x0862, 0x0862, 0x0862, 0x0862, 0x0862, 0x0862, 0x0862,
  0x0862, 0x0862, 0x0862, 0x0862, 0x0862, 0x0862, 0x0862, 0x0862, 0x0862, 0x0862, 0x0862, 0x0862, 0x0862, 0x0862, 0x0862, 0x0862,
  0x0862, 0x0862, 0x0862, 0x0862, 0x0862, 0x0862, 0x0862, 0x0862, 0x0862, 0x0862, 0x0862, 0x0862, 0x0862, 0x0862, 0x0862, 0x0862,
  0x0862, 0x0862, 0x0862, 0x0862, 0x0862, 0x0862, 0x0862, 0x0862, 0x0862, 0x0862, 0x0862, 0x0862, 0x0862, 0x0862, 0x0862, 0x0862,
  0x0862, 0x0862, 0x0862, 0x0862, 0x0862, 0x0862, 0x0862, 0x0862, 0x0862, 0x0862, 0x0862, 0x0862, 0x0862, 0x0862, 0x0862, 0x0862,
  0x0862, 0x0862, 0x0862, 0x0862, 0x0862, 0x0862, 0x0862, 0x0862, 0x0862, 0x0862, 0x0862, 0x0862, 0x0862, 0x0862, 0x0862, 0x0862,
  0x0862, 0x0862, 0x0862, 0x0862, 0x0862, 0x0862, 0x0862, 0x0862, 0x0862, 0x0862, 0x0862, 0x0862, 0x0862, 0x0862, 0x0862, 0x0862,
  0x0862, 0x0862, 0x0862, 0x0862, 0x0862, 0x0862, 0x0862, 0x0862, 0x0862, 0x0862, 0x0862, 0x0862, 0x0862, 0x0862, 0x0862, 0x0862,
  0x0862, 0x0862, 0x0862, 0x0862, 0x0862, 0x0862, 0x0862, 0x0862, 0x0862, 0x0862, 0x0862, 0x0862, 0x0862, 0x0862, 0x0862, 0x0862,
  0x0862, 0x0862, 0x0862, 0x0862, 0x0862, 0x0862, 0x0862, 0x0862, 0x0862, 0x0862, 0x0862, 0x0862, 0x0862, 0x0862, 0x0862, 0x0862,
  0x0862, 0x0862, 0x0862, 0x0862, 0x0862, 0x0862, 0x0862, 0x0862, 0x0862, 0x0862, 0x0862, 0x0862, 0x0862, 0x0862, 0x0862, 0x0862,
  0x0862, 0x0862, 0x0862, 0x0862, 0x0862, 0x0862, 0x0862, 0x0862, 0x0862, 0x0862, 0x0862, 0x0862, 0x0862, 0x0862, 0x0862, 0x0862,
  0x0862, 0x0862, 0x0862, 0x0862, 0x0862, 0x0862, 0x0862, 0x0862, 0x0862, 0x0862, 0x0862, 0x0862, 0x0862, 0x0862, 0x0862, 0x0862,
  0x0862, 0x0862, 0x0862, 0x0862, 0x0862, 0x0862, 0x0862, 0x0862, 0x0862, 0x0862, 0x0862, 0x0862, 0x0862, 0x0862, 0x0862, 0x0862,
  0x0862, 0x0862, 0x0862, 0x0862, 0x0862, 0x0862, 0x0862, 0x0862, 0x0862, 0x0862, 0x0862, 0x0862, 0x0862, 0x0862, 0x0862, 0x0862,
  0x0862, 0x0862, 0x0862, 0x0862, 0x0862, 0x0862, 0x0862, 0x0862, 0x0862, 0x0862, 0x0862, 0x0862, 0x0862, 0x0862, 0x0862, 0x0862,
  0x0862, 0x0862, 0x0862, 0x0862, 0x0862, 0x0862, 0x0862, 0x0862, 0x0862, 0x0862, 0x0862, 0x0862, 0x0862, 0x0862, 0x0862, 0x0862,
  0x0862, 0x0862, 0x0862, 0x0862, 0x0862, 0x0862, 0x0862, 0x0862, 0x0862, 0x0862, 0x0862, 0x0862, 0x0862, 0x0862, 0x0862, 0x0862,
  0x0862, 0x0862, 0x0862, 0x0862, 0x0862, 0x0862, 0x0862, 0x0862, 0x0862, 0x0862, 0x0862, 0x0862, 0x0862, 0x0862, 0x0862, 0x0862,
  0x0862, 0x0862, 0x0862, 0x0862, 0x0862, 0x0862, 0x0862, 0x0862, 0x0862, 0x0862, 0x0862, 0x0862, 0x0862, 0x0862, 0x0862, 0x0862,
  0x0862, 0x0862, 0x0862, 0x0862, 0x0862, 0x0862, 0x0862, 0x0862, 0x0862, 0x0862, 0x0862, 0x0862, 0x0862, 0x0862, 0x0862, 0x0862,
  0x0862, 0x0862, 0x0862, 0x0862, 0x0862, 0x0862, 0x0862, 0x0862, 0x0862, 0x0862, 0x0862, 0x0862, 0x0862, 0x0862, 0x0862, 0x0862,
  0x0862, 0x0862, 0x0862, 0x0862, 0x0862, 0x0862, 0x0862, 0x0862, 0x0862, 0x0862, 0x0862, 0x0862, 0x0862, 0x0862, 0x0862, 0x0862,
  0x0862, 0x0862, 0x0862, 0x0862, 0x0862, 0x0862, 0x0862, 0x0862, 0x0862, 0x0862, 0x0862, 0x0862, 0x0862, 0x0862, 0x0862, 0x0862,
  0x0862, 0x0862, 0x0862, 0x0862, 0x0862, 0x0862, 0x0862, 0x0862, 0x0862, 0x0862, 0x0862, 0x0862, 0x0862, 0x0862, 0x0862, 0x0862,
  0x0862, 0x0862, 0x0862, 0x0862, 0x0862, 0x0862, 0x0862, 0x0862, 0x0862, 0x0862, 0x0862, 0x0862, 0x0862, 0x0862, 0x0862, 0x0862,
  0x0862, 0x0862, 0x0862, 0x0862, 0x0862, 0x0862, 0x0862, 0x0862, 0x0862, 0x0862, 0x0862, 0x0862, 0x0862, 0x0862, 0x0862, 0x0862,
  0x0862, 0x0862, 0x0862, 0x0862, 0x0862, 0x0862, 0x0862, 0x0862, 0x0862, 0x0862, 0x0862, 0x0862, 0x0862, 0x0862, 0x0862, 0x0862,
  0x0862, 0x0862, 0x0862, 0x0862, 0x0862, 0x0862, 0x0862, 0x0862, 0x0862, 0x0862, 0x0862, 0x0862, 0x0862, 0x0862, 0x0862, 0x0862,
  0x0862, 0x0862, 0x0862, 0x0862, 0x0862, 0x0862, 0x0862, 0x0862, 0x0862, 0x0862, 0x0862, 0x0862, 0x0862, 0x0862, 0x0862, 0x0862,
  0x0862, 0x0862, 0x0862, 0x0862, 0x0862, 0x0862, 0x0862, 0x0862, 0x0862, 0x0862, 0x0862, 0x0862, 0x0862, 0x0862, 0x0862, 0x0862,
  0x0862, 0x0862, 0x0862, 0x0862, 0x0862, 0x0862, 0x0862, 0x0862, 0x0862, 0x0862, 0x0862, 0x0862, 0x0862, 0x0862, 0x0862, 0x0862,
  0x0862, 0x0862, 0x0862, 0x0862, 0x0862, 0x0862, 0x0862, 0x0862, 0x0862, 0x0862, 0x0862, 0x0862, 0x0862, 0x0862, 0x0862, 0x0862,
  0x0862, 0x0862, 0x0862, 0x0862, 0x0862, 0x0862, 0x0862, 0x0862, 0x0862, 0x0862, 0x0862, 0x0862, 0x0862, 0x0862, 0x0862, 0x0862,
  0x0862, 0x0862, 0x0862, 0x0862, 0x0862, 0x0862, 0x0862, 0x0862, 0x0862, 0x0862, 0x0862, 0x0862, 0x0862, 0x0862, 0x0862, 0x0862,
  0x0862, 0x0862, 0x0862, 0x0862, 0x0862, 0x0862, 0x0862, 0x0862, 0x0862, 0x0862, 0x0862, 0x0862, 0x0862, 0x0862, 0x0862, 0x0862,
  0x0862, 0x0862, 0x0862, 0x0862, 0x0862, 0x0862, 0x0862, 0x0862, 0x0862, 0x0862, 0x0862, 0x0862, 0x0862, 0x0862, 0x0862, 0x0862,
  0x0862, 0x0862, 0x0862, 0x0862, 0x0862, 0x0862, 0x0862, 0x0862, 0x0862, 0x0862, 0x0862, 0x0862, 0x0862, 0x0862, 0x0862, 0x0862,
  0x0862, 0x0862, 0x0862, 0x0862, 0x0862, 0x0862, 0x0862, 0x0862, 0x0862, 0x0862, 0x0862, 0x0862, 0x0862, 0x0862, 0x0862, 0x0862,
  0x0862, 0x0862, 0x0862, 0x0862, 0x0862, 0x0862, 0x0862, 0x0862, 0x0862, 0x0862, 0x0862, 0x0862, 0x0862, 0x0862, 0x0862, 0x0862,
  0x0862, 0x0862, 0x0862, 0x0862, 0x0862, 0x0862, 0x0862, 0x0862, 0x0862, 0x0862, 0x0862, 0x0862, 0x0862, 0x0862, 0x0862, 0x0862,
  0x0862, 0x0862, 0x0862, 0x0862, 0x0862, 0x0862, 0x0862, 0x0862, 0x0862, 0x0862, 0x0862, 0x0862, 0x0862, 0x0862, 0x0862, 0x0862,
  0x0862, 0x0862, 0x0862, 0x0862, 0x0862, 0x0862, 0x0862, 0x0862, 0x0862, 0x0862, 0x0862, 0x0862, 0x0862, 0x0862, 0x0862, 0x0862,
  0x0862, 0x0862, 0x0862, 0x0862, 0x0862, 0x0862, 0x0862, 0x0862, 0x0862, 0x0862, 0x0862, 0x0862, 0x0862, 0x0862, 0x0862, 0x0862,
  0x0862, 0x0862, 0x0862, 0x0862, 0x0862, 0x0862, 0x0862, 0x0862, 0x0862, 0x0862, 0x0862, 0x0862, 0x0862, 0x0862, 0x0862, 0x0862,
  0x0862, 0x0862, 0x0862, 0x0862, 0x0862, 0x0862, 0x0862, 0x0862, 0x0862, 0x0862, 0x0862, 0x0862, 0x0862, 0x0862, 0x0862, 0x0862,
  0x0862, 0x0862, 0x0862, 0x0862, 0x0862, 0x0862, 0x0862, 0x0862, 0x0862, 0x0862, 0x0862, 0x0862, 0x0862, 0x0862, 0x0862, 0x0862,
  0x0862, 0x0862, 0x0862, 0x0862, 0x0862, 0x0862, 0x0862, 0x0862, 0x0862, 0x0862, 0x0862, 0x0862, 0x0862, 0x0862, 0x0862, 0x0862,
  0x0862, 0x0862, 0x0862, 0x0862, 0x0862, 0x0862, 0x0862, 0x0862, 0x0862, 0x0862, 0x0862, 0x0862, 0x0862, 0x0862, 0x0862, 0x0862,
  0x0862, 0x0862, 0x0862, 0x0862, 0x0862, 0x0862, 0x0862, 0x0862, 0x0862, 0x0862, 0x0862, 0x0862, 0x0862, 0x0862, 0x0862, 0x0862,
  0x0862, 0x0862, 0x0862, 0x0862, 0x0862, 0x0862, 0x0862, 0x0862, 0x0862, 0x0862, 0x0862, 0x0862, 0x0862, 0x0862, 0x0862, 0x0862,
  0x0862, 0x0862, 0x0862, 0x0862, 0x0862, 0x0862, 0x0862, 0x0862, 0x0862, 0x0862, 0x0862, 0x0862, 0x0862, 0x0862, 0x0862, 0x0862,
  0x0862, 0x0862, 0x0862, 0x0862, 0x0862, 0x0862, 0x0862, 0x0862, 0x0862, 0x0862, 0x0862, 0x0862, 0x0862, 0x0862, 0x0862, 0x0862,
  0x0862, 0x0862, 0x0862, 0x0862, 0x0862, 0x0862, 0x0862, 0x0862, 0x0862, 0x0862, 0x0862, 0x0862, 0x0862, 0x0862, 0x0862, 0x0862,
  0x0862, 0x0862, 0x0862, 0x0862, 0x0862, 0x0862, 0x0862, 0x0862, 0x0862, 0x0862, 0x0862, 0x0862, 0x0862, 0x0862, 0x0862, 0x0862,
  0x0862, 0x0862, 0x0862, 0x0862, 0x0862, 0x0862, 0x0862, 0x0862, 0x0862, 0x0862, 0x0862, 0x0862, 0x0862, 0x0862, 0x0862, 0x0862,
  0x0862, 0x0862, 0x0862, 0x0862, 0x0862, 0x0862, 0x0862, 0x0862, 0x0862, 0x0862, 0x0862, 0x0862, 0x0862, 0x0862, 0x0862, 0x0862,
  0x0862, 0x0862, 0x0862, 0x0862, 0x0862, 0x0862, 0x0862, 0x0862, 0x0862, 0x0862, 0x0862, 0x0862, 0x0862, 0x0862, 0x0862, 0x0862,
  0x0862, 0x0862, 0x0862, 0x0862, 0x0862, 0x0862, 0x0862, 0x0862, 0x0862, 0x0862, 0x0862, 0x0862, 0x0862, 0x0862, 0x0862, 0x0862,
  0x0862, 0x0862, 0x0862, 0x0862, 0x0862, 0x0862, 0x0862, 0x0862, 0x0862, 0x0862, 0x0862, 0x0862, 0x0862, 0x0862, 0x0862, 0x0862,
};

const tgx::Image<tgx::RGB565> splash565(
    reinterpret_cast<const tgx::RGB565 *>(splash565_data), 320, 240);
